worker_id,city_risk_index,rainfall_last_3day_avg,flood_zone_flag,traffic_peak_index,pollution_spike_flag,parcel_demand_index,historical_income_variance,active_hours_ratio,gps_jump_distance,claim_frequency_7day,nearby_claim_cluster_score,income_loss_hours
WRK-00001,0.6529,110.16,0,1.0,0,0.7541,0.5509,0.9291,0.15,3.0,0.1809,11.35
WRK-00002,0.3952,55.39,0,0.7026,1,0.713,1.0,0.7925,3.46,1.0,0.3568,2.15
WRK-00003,0.3552,62.32,0,0.6766,1,0.5522,0.2589,0.197,23.38,8.6,0.9616,16.62
WRK-00004,0.7089,66.57,0,0.7938,0,0.5955,0.1463,0.813,3.15,0.0,0.1287,2.1
WRK-00005,0.7871,113.46,1,0.9374,0,0.0877,1.0,0.8223,0.05,6.0,0.4033,21.21
WRK-00006,0.5342,86.41,0,0.852,0,0.0809,1.0,0.8622,1.69,2.0,0.3999,11.59
WRK-00007,0.7565,89.04,1,1.0,1,0.5955,0.1925,0.5728,0.91,2.0,0.0201,17.54
WRK-00008,0.2935,58.12,0,0.7429,0,0.4538,1.0,0.7543,0.2,0.0,0.1543,3.21
WRK-00009,0.4438,36.05,0,0.6494,0,0.3331,0.8233,0.8929,5.54,0.0,0.1203,0.61
WRK-00010,0.7627,81.45,0,1.0,1,0.2586,1.0,0.0985,74.83,7.4,0.6147,27.38
WRK-00011,0.5424,107.12,1,0.9342,0,0.6678,0.1915,0.3495,5.57,5.0,0.2677,21.58
WRK-00012,0.362,6.32,0,0.4654,1,0.59,0.2327,0.7823,0.4,1.0,0.059,0.0
WRK-00013,0.4243,53.34,0,0.6584,1,0.8521,0.6036,0.6602,0.77,0.0,0.1348,3.11
WRK-00014,0.359,54.64,0,0.8394,0,0.3656,0.7539,0.8448,0.77,0.0,0.2592,7.21
WRK-00015,0.3181,20.93,0,0.6531,0,0.5739,0.5155,0.5191,1.73,1.0,0.2213,1.24
WRK-00016,0.4425,48.35,0,0.7318,0,0.8857,0.7302,0.8264,0.85,1.0,0.0848,3.0
WRK-00017,0.6903,80.34,0,0.8838,0,0.1087,1.0,0.7344,5.73,0.0,0.285,8.43
WRK-00018,0.6349,13.21,0,0.8523,0,0.4268,0.6176,0.7004,1.2,0.0,0.0052,8.04
WRK-00019,0.4986,60.9,0,0.9263,1,0.4197,0.6994,0.749,0.6,0.0,0.1359,5.56
WRK-00020,0.6859,117.66,1,1.0,0,0.6551,0.621,0.535,1.03,5.0,0.5718,13.99
WRK-00021,0.5903,74.75,0,0.7964,0,0.7878,0.4826,0.9128,0.04,1.0,0.1872,2.75
WRK-00022,0.3943,47.45,0,0.9361,0,0.7701,0.3469,0.8204,0.08,0.0,0.135,6.34
WRK-00023,0.5091,22.71,0,0.8629,0,0.4748,0.5617,0.6451,3.78,0.0,0.3779,4.12
WRK-00024,0.4128,27.53,0,0.5472,1,0.655,0.2333,0.6014,6.78,1.0,0.2065,2.23
WRK-00025,0.4769,72.84,0,0.7498,0,0.6644,0.3354,0.2856,101.7,5.9,0.603,21.13
WRK-00026,0.232,64.93,0,0.6726,0,0.4818,0.493,0.6228,0.25,2.0,0.3292,0.0
WRK-00027,0.6171,76.41,1,0.8866,0,0.2242,1.0,0.763,2.31,3.0,0.0854,14.4
WRK-00028,0.5464,36.84,0,0.5878,1,0.4429,0.7275,0.7648,3.61,0.0,0.3687,2.57
WRK-00029,0.6563,121.14,1,1.0,1,0.05,1.0,0.1632,65.96,9.1,1.0,38.67
WRK-00030,0.5666,124.99,0,1.0,0,0.8636,0.6368,0.6175,2.36,2.0,0.2014,8.19
WRK-00031,0.8685,94.61,0,0.8979,0,0.895,0.6444,0.8092,5.08,3.0,0.079,9.48
WRK-00032,0.5477,45.98,0,0.8045,0,0.8627,0.5389,0.895,1.4,0.0,0.0892,6.46
WRK-00033,0.7507,102.71,1,1.0,0,0.0538,1.0,0.5245,2.5,4.0,0.4275,13.81
WRK-00034,0.682,87.63,1,0.8563,0,0.05,1.0,0.6473,0.62,4.0,0.3805,21.22
WRK-00035,0.3506,33.98,0,0.6157,0,0.5104,0.5344,0.2881,61.09,7.5,0.7539,15.92
WRK-00036,0.6618,82.16,0,1.0,0,0.6922,0.5119,0.6691,0.15,3.0,0.1385,5.99
WRK-00037,0.6197,51.81,0,0.7682,1,0.4313,0.673,0.7437,0.07,0.0,0.2562,0.35
WRK-00038,0.5303,31.17,0,0.792,0,0.4781,0.436,0.7094,0.96,1.0,0.3369,4.96
WRK-00039,0.5458,56.68,0,0.9292,0,0.6834,0.3212,0.8685,1.83,1.0,0.1715,4.65
WRK-00040,0.4461,36.36,0,0.5958,1,0.5902,0.1838,0.8885,0.49,0.0,0.0681,1.0
WRK-00041,0.4697,59.62,0,0.892,0,0.6365,0.2548,0.5063,3.24,2.0,0.2875,7.1
WRK-00042,0.5522,55.64,1,1.0,0,0.4256,0.6799,0.7035,0.65,3.0,0.3441,14.72
WRK-00043,0.3325,61.39,0,0.7748,0,0.7124,0.505,0.8193,0.49,1.0,0.1753,2.21
WRK-00044,0.5027,67.21,0,1.0,0,0.7171,0.3087,0.7313,5.57,1.0,0.0828,8.25
WRK-00045,0.5888,121.61,1,1.0,0,0.05,1.0,0.2196,53.84,9.6,0.8329,35.07
WRK-00046,0.2167,17.48,0,0.5587,0,0.4719,0.5515,0.7779,0.62,0.0,0.3279,0.0
WRK-00047,0.7055,89.87,1,1.0,0,0.2115,1.0,0.8212,4.71,4.0,0.3654,21.42
WRK-00048,0.3153,24.6,0,0.4242,0,0.6622,0.0902,0.565,7.7,0.0,0.1302,0.0
WRK-00049,0.2409,73.36,0,0.7922,0,0.7697,0.3454,0.6569,2.04,2.0,0.3923,0.2
WRK-00050,0.4932,51.69,0,0.7893,1,0.724,0.2013,0.2247,96.94,5.6,0.6571,15.57
WRK-00051,0.6196,74.85,0,0.9061,0,0.5476,0.3156,0.7931,1.49,1.0,0.3324,4.34
WRK-00052,0.6612,28.83,0,0.744,1,0.7446,0.2505,0.6795,0.1,1.0,0.1439,0.93
WRK-00053,0.4594,71.28,0,0.9773,0,0.7243,0.2616,0.8563,3.53,0.0,0.381,5.65
WRK-00054,0.6807,97.82,0,0.8619,0,0.2617,1.0,0.6869,4.94,2.0,0.2428,8.6
WRK-00055,0.751,127.13,1,1.0,0,0.6927,0.1791,0.9024,1.59,1.0,0.2481,20.58
WRK-00056,0.8098,107.59,0,1.0,0,0.5387,0.5555,0.848,3.21,2.0,0.3023,8.93
WRK-00057,0.6225,105.01,0,0.9391,0,0.2211,1.0,0.5636,0.54,3.0,0.1731,8.73
WRK-00058,0.5527,60.47,0,1.0,0,0.2358,1.0,0.8094,0.43,1.0,0.1175,5.34
WRK-00059,0.424,71.99,0,0.7889,1,0.6647,0.5322,0.6679,0.72,0.0,0.3617,1.23
WRK-00060,0.4443,49.55,0,0.7086,0,0.8281,0.4573,0.5944,1.33,0.0,0.1677,0.0
WRK-00061,0.3694,13.52,0,0.524,0,0.6324,0.1182,0.8453,1.79,1.0,0.3686,3.37
WRK-00062,0.3904,23.38,0,0.6946,0,0.7438,0.5019,0.6094,1.26,2.0,0.32,1.25
WRK-00063,0.5904,125.0,0,1.0,1,0.352,0.8506,0.6217,1.27,0.0,0.1303,8.85
WRK-00064,0.4768,23.01,0,0.7202,1,0.753,0.4817,0.7524,4.0,0.0,0.3471,2.77
WRK-00065,0.7182,83.17,0,0.8024,0,0.8469,0.5188,0.5863,5.02,1.0,0.081,8.4
WRK-00066,0.6175,48.14,0,0.8708,0,0.4655,0.4863,0.4994,2.18,4.0,0.3163,6.63
WRK-00067,0.3491,34.12,0,0.5432,0,0.848,0.5738,0.5869,0.16,1.0,0.2546,3.06
WRK-00068,0.6098,67.14,0,1.0,1,0.1174,1.0,0.7333,2.44,2.0,0.1444,9.24
WRK-00069,0.7634,96.03,1,1.0,0,0.2388,1.0,0.8811,2.02,6.0,0.3567,14.08
WRK-00070,0.9417,75.94,1,0.9795,0,0.4477,0.9297,0.2201,61.03,8.6,0.7862,24.9
WRK-00071,0.3546,53.54,0,0.7291,1,0.8316,0.4696,0.6378,0.28,0.0,0.0337,4.51
WRK-00072,0.4949,36.51,0,0.9461,0,0.4612,0.4769,0.635,3.31,0.0,0.0166,8.67
WRK-00073,0.7135,93.71,0,0.8647,0,0.598,0.177,0.647,1.09,2.0,0.0286,10.43
WRK-00074,0.5818,26.38,0,0.9238,0,0.1836,1.0,0.8486,1.81,0.0,0.268,8.82
WRK-00075,0.556,45.25,0,0.7953,0,0.4177,0.6805,0.6802,6.57,0.0,0.1043,5.66
WRK-00076,0.6265,92.55,0,0.8825,1,0.5906,0.3082,0.8317,0.6,0.0,0.3408,8.16
WRK-00077,0.5524,61.6,0,1.0,0,0.6893,0.1035,0.525,7.25,2.0,0.0019,5.33
WRK-00078,0.643,33.64,0,0.8723,0,0.2364,1.0,0.5124,4.24,0.0,0.1872,6.63
WRK-00079,0.7064,92.49,0,1.0,0,0.7783,0.4525,0.4876,0.43,1.0,0.0391,9.59
WRK-00080,0.3231,20.24,0,0.7135,0,0.9381,0.8352,0.7714,0.31,0.0,0.2181,3.76
WRK-00081,0.4926,19.19,0,0.6354,0,0.4584,0.5555,0.7671,0.71,0.0,0.3088,2.39
WRK-00082,0.7783,84.6,0,0.9449,0,0.2269,1.0,0.6954,4.88,1.0,0.0314,7.03
WRK-00083,0.598,31.85,0,0.8986,0,0.4509,0.5017,0.8512,0.13,0.0,0.3947,4.44
WRK-00084,0.4663,28.79,0,0.5848,0,0.9951,1.0,0.854,1.25,0.0,0.214,1.47
WRK-00085,0.4181,41.18,0,0.6703,0,0.5272,0.5543,0.6891,0.53,0.0,0.3948,1.49
WRK-00086,0.3937,51.14,0,0.6153,0,0.4758,0.4919,0.6971,0.36,1.0,0.3121,1.5
WRK-00087,0.7713,128.6,0,1.0,0,0.839,0.6062,0.4042,1.98,1.0,0.1872,11.08
WRK-00088,0.4825,78.26,0,1.0,0,0.3325,0.9936,0.9086,1.71,2.0,0.0866,7.85
WRK-00089,0.3821,37.81,1,0.7129,1,0.7544,0.3159,0.1909,35.64,6.5,0.6311,17.38
WRK-00090,0.3661,37.62,0,0.5124,0,0.8575,0.6794,0.6229,0.95,0.0,0.0444,2.04
WRK-00091,0.6198,86.95,0,0.8271,0,0.5185,0.3368,0.3325,49.12,10.2,0.7237,26.34
WRK-00092,0.4678,67.61,0,0.8493,0,0.9222,0.867,0.2663,63.23,4.1,0.8139,17.87
WRK-00093,0.4478,80.6,0,0.7987,1,0.7764,0.4216,0.9115,0.37,1.0,0.237,3.73
WRK-00094,0.6972,99.8,1,1.0,0,0.454,0.5882,0.8415,3.34,5.0,0.2274,16.24
WRK-00095,0.4201,13.41,0,0.4436,1,0.8429,0.6309,0.7313,1.19,1.0,0.0355,4.58
WRK-00096,0.4298,67.64,0,1.0,0,0.4571,0.5643,0.7501,0.53,0.0,0.0395,5.95
WRK-00097,0.6673,39.56,0,0.9032,0,0.6505,0.01,0.8181,1.73,0.0,0.3522,1.73
WRK-00098,0.3786,24.71,0,0.6873,0,0.8418,0.6827,0.886,5.04,1.0,0.0532,5.29
WRK-00099,0.3653,34.76,0,0.6019,0,0.9281,0.7609,0.8673,4.47,1.0,0.163,0.88
WRK-00100,0.5886,46.88,1,0.953,1,0.4923,0.5998,0.7764,1.79,2.0,0.1533,16.6
WRK-00101,0.3031,57.09,0,0.8918,0,0.7949,0.486,0.5366,1.45,1.0,0.2754,4.39
WRK-00102,0.4868,13.72,1,0.6093,0,0.294,0.9142,0.7847,0.24,5.0,0.3735,8.16
WRK-00103,0.5285,52.01,0,0.7602,0,0.5251,0.3772,0.7319,2.11,1.0,0.0584,0.03
WRK-00104,0.581,126.71,0,1.0,0,0.4765,0.7432,0.6929,0.24,1.0,0.2719,11.74
WRK-00105,0.5394,43.47,0,0.6616,0,0.5271,0.5428,0.8497,2.11,0.0,0.1681,2.87
WRK-00106,0.5709,52.29,0,0.6946,0,0.8819,0.6106,0.7518,2.1,2.0,0.3899,4.94
WRK-00107,0.4204,95.04,0,0.8798,0,0.3115,1.0,0.6442,2.53,1.0,0.2245,11.86
WRK-00108,0.4233,62.19,0,0.7668,0,0.6559,0.0187,0.7098,2.51,0.0,0.0366,0.8
WRK-00109,0.7695,129.96,1,1.0,0,0.3901,0.6904,0.5863,2.12,9.0,0.2499,23.6
WRK-00110,0.3627,70.11,0,0.7815,0,0.8426,0.6997,0.7992,0.75,1.0,0.1175,3.16
WRK-00111,0.5494,50.23,0,1.0,0,0.2881,1.0,0.815,0.34,2.0,0.0311,4.54
WRK-00112,0.3963,52.12,0,0.6701,0,0.9382,0.7445,0.3448,1.09,1.0,0.0438,1.63
WRK-00113,0.6118,91.91,0,1.0,0,0.3783,0.7615,0.8362,4.07,3.0,0.3802,9.78
WRK-00114,0.6161,87.95,0,0.6502,0,0.4253,0.5838,0.5145,2.79,2.0,0.2881,7.67
WRK-00115,0.6774,82.82,0,1.0,1,0.3559,0.9138,0.6662,0.01,2.0,0.2203,9.0
WRK-00116,0.7426,119.93,0,1.0,0,0.6614,0.3664,0.4684,1.55,1.0,0.0341,10.52
WRK-00117,0.7053,83.98,0,1.0,1,0.3303,0.8072,0.3888,1.21,2.0,0.3549,9.76
WRK-00118,0.4483,26.18,0,1.0,1,0.1841,1.0,0.5851,1.76,1.0,0.0132,2.19
WRK-00119,0.4634,14.36,0,0.6488,0,0.5317,0.3557,0.7202,0.89,2.0,0.3868,3.62
WRK-00120,0.7516,86.51,0,1.0,0,0.5497,0.3,0.7266,0.03,1.0,0.2411,10.69
WRK-00121,0.8275,114.81,1,1.0,0,0.1683,1.0,0.7323,3.6,4.0,0.3596,22.77
WRK-00122,0.4315,63.31,0,0.7595,0,0.4384,0.5809,0.8157,0.45,1.0,0.0759,4.2
WRK-00123,0.369,92.81,0,0.7354,0,0.5587,0.2876,0.816,4.06,1.0,0.198,4.9
WRK-00124,0.7413,97.48,1,0.974,0,0.4379,0.653,0.6446,0.04,2.0,0.1018,16.78
WRK-00125,0.4308,40.04,0,0.748,0,0.6299,0.105,0.8273,0.13,1.0,0.1043,2.77
WRK-00126,0.6197,84.07,0,0.8971,0,0.5458,0.5666,0.7095,2.77,1.0,0.0067,8.44
WRK-00127,0.6433,99.55,0,1.0,0,0.7449,0.5102,0.5546,0.45,2.0,0.0862,8.17
WRK-00128,0.5627,57.49,0,0.6673,0,0.8147,0.4813,0.8914,3.47,1.0,0.0525,1.73
WRK-00129,0.4469,103.56,1,0.979,1,0.5939,0.3175,0.6849,0.19,3.0,0.3394,17.25
WRK-00130,0.4638,57.72,0,0.8,0,0.4739,0.716,0.5243,0.04,2.0,0.1375,5.06
WRK-00131,0.6129,99.2,0,1.0,0,0.5127,0.8001,0.8326,4.53,3.0,0.0214,9.27
WRK-00132,0.6172,83.1,0,1.0,0,0.4329,0.6062,0.7837,0.05,0.0,0.1172,10.25
WRK-00133,0.8554,122.99,0,1.0,0,0.5951,0.486,0.7302,0.27,0.0,0.1991,13.16
WRK-00134,0.5929,68.84,1,0.9844,1,0.05,1.0,0.7906,2.76,3.0,0.399,16.81
WRK-00135,0.3956,55.68,0,0.7156,0,0.6016,0.1573,0.8753,1.12,1.0,0.2489,1.4
WRK-00136,0.4696,76.2,0,1.0,1,0.5517,0.5396,0.6378,0.67,0.0,0.2933,6.33
WRK-00137,0.6831,85.23,1,1.0,0,0.3119,0.9175,0.7909,0.89,3.0,0.2166,19.28
WRK-00138,0.6847,110.56,1,1.0,1,0.129,1.0,0.1795,16.69,5.8,0.73,41.07
WRK-00139,0.3541,55.54,0,0.9058,1,0.3353,0.9042,0.6511,0.56,1.0,0.1686,2.72
WRK-00140,0.6107,81.17,0,0.7783,0,0.5334,0.4593,0.77,0.41,1.0,0.0097,5.07
WRK-00141,0.4825,7.42,0,0.3794,0,0.6628,0.1296,0.6665,0.8,0.0,0.0853,1.6
WRK-00142,0.556,31.1,0,0.7592,0,0.5767,0.2181,0.8706,1.23,3.0,0.3768,4.68
WRK-00143,0.5161,58.64,0,0.9839,0,0.6989,0.3864,0.3209,58.05,6.3,0.657,26.42
WRK-00144,0.6591,70.75,0,0.9832,0,0.5618,0.7593,0.6851,2.9,0.0,0.0103,5.75
WRK-00145,0.3272,6.68,0,0.485,0,0.3874,0.898,0.8287,0.7,0.0,0.0479,0.73
WRK-00146,0.5842,50.09,0,0.629,1,0.4005,0.6526,0.8092,0.44,1.0,0.0431,3.06
WRK-00147,0.7049,109.51,1,1.0,1,0.3791,0.8054,0.7213,2.76,2.0,0.6152,17.09
WRK-00148,0.5145,40.56,0,0.8566,0,0.5028,0.5773,0.8437,0.65,2.0,0.2188,6.67
WRK-00149,0.5377,65.86,0,0.735,0,0.5414,0.4395,0.7746,1.66,5.0,0.0926,2.42
WRK-00150,0.6622,155.9,1,1.0,0,0.1412,1.0,0.7961,1.95,0.0,0.4256,26.67
WRK-00151,0.4024,95.3,0,0.9713,1,0.738,0.35,0.8304,1.45,2.0,0.0278,7.35
WRK-00152,0.4808,78.05,0,0.9714,1,0.5234,0.3686,0.7789,1.58,0.0,0.0447,7.75
WRK-00153,0.38,34.33,0,0.4697,1,0.4585,0.5559,0.8849,0.46,1.0,0.0939,1.48
WRK-00154,0.5008,67.11,0,1.0,0,0.6533,0.01,0.8714,5.4,0.0,0.2507,4.45
WRK-00155,0.8473,76.42,0,0.8302,0,0.4357,0.6239,0.6017,2.75,1.0,0.3964,6.06
WRK-00156,0.4269,43.6,0,0.805,1,0.4999,0.4237,0.7687,0.52,1.0,0.0139,3.8
WRK-00157,0.3598,20.4,0,0.7989,1,0.9875,0.9183,0.6426,0.87,0.0,0.1712,1.83
WRK-00158,0.6761,61.33,1,0.876,0,0.4581,0.5275,0.4882,0.2,1.0,0.2031,13.59
WRK-00159,0.653,80.82,0,1.0,1,0.3799,0.8733,0.6981,8.4,0.0,0.1166,12.65
WRK-00160,0.4535,96.61,1,0.7561,0,0.5338,0.3186,0.6992,2.16,6.0,0.0722,15.79
WRK-00161,0.3997,15.43,0,0.5733,0,0.5691,0.443,0.501,0.55,1.0,0.362,4.12
WRK-00162,0.3977,53.86,0,0.6823,0,0.7905,0.4111,0.6143,4.18,0.0,0.3271,0.01
WRK-00163,0.6758,70.17,0,0.9426,0,0.6822,0.2435,0.8176,2.49,0.0,0.3323,7.48
WRK-00164,0.729,56.13,0,0.7667,0,0.7229,0.2516,0.7586,1.04,0.0,0.1409,0.18
WRK-00165,0.6366,74.9,1,0.8889,0,0.05,1.0,0.6501,0.46,1.0,0.0853,17.62
WRK-00166,0.3742,36.27,0,0.6801,0,0.3604,0.9242,0.5595,1.8,0.0,0.1139,4.77
WRK-00167,0.7219,94.36,0,1.0,0,0.6898,0.279,0.8972,0.59,2.0,0.317,11.56
WRK-00168,0.4927,45.69,0,0.867,0,0.4864,0.5554,0.6977,0.09,0.0,0.3825,2.67
WRK-00169,0.488,69.92,0,1.0,0,0.7337,0.6725,0.8525,1.04,1.0,0.0807,3.95
WRK-00170,0.6003,132.5,1,1.0,0,0.05,1.0,0.4628,3.17,5.0,0.3155,16.82
WRK-00171,0.7293,98.11,0,1.0,0,0.8673,0.5962,0.8866,8.59,2.0,0.277,6.86
WRK-00172,0.6453,104.08,0,1.0,0,0.2626,1.0,0.8421,3.64,3.0,0.1276,10.41
WRK-00173,0.4146,57.51,0,0.9554,0,0.1728,1.0,0.8787,0.56,3.0,0.2082,9.48
WRK-00174,0.4836,72.52,1,0.7988,0,0.6987,0.2262,0.779,1.13,2.0,0.0812,12.87
WRK-00175,0.4378,38.84,0,0.4718,0,0.6462,0.2973,0.7603,0.68,0.0,0.3232,1.52
WRK-00176,0.7255,91.7,0,0.8718,0,0.4248,0.6379,0.8267,1.04,5.0,0.051,10.36
WRK-00177,0.2583,27.96,0,0.5376,0,0.8279,0.4895,0.6019,0.31,1.0,0.2669,2.2
WRK-00178,0.697,20.53,0,0.8853,1,0.4355,0.5641,0.6784,8.96,1.0,0.12,6.87
WRK-00179,0.2846,27.15,0,0.574,1,1.0,0.9184,0.8569,4.3,1.0,0.1308,3.83
WRK-00180,0.7723,111.37,1,1.0,1,0.4554,0.5237,0.8005,0.22,2.0,0.5669,14.97
WRK-00181,0.4617,12.81,0,0.5874,1,0.8268,0.443,0.9236,3.29,1.0,0.0908,1.39
WRK-00182,0.5962,15.99,0,0.8466,1,0.508,0.5307,0.7772,6.32,1.0,0.2706,5.21
WRK-00183,0.6116,82.82,0,0.8006,1,0.2548,1.0,0.7518,2.21,2.0,0.0178,10.67
WRK-00184,0.4121,59.49,0,0.7689,1,0.9158,0.7163,0.1221,77.85,9.5,0.8478,25.37
WRK-00185,0.6423,63.62,1,0.9502,0,0.05,1.0,0.7634,1.18,5.0,0.3409,13.83
WRK-00186,0.6823,76.07,1,0.7625,0,0.2489,1.0,0.7914,0.1,1.0,0.0783,11.41
WRK-00187,0.53,40.38,0,0.8458,0,0.7536,0.4413,0.8869,0.49,1.0,0.2131,3.5
WRK-00188,0.5169,81.65,1,0.9233,0,0.4152,0.9181,0.2163,68.64,5.8,0.9784,32.63
WRK-00189,0.6397,24.08,0,0.8301,1,0.5955,0.2096,0.1121,68.18,6.2,0.6602,13.61
WRK-00190,0.4735,70.05,0,1.0,0,0.5175,0.3374,0.7595,0.35,0.0,0.3005,6.99
WRK-00191,0.3612,39.51,1,0.7268,0,0.8447,0.9177,0.5127,0.87,0.0,0.1838,4.65
WRK-00192,0.3552,48.07,0,0.7267,0,0.5012,0.4268,0.5822,1.49,1.0,0.1222,3.94
WRK-00193,0.6787,73.32,0,0.9854,0,0.1479,1.0,0.7441,4.15,1.0,0.0134,5.98
WRK-00194,0.4085,60.53,0,1.0,1,0.2038,1.0,0.7594,2.38,1.0,0.1493,5.92
WRK-00195,0.1996,34.65,0,0.6072,0,0.6708,0.2637,0.8218,0.05,0.0,0.343,2.77
WRK-00196,0.7526,92.86,0,1.0,0,0.677,0.1418,0.8369,1.93,5.0,0.1112,10.55
WRK-00197,0.5215,60.08,0,1.0,0,0.4304,0.926,0.8048,1.21,1.0,0.1221,6.24
WRK-00198,0.704,119.5,1,1.0,0,0.3864,0.7397,0.6118,1.06,5.0,0.2173,22.94
WRK-00199,0.3882,86.35,0,1.0,0,0.5018,0.3876,0.7341,0.4,2.0,0.0387,7.66
WRK-00200,0.3871,8.31,0,0.4324,0,0.5656,0.6538,0.7302,4.85,2.0,0.05,1.61
WRK-00201,0.3628,65.65,0,1.0,0,0.271,1.0,0.7332,3.96,0.0,0.033,5.44
WRK-00202,0.2978,18.84,1,0.6551,0,0.1011,1.0,0.7572,1.75,1.0,0.1895,11.14
WRK-00203,0.6199,77.62,1,0.808,0,0.2382,1.0,0.6639,1.34,1.0,0.3722,21.64
WRK-00204,0.4675,37.21,0,0.6493,0,0.4459,0.6787,0.7934,2.07,0.0,0.3558,1.29
WRK-00205,0.651,71.3,0,0.8255,0,0.3633,0.836,0.7721,0.87,1.0,0.0513,4.55
WRK-00206,0.4442,67.39,1,1.0,1,0.05,1.0,0.9007,0.67,4.0,0.3304,14.09
WRK-00207,0.6064,31.96,0,0.8092,0,0.7309,0.3966,0.5945,0.56,0.0,0.1152,6.21
WRK-00208,0.4082,32.35,0,0.5587,0,0.673,0.148,0.719,1.92,0.0,0.0617,0.11
WRK-00209,0.5071,76.84,1,0.8332,0,0.324,0.818,0.5519,2.79,2.0,0.2268,16.32
WRK-00210,0.4204,48.87,0,0.8388,0,0.4663,0.5702,0.5823,3.66,0.0,0.34,5.26
WRK-00211,0.4323,65.02,0,1.0,0,0.3215,1.0,0.5787,2.53,0.0,0.355,2.53
WRK-00212,0.2251,58.96,0,0.7308,0,0.7575,0.367,0.4905,2.35,0.0,0.263,0.0
WRK-00213,0.5275,60.77,0,0.8594,0,0.5241,0.3652,0.6843,2.55,3.0,0.3134,7.86
WRK-00214,0.7159,127.39,1,1.0,1,0.3906,0.673,0.5171,2.45,5.0,0.3905,15.31
WRK-00215,0.3857,70.89,0,0.7123,0,0.5286,0.5169,0.6418,2.71,0.0,0.2488,1.86
WRK-00216,0.469,82.3,0,1.0,0,0.25,1.0,0.2629,65.27,7.3,0.9896,33.49
WRK-00217,0.7789,99.35,0,1.0,1,0.7478,0.3518,0.5621,3.44,4.0,0.0723,13.29
WRK-00218,0.5956,77.63,1,1.0,0,0.05,1.0,0.6047,0.15,1.0,0.347,12.01
WRK-00219,0.6328,59.01,0,0.9577,0,0.3328,0.8894,0.6115,7.41,0.0,0.2822,8.04
WRK-00220,0.2891,30.18,0,0.6228,0,0.761,0.7357,0.4819,3.12,0.0,0.2869,3.02
WRK-00221,0.6917,26.86,0,0.819,1,0.799,0.4346,0.8226,0.04,0.0,0.1705,3.38
WRK-00222,0.7501,94.49,1,1.0,1,0.2671,0.9805,0.8295,0.52,4.0,0.0594,16.74
WRK-00223,0.2238,81.71,0,0.7174,0,0.8884,0.6017,0.4435,4.8,0.0,0.0575,5.13
WRK-00224,0.4289,19.36,1,0.9216,1,0.3405,0.937,0.1671,73.75,9.7,0.9818,21.53
WRK-00225,0.3894,40.56,0,0.6886,0,0.8483,0.7228,0.6742,0.97,2.0,0.3093,5.42
WRK-00226,0.4422,74.96,0,1.0,0,0.2863,1.0,0.9339,0.75,0.0,0.3206,8.3
WRK-00227,0.344,53.04,0,0.6817,0,0.6164,0.1199,0.7534,1.43,1.0,0.3332,1.09
WRK-00228,0.8056,113.35,0,1.0,0,0.0606,1.0,0.9179,0.01,1.0,0.2498,10.42
WRK-00229,0.675,82.28,0,0.9244,0,0.5712,0.4242,0.8857,2.66,1.0,0.0608,9.68
WRK-00230,0.588,26.56,0,0.8221,0,0.6273,0.1828,0.6899,0.48,0.0,0.1419,3.4
WRK-00231,0.6246,89.04,1,0.7834,0,0.6053,0.3269,0.592,2.57,4.0,0.25,18.53
WRK-00232,0.5078,56.55,1,0.7349,0,0.6436,0.2321,0.8577,8.89,4.0,0.1126,11.08
WRK-00233,0.6896,96.35,1,1.0,0,0.3043,0.9625,0.7904,1.7,5.0,0.0225,14.83
WRK-00234,0.4273,62.57,0,0.8212,0,0.7209,0.4496,0.72,0.2,2.0,0.2951,6.85
WRK-00235,0.7289,164.56,0,1.0,0,0.5838,0.3212,0.7736,3.41,2.0,0.2685,11.87
WRK-00236,0.2697,48.41,0,0.4833,0,0.8922,0.6459,0.7637,0.16,0.0,0.3578,4.07
WRK-00237,0.5278,70.49,0,0.7283,0,0.4387,0.5437,0.435,0.15,0.0,0.2678,0.0
WRK-00238,0.6946,75.93,1,0.7614,1,0.5016,0.4845,0.5724,4.36,2.0,0.056,16.56
WRK-00239,0.5825,69.41,0,0.9748,0,0.7788,0.4769,0.6375,1.95,0.0,0.1899,5.48
WRK-00240,0.314,55.42,0,0.7966,1,0.538,0.4685,0.7614,1.44,0.0,0.0093,0.05
WRK-00241,0.4761,37.61,0,0.7277,0,0.7593,0.4557,0.817,4.0,1.0,0.3305,4.07
WRK-00242,0.557,72.6,0,0.9414,0,0.3368,1.0,0.8883,8.84,0.0,0.16,3.63
WRK-00243,0.74,103.83,1,1.0,0,0.5186,0.3391,0.5194,0.62,2.0,0.6367,20.5
WRK-00244,0.4053,77.33,0,0.726,1,0.8045,0.4761,0.678,2.27,1.0,0.0771,0.0
WRK-00245,0.3628,49.52,1,0.6202,0,0.7954,0.4571,0.883,0.04,3.0,0.0196,12.08
WRK-00246,0.6389,101.53,1,1.0,0,0.3943,0.7361,0.5066,2.86,6.0,0.4757,16.85
WRK-00247,0.3487,51.76,0,0.7898,0,0.6589,0.9479,0.7625,0.19,1.0,0.1105,1.72
WRK-00248,0.6761,74.7,0,0.7361,0,0.7222,0.588,0.7943,0.85,2.0,0.0342,5.32
WRK-00249,0.4128,38.82,0,0.8085,0,0.8575,0.6603,0.5684,0.21,1.0,0.3055,4.26
WRK-00250,0.6652,117.08,1,1.0,0,0.479,0.5307,0.6411,3.02,5.0,0.4504,19.63
WRK-00251,0.6738,61.74,0,0.9663,0,0.236,1.0,0.5198,13.82,1.0,0.1208,4.46
WRK-00252,0.6734,75.83,0,0.783,0,0.5361,0.3152,0.7373,1.11,0.0,0.3977,2.86
WRK-00253,0.6516,58.49,0,0.8887,0,0.6098,0.173,0.6792,3.99,0.0,0.3703,5.48
WRK-00254,0.4373,103.81,0,1.0,0,0.2141,1.0,0.3331,0.46,2.0,0.032,12.68
WRK-00255,0.4196,48.22,0,0.6524,0,0.7169,0.331,0.7598,0.4,1.0,0.0631,2.64
WRK-00256,0.5456,34.88,0,0.8386,0,0.8909,0.9007,0.5425,3.79,0.0,0.3841,4.41
WRK-00257,0.2642,35.3,0,0.564,0,0.4572,0.9245,0.6632,1.65,1.0,0.1564,2.3
WRK-00258,0.8343,86.77,1,1.0,1,0.104,1.0,0.8364,0.34,2.0,0.1499,15.96
WRK-00259,0.5392,14.72,0,0.8298,1,0.9286,1.0,0.8125,1.82,0.0,0.1458,5.58
WRK-00260,0.7097,161.54,1,1.0,0,0.2837,0.9412,0.9404,1.59,5.0,0.5009,26.25
WRK-00261,0.3898,62.16,0,0.8608,0,0.7786,0.3786,0.6317,0.84,0.0,0.0825,4.08
WRK-00262,0.5368,11.61,0,0.8789,1,0.2714,1.0,0.7332,4.87,2.0,0.0934,4.75
WRK-00263,0.4107,67.86,0,0.9121,0,0.2974,0.9973,0.8962,0.09,0.0,0.0925,5.42
WRK-00264,0.4789,29.95,0,0.4332,0,0.2509,1.0,0.791,0.03,1.0,0.3353,3.1
WRK-00265,0.4049,29.15,0,0.5637,0,0.6683,0.083,0.2897,54.19,3.8,0.7044,19.54
WRK-00266,0.6794,66.63,0,1.0,0,0.8119,0.5324,0.805,4.68,2.0,0.317,4.3
WRK-00267,0.7887,74.93,1,1.0,1,0.4241,0.87,0.5908,0.99,2.0,0.2786,12.94
WRK-00268,0.5725,61.51,0,0.9795,0,0.1363,1.0,0.8777,0.32,1.0,0.2141,4.52
WRK-00269,0.7112,77.59,1,0.8859,0,0.05,1.0,0.7494,0.87,3.0,0.1953,17.22
WRK-00270,0.5363,158.79,0,1.0,0,0.6386,0.397,0.5951,2.64,1.0,0.2993,13.12
WRK-00271,0.4243,38.56,0,0.9499,0,0.1783,1.0,0.9367,0.0,1.0,0.3191,6.47
WRK-00272,0.6397,80.35,0,1.0,0,0.3221,0.8438,0.9007,3.69,2.0,0.2133,8.37
WRK-00273,0.6082,38.47,0,0.9162,0,0.5902,0.2754,0.363,0.1,1.0,0.2151,3.49
WRK-00274,0.3937,12.87,0,0.7558,1,0.512,0.3821,0.6079,14.16,2.0,0.1881,0.6
WRK-00275,0.5688,76.83,1,0.9849,0,0.3072,0.972,0.8969,1.6,3.0,0.2654,11.02
WRK-00276,0.6649,101.15,1,1.0,0,0.2211,1.0,0.7967,0.33,3.0,0.5089,19.71
WRK-00277,0.5605,85.63,0,0.7594,0,0.5386,0.3404,0.8827,1.69,0.0,0.1437,6.76
WRK-00278,0.4457,63.41,0,0.8762,0,0.2732,0.9587,0.9405,0.47,1.0,0.3164,5.26
WRK-00279,0.5876,122.34,1,1.0,0,0.1846,1.0,0.4948,0.99,2.0,0.1814,16.19
WRK-00280,0.7623,87.53,1,1.0,0,0.1646,1.0,0.6404,1.15,2.0,0.2463,17.18
WRK-00281,0.5102,88.85,0,1.0,0,0.8107,0.5114,0.1524,121.42,5.5,0.637,25.88
WRK-00282,0.8326,92.8,0,0.9767,0,0.3003,0.9797,0.586,0.31,1.0,0.2429,11.32
WRK-00283,0.4678,24.02,1,0.5626,0,0.6562,0.0477,0.4627,0.12,4.0,0.0633,13.46
WRK-00284,0.6462,71.32,0,0.8253,0,0.4536,0.6585,0.7064,0.06,1.0,0.3921,6.1
WRK-00285,0.7454,86.55,1,0.8774,0,0.1624,1.0,0.3572,2.62,3.0,0.002,22.71
WRK-00286,0.2682,22.07,1,0.6272,0,0.5116,0.3893,0.6599,0.38,3.0,0.3441,9.69
WRK-00287,0.473,35.53,0,0.8889,0,0.6519,0.0159,0.4584,0.57,1.0,0.0642,3.85
WRK-00288,0.6767,97.88,0,1.0,0,0.2106,1.0,0.83,0.08,3.0,0.0186,9.17
WRK-00289,0.4773,158.61,0,1.0,0,0.3065,1.0,0.9303,0.04,1.0,0.1477,8.21
WRK-00290,0.677,117.39,1,0.9346,0,0.5707,0.3139,0.7315,0.57,1.0,0.2536,20.11
WRK-00291,0.3684,63.39,0,0.8282,0,0.5762,0.2292,0.9199,0.23,1.0,0.0109,5.69
WRK-00292,0.4881,69.53,0,1.0,0,0.7223,0.3326,0.1368,78.47,6.2,0.8493,21.91
WRK-00293,0.2938,7.95,0,0.5163,0,0.2891,0.9274,0.8905,1.79,2.0,0.0232,3.13
WRK-00294,0.5139,95.83,0,1.0,0,0.6795,0.1942,0.8674,2.5,3.0,0.1266,10.3
WRK-00295,0.6515,88.48,0,1.0,0,0.5604,0.2501,0.7954,2.32,1.0,0.3512,7.77
WRK-00296,0.762,80.27,0,0.8948,0,0.3176,0.888,0.7849,0.46,1.0,0.0475,11.15
WRK-00297,0.4505,38.76,1,0.7049,0,0.1693,1.0,0.2894,79.41,7.7,0.856,23.7
WRK-00298,0.6185,76.16,1,0.8505,0,0.5122,0.7755,0.7092,0.94,0.0,0.0589,16.7
WRK-00299,0.4602,82.86,1,1.0,0,0.2134,1.0,0.808,0.43,5.0,0.2082,17.68
WRK-00300,0.6125,93.82,0,1.0,0,0.2803,0.9931,0.5545,2.86,1.0,0.3654,12.7
WRK-00301,0.5125,80.08,0,0.9865,0,0.237,1.0,0.287,48.91,5.6,0.6799,32.32
WRK-00302,0.4972,34.47,0,0.7413,0,0.4793,0.5283,0.6505,1.11,0.0,0.2576,4.99
WRK-00303,0.9175,229.2,1,1.0,1,0.3336,0.8103,0.5512,0.26,3.0,0.319,28.74
WRK-00304,0.3303,0.8,0,0.5064,0,0.6051,0.1304,0.6121,2.05,1.0,0.3787,1.83
WRK-00305,0.6286,66.76,1,0.976,0,0.6115,0.3517,0.7111,0.31,5.0,0.3893,12.5
WRK-00306,0.5039,19.99,1,0.8224,0,0.1927,1.0,0.8398,0.63,1.0,0.1706,12.06
WRK-00307,0.497,82.24,0,1.0,0,0.7092,0.4099,0.7228,1.98,1.0,0.2641,10.02
WRK-00308,0.6805,69.17,1,1.0,0,0.5258,0.5827,0.6755,0.44,2.0,0.2967,8.45
WRK-00309,0.4757,91.68,0,0.9312,0,0.2274,1.0,0.8887,0.61,0.0,0.1871,6.46
WRK-00310,0.8069,115.99,1,1.0,0,0.4817,0.4533,0.3736,4.72,3.0,0.5571,19.04
WRK-00311,0.3506,35.04,0,0.5936,0,0.5068,0.5041,0.7428,0.91,0.0,0.3415,2.04
WRK-00312,0.4789,73.34,0,0.8966,0,0.4455,0.7857,0.8171,0.62,0.0,0.3619,4.15
WRK-00313,0.7631,130.26,0,1.0,0,0.172,1.0,0.6599,0.16,2.0,0.3737,12.53
WRK-00314,0.479,53.97,0,1.0,0,0.3809,0.8155,0.6792,0.07,0.0,0.0997,8.18
WRK-00315,0.5248,40.86,0,0.8755,0,0.3189,0.8284,0.5,3.84,1.0,0.1868,3.29
WRK-00316,0.5941,27.48,0,0.5716,0,0.4105,0.9059,0.6787,1.15,2.0,0.0232,2.04
WRK-00317,0.3346,53.21,0,0.5728,0,0.3059,1.0,0.7115,0.6,3.0,0.3056,1.41
WRK-00318,0.4238,34.1,0,0.7408,0,0.9266,0.7871,0.6567,0.49,2.0,0.0849,1.36
WRK-00319,0.32,11.61,1,0.468,1,0.6511,0.0983,0.486,3.92,4.0,0.1257,13.97
WRK-00320,0.5928,73.42,1,0.7867,0,0.4795,0.4403,0.8378,1.08,6.0,0.0733,8.62
WRK-00321,0.5509,60.63,1,1.0,0,0.141,1.0,0.5812,0.17,4.0,0.03,11.38
WRK-00322,0.6657,101.75,1,1.0,0,0.5905,0.3928,0.906,0.47,2.0,0.4047,24.05
WRK-00323,0.691,77.85,0,0.8848,0,0.9011,0.6659,0.8918,0.23,1.0,0.0298,5.59
WRK-00324,0.4006,26.05,0,0.5418,0,0.9056,0.6819,0.5455,0.13,2.0,0.281,0.0
WRK-00325,0.3387,20.67,0,0.4215,0,0.7361,0.2178,0.6655,1.68,3.0,0.1306,5.01
WRK-00326,0.6107,31.31,0,0.6795,0,0.5688,0.4333,0.7579,3.01,0.0,0.3995,0.0
WRK-00327,0.5811,45.47,0,0.9475,0,0.7283,0.2531,0.6635,1.63,0.0,0.1778,2.39
WRK-00328,0.7373,111.83,1,1.0,0,0.2955,1.0,0.8407,0.29,6.0,0.3426,17.16
WRK-00329,0.5466,23.64,0,0.8495,1,0.7588,0.2919,0.0818,46.36,9.1,0.9163,27.42
WRK-00330,0.6845,67.3,1,0.9169,0,0.1768,1.0,0.7107,1.82,1.0,0.3834,16.1
WRK-00331,0.6684,133.03,0,1.0,0,0.1784,1.0,0.5631,2.1,1.0,0.3308,14.4
WRK-00332,0.4847,68.9,0,1.0,0,0.7674,0.3537,0.7018,2.01,0.0,0.0406,7.67
WRK-00333,0.4287,67.76,1,0.9105,0,0.4222,0.6732,0.688,1.56,5.0,0.0849,11.09
WRK-00334,0.5855,54.1,0,0.7248,1,0.8366,0.4729,0.5759,0.63,1.0,0.3521,2.0
WRK-00335,0.596,62.31,1,0.8498,0,0.1797,1.0,0.6704,0.17,1.0,0.3621,10.55
WRK-00336,0.4842,59.04,0,0.7771,0,0.5453,0.8921,0.3783,4.3,2.0,0.0203,3.05
WRK-00337,0.3544,30.63,1,0.5917,0,0.3052,0.9461,0.0549,31.91,9.2,0.7091,22.23
WRK-00338,0.6208,81.96,0,1.0,0,0.7341,0.7309,0.9059,3.38,1.0,0.1501,10.83
WRK-00339,0.4777,70.28,0,1.0,0,0.5783,0.2975,0.7061,4.11,2.0,0.2628,8.35
WRK-00340,0.3212,6.69,0,0.4228,0,0.6,0.3659,0.8508,2.69,1.0,0.2441,2.24
WRK-00341,0.3224,85.34,0,0.7945,0,0.4893,0.7767,0.804,1.16,4.0,0.3069,6.19
WRK-00342,0.5059,48.8,0,1.0,0,0.383,0.8564,0.6764,0.1,4.0,0.3997,8.03
WRK-00343,0.5402,110.5,0,1.0,0,0.3926,0.6824,0.0535,70.12,7.8,0.6545,21.24
WRK-00344,0.6117,85.77,1,0.9577,0,0.474,0.4533,0.8242,5.4,7.0,0.0002,19.31
WRK-00345,0.2078,38.09,0,0.6315,0,0.9422,0.8079,0.722,4.02,1.0,0.1445,0.62
WRK-00346,0.4992,62.21,0,0.8958,1,0.4724,0.8435,0.6198,2.13,0.0,0.2848,3.45
WRK-00347,0.34,11.89,0,0.4023,0,0.6067,0.2349,0.6923,0.07,1.0,0.2241,2.62
WRK-00348,0.261,10.94,0,0.5435,0,0.9874,1.0,0.8936,1.16,0.0,0.0185,4.49
WRK-00349,0.6368,26.81,0,0.7818,1,0.5856,0.1834,0.6282,2.29,2.0,0.0997,3.37
WRK-00350,0.4454,29.71,0,0.7953,0,0.6709,0.672,0.8599,1.79,2.0,0.2701,3.1
WRK-00351,0.7138,88.78,1,1.0,0,0.05,1.0,0.8305,0.63,6.0,0.3883,24.34
WRK-00352,0.6639,151.1,0,1.0,0,0.4337,0.787,0.836,0.41,0.0,0.1768,12.26
WRK-00353,0.6081,42.18,0,0.7835,0,0.4684,0.4631,0.2843,61.82,7.6,0.6337,14.04
WRK-00354,0.74,91.68,0,1.0,0,0.2874,1.0,0.6022,2.56,4.0,0.2923,12.04
WRK-00355,0.2994,17.31,0,0.6487,1,0.4214,0.7492,0.9274,1.26,0.0,0.2229,4.05
WRK-00356,0.3066,7.51,0,0.6183,0,0.5524,0.4224,0.5574,1.45,0.0,0.2471,3.48
WRK-00357,0.5984,31.67,0,0.7554,0,0.5275,0.3826,0.5273,0.73,2.0,0.187,0.75
WRK-00358,0.359,30.23,1,0.5845,0,0.6032,0.1554,0.7445,1.66,2.0,0.3757,14.82
WRK-00359,0.7065,101.32,1,1.0,0,0.3141,1.0,0.5852,0.01,3.0,0.4877,22.01
WRK-00360,0.5018,53.54,0,0.7058,1,0.3546,0.7562,0.7192,0.48,0.0,0.3733,1.17
WRK-00361,0.3901,57.0,0,0.7431,0,0.6514,0.1385,0.6668,0.32,0.0,0.1464,0.0
WRK-00362,0.3873,21.85,0,0.4793,0,0.3249,1.0,0.3285,0.42,2.0,0.2457,5.61
WRK-00363,0.6264,32.99,0,0.8892,0,0.3462,0.9981,0.5208,3.57,0.0,0.1761,7.07
WRK-00364,0.4447,23.85,0,0.5508,0,0.5057,0.7458,0.5283,2.23,1.0,0.0489,1.92
WRK-00365,0.7072,193.88,0,1.0,0,0.7065,0.5129,0.8869,0.73,1.0,0.148,12.04
WRK-00366,0.6269,85.82,0,0.9643,0,0.4704,0.4698,0.9453,1.15,1.0,0.1552,9.52
WRK-00367,0.5409,84.17,1,0.6987,0,0.1,1.0,0.9117,0.51,3.0,0.0029,13.53
WRK-00368,0.3955,63.86,0,0.8966,0,0.5586,0.2431,0.8336,0.31,2.0,0.1244,5.64
WRK-00369,0.7455,87.74,0,1.0,1,0.3305,1.0,0.4851,3.73,0.0,0.0097,13.44
WRK-00370,0.439,45.52,0,0.7078,0,0.7134,0.5564,0.8073,0.31,0.0,0.2766,6.36
WRK-00371,0.486,61.44,0,1.0,0,0.7678,0.347,0.5592,5.02,0.0,0.2662,4.53
WRK-00372,0.4831,63.9,0,0.7425,0,0.4389,1.0,0.8513,2.89,0.0,0.1465,3.52
WRK-00373,0.585,105.42,0,1.0,0,0.3822,0.7017,0.7991,1.09,2.0,0.2728,13.59
WRK-00374,0.4611,80.36,0,0.9385,0,0.6561,0.0879,0.7191,4.81,2.0,0.2076,4.18
WRK-00375,0.3951,37.22,0,0.718,0,0.6578,0.2035,0.8259,12.45,1.0,0.1875,3.03
WRK-00376,0.6637,134.9,1,1.0,0,0.5577,0.3114,0.6859,0.61,2.0,0.3426,17.74
WRK-00377,0.5145,48.8,0,0.6969,0,0.8457,0.504,0.7192,0.03,3.0,0.3755,3.57
WRK-00378,0.4727,29.64,0,0.672,0,0.3189,1.0,0.8388,4.11,0.0,0.2528,5.37
WRK-00379,0.7032,72.73,0,0.8385,0,0.9317,0.7508,0.7936,0.06,0.0,0.3968,8.38
WRK-00380,0.6235,67.68,0,0.9182,0,0.3542,0.8448,0.8537,0.21,1.0,0.0007,8.01
WRK-00381,0.6001,100.96,0,1.0,0,0.2559,1.0,0.7816,0.98,4.0,0.0552,8.58
WRK-00382,0.3794,9.05,0,0.5469,0,0.9536,1.0,0.7596,2.32,0.0,0.3502,4.12
WRK-00383,0.4093,17.65,0,0.5743,0,0.7535,0.6339,0.5934,0.03,3.0,0.309,0.98
WRK-00384,0.4768,25.15,0,0.864,1,0.3775,0.7485,0.8525,0.36,1.0,0.3583,7.77
WRK-00385,0.7441,141.05,0,1.0,0,0.3566,1.0,0.8009,1.45,4.0,0.1986,13.26
WRK-00386,0.6315,98.62,0,1.0,0,0.2135,1.0,0.6153,0.15,3.0,0.2388,10.43
WRK-00387,0.7752,112.14,0,1.0,0,0.5475,0.5262,0.6936,1.5,1.0,0.0585,9.63
WRK-00388,0.5346,41.97,0,0.7692,0,0.8711,0.8563,0.2855,63.71,5.1,0.931,21.1
WRK-00389,0.4018,22.27,0,0.545,0,0.7528,0.6486,0.623,1.1,1.0,0.1348,2.66
WRK-00390,0.4018,25.98,0,0.912,1,0.7646,0.42,0.7298,4.4,2.0,0.3254,3.67
WRK-00391,0.3227,46.91,0,0.6991,0,0.6879,0.0988,0.8027,2.1,0.0,0.0319,0.0
WRK-00392,0.5952,20.26,0,0.804,1,0.2091,1.0,0.6296,2.52,0.0,0.009,6.91
WRK-00393,0.4817,92.23,1,1.0,1,0.4373,0.5504,0.783,5.06,4.0,0.3143,21.44
WRK-00394,0.4345,86.9,0,0.8229,0,0.3032,0.9022,0.5178,5.34,3.0,0.3465,9.58
WRK-00395,0.4994,39.0,0,0.6446,1,0.3435,0.9624,0.6746,0.68,2.0,0.1248,4.32
WRK-00396,0.4609,71.57,1,0.7657,1,0.2029,1.0,0.6721,0.57,2.0,0.0249,15.08
WRK-00397,0.6545,108.0,1,1.0,1,0.5734,0.2522,0.6252,1.79,4.0,0.5124,12.66
WRK-00398,0.6296,15.77,0,0.8226,1,0.4126,0.6222,0.7546,1.36,3.0,0.007,9.24
WRK-00399,0.4258,45.63,0,0.9859,0,0.5407,0.4781,0.8006,2.44,0.0,0.1039,7.99
WRK-00400,0.4249,59.5,0,0.9714,0,0.7536,0.3858,0.6912,0.81,2.0,0.1268,4.99
WRK-00401,0.4087,13.68,0,0.5391,0,0.7224,0.264,0.8437,1.44,0.0,0.3577,1.33
WRK-00402,0.5925,79.22,1,0.8635,0,0.05,1.0,0.7292,0.23,3.0,0.0461,14.01
WRK-00403,0.6099,64.96,0,1.0,0,0.5284,0.3284,0.8488,3.03,0.0,0.0674,5.46
WRK-00404,0.4088,0.0,0,0.5886,0,0.8176,0.5004,0.7043,5.02,3.0,0.2234,0.12
WRK-00405,0.717,65.92,0,0.8967,0,0.4795,0.6074,0.5896,0.84,0.0,0.1902,6.58
WRK-00406,0.7133,78.11,1,0.9358,0,0.0557,1.0,0.7597,0.45,2.0,0.1085,18.41
WRK-00407,0.5794,138.95,0,0.8792,0,0.6051,0.1369,0.624,1.13,1.0,0.1727,9.03
WRK-00408,0.6015,17.25,0,0.7843,1,0.5839,0.5126,0.8675,0.19,1.0,0.2615,2.35
WRK-00409,0.3213,16.55,0,0.6001,0,0.7057,0.3073,0.8616,0.3,0.0,0.0008,1.44
WRK-00410,0.7455,105.61,1,1.0,0,0.05,1.0,0.6996,7.01,7.0,0.4238,20.52
WRK-00411,0.5318,25.15,1,0.8497,0,0.6774,0.2306,0.7663,0.64,1.0,0.0203,17.84
WRK-00412,0.5901,36.69,0,0.8421,0,1.0,1.0,0.6299,1.92,2.0,0.0425,4.44
WRK-00413,0.4894,86.43,0,1.0,0,0.384,0.6907,0.8777,0.94,1.0,0.0687,6.49
WRK-00414,0.3042,42.15,0,0.9885,0,0.3076,0.9834,0.6244,0.44,0.0,0.0364,5.32
WRK-00415,0.7343,80.14,0,1.0,0,0.2789,0.9523,0.7033,7.31,2.0,0.0671,10.51
WRK-00416,0.4514,60.65,0,0.6283,0,0.7296,0.2869,0.8486,0.52,0.0,0.3378,1.4
WRK-00417,0.4157,26.34,0,0.4464,0,0.4635,0.7193,0.5322,2.44,1.0,0.1394,1.21
WRK-00418,0.7118,103.68,1,1.0,0,0.3983,0.6872,0.8594,0.08,8.0,0.5076,21.08
WRK-00419,0.6114,51.62,1,1.0,0,0.6243,0.1532,0.5778,0.71,1.0,0.3257,13.73
WRK-00420,0.6749,127.18,0,0.9487,0,0.3225,0.857,0.5988,2.19,1.0,0.1701,15.08
WRK-00421,0.415,8.77,0,0.5095,1,0.4945,0.6538,0.8192,3.83,0.0,0.1695,2.42
WRK-00422,0.4836,43.7,0,0.8709,0,0.2512,1.0,0.5383,9.53,1.0,0.2599,4.46
WRK-00423,0.479,62.15,0,0.765,0,0.4316,0.5535,0.899,2.5,0.0,0.3119,3.1
WRK-00424,0.5782,92.44,0,1.0,0,0.6804,0.1839,0.5555,5.66,1.0,0.3203,10.51
WRK-00425,0.4849,70.05,1,0.7943,0,0.0715,1.0,0.643,0.46,2.0,0.3618,12.63
WRK-00426,0.5118,32.57,0,0.796,0,0.733,0.3695,0.1861,29.68,11.0,0.9408,16.23
WRK-00427,0.5109,49.15,0,0.6912,0,0.5308,0.3934,0.8972,0.34,2.0,0.2003,1.36
WRK-00428,0.4218,42.72,0,0.6258,0,0.4715,0.4908,0.91,4.79,1.0,0.2635,3.47
WRK-00429,0.7841,108.32,1,0.9896,0,0.0825,1.0,0.8133,1.14,2.0,0.5157,21.83
WRK-00430,0.4119,39.63,0,0.6512,0,0.8393,0.4883,0.7208,1.82,0.0,0.0226,2.04
WRK-00431,0.823,88.17,1,1.0,1,0.4058,0.6962,0.8636,0.05,1.0,0.1643,20.48
WRK-00432,0.3764,64.53,0,0.6863,0,0.2607,1.0,0.7137,2.3,1.0,0.0047,2.44
WRK-00433,0.4874,63.69,0,0.753,1,0.6731,0.134,0.3468,95.28,7.9,0.7265,9.21
WRK-00434,0.5905,29.19,0,0.9533,1,0.4276,0.5613,0.8718,1.21,0.0,0.3266,6.55
WRK-00435,0.8001,101.71,1,1.0,0,0.05,1.0,0.723,0.35,0.0,0.2836,17.78
WRK-00436,0.5835,92.37,0,1.0,0,0.3855,0.8617,0.7527,10.14,2.0,0.1157,10.25
WRK-00437,0.6133,94.48,0,1.0,0,0.1814,1.0,0.871,1.16,1.0,0.1902,16.05
WRK-00438,0.4479,17.32,0,0.4211,1,0.907,0.7635,0.725,2.95,0.0,0.274,1.45
WRK-00439,0.8437,93.64,0,1.0,0,0.4532,0.8251,0.6716,2.55,3.0,0.2462,13.13
WRK-00440,0.6992,74.13,0,0.8674,0,0.7121,0.4603,0.6325,3.77,0.0,0.0674,9.74
WRK-00441,0.3566,21.54,0,0.5347,0,0.9842,0.8693,0.8548,1.14,2.0,0.0023,3.43
WRK-00442,0.5406,65.08,0,1.0,0,0.3883,0.7757,0.8204,1.17,1.0,0.269,5.81
WRK-00443,0.6195,33.98,0,0.8416,0,0.717,0.893,0.7195,3.11,0.0,0.1842,4.73
WRK-00444,0.6512,113.33,1,0.8849,0,0.5336,0.452,0.6307,9.32,6.0,0.2875,17.01
WRK-00445,0.6764,80.64,0,1.0,0,0.3334,1.0,0.6648,3.89,2.0,0.0155,11.77
WRK-00446,0.4944,57.07,0,0.7973,0,0.3473,0.8018,0.8378,1.68,0.0,0.2179,2.86
WRK-00447,0.6312,69.55,1,1.0,0,0.2969,1.0,0.7185,0.41,2.0,0.2173,14.25
WRK-00448,0.4394,18.09,0,0.4134,0,0.6678,0.0634,0.3245,61.59,5.8,0.7792,18.15
WRK-00449,0.6535,81.02,0,0.7466,0,0.9282,0.7261,0.7436,3.44,3.0,0.322,10.15
WRK-00450,0.4757,72.97,0,1.0,0,0.5325,0.6311,0.8404,0.5,3.0,0.0856,4.28
WRK-00451,0.4246,7.33,0,0.5081,0,0.5745,0.204,0.74,1.74,1.0,0.0084,0.3
WRK-00452,0.3707,14.97,1,0.6059,0,0.3987,0.8207,0.8608,0.9,3.0,0.0434,13.7
WRK-00453,0.6952,83.02,0,0.8232,0,0.6194,0.1906,0.7414,0.92,2.0,0.0194,12.31
WRK-00454,0.6354,96.82,0,1.0,0,0.7102,0.5667,0.811,0.16,8.0,0.0621,12.0
WRK-00455,0.7538,91.92,0,0.9553,0,0.5541,0.4007,0.4858,0.8,2.0,0.33,10.31
WRK-00456,0.5588,94.21,0,1.0,0,0.7204,0.2692,0.16,31.24,10.4,0.6759,18.37
WRK-00457,0.5154,34.66,0,0.8612,0,0.295,0.9809,0.6655,1.07,0.0,0.0824,9.13
WRK-00458,0.4078,62.17,1,0.6627,0,0.7113,0.2396,0.6121,1.39,0.0,0.3841,7.03
WRK-00459,0.6093,67.34,0,0.7274,0,0.9338,0.7345,0.8319,1.97,1.0,0.2084,3.02
WRK-00460,0.6862,80.58,1,1.0,0,0.603,0.2261,0.783,0.81,4.0,0.2963,18.13
WRK-00461,0.3467,41.09,0,0.5329,0,0.9545,1.0,0.7229,1.24,0.0,0.1574,0.77
WRK-00462,0.5059,32.56,0,0.7818,0,0.7832,0.4429,0.6708,4.64,0.0,0.0704,4.99
WRK-00463,0.5327,54.84,0,0.7022,0,0.739,0.6442,0.6469,0.44,0.0,0.264,5.4
WRK-00464,0.455,92.01,1,0.9578,0,0.05,1.0,0.7908,1.11,2.0,0.3222,17.43
WRK-00465,0.6398,75.91,0,1.0,0,0.293,1.0,0.7742,0.38,1.0,0.0925,7.05
WRK-00466,0.5985,33.7,0,0.563,0,0.759,0.3216,0.6054,1.08,0.0,0.2462,1.59
WRK-00467,0.5973,49.32,0,0.9009,0,0.4568,0.6633,0.6768,0.89,1.0,0.1969,6.79
WRK-00468,0.5615,93.49,0,0.8311,0,0.7702,0.4854,0.5682,0.21,0.0,0.2494,8.77
WRK-00469,0.5466,35.45,0,0.8831,0,0.4991,0.7462,0.2953,68.56,4.6,0.8917,24.82
WRK-00470,0.3854,6.73,1,0.4474,0,0.539,0.9172,0.7962,0.42,7.0,0.1949,11.9
WRK-00471,0.4677,44.96,0,0.6602,0,0.5614,0.6044,0.696,0.8,0.0,0.2036,0.0
WRK-00472,0.5972,39.11,0,0.7554,0,0.8548,0.5468,0.7537,7.0,1.0,0.1529,0.35
WRK-00473,0.7111,90.7,0,0.9635,0,0.2717,1.0,0.8407,0.15,2.0,0.0024,11.73
WRK-00474,0.6368,79.31,0,0.7716,0,0.8318,0.5688,0.661,5.94,4.0,0.1782,1.39
WRK-00475,0.463,52.04,0,0.7703,0,0.3548,0.9688,0.5281,4.67,0.0,0.0593,1.7
WRK-00476,0.3941,68.8,0,0.8033,0,0.9166,0.8462,0.7729,1.14,2.0,0.2517,8.15
WRK-00477,0.3673,87.71,0,0.9645,0,0.6537,0.0866,0.5756,1.78,2.0,0.13,8.02
WRK-00478,0.5792,71.93,1,1.0,1,0.6582,0.1138,0.9069,0.32,3.0,0.128,7.15
WRK-00479,0.2748,51.95,0,0.8343,1,0.3764,0.9264,0.6911,1.22,0.0,0.3294,7.2
WRK-00480,0.6483,267.35,0,1.0,0,0.6758,0.2914,0.8875,6.35,3.0,0.1738,15.8
WRK-00481,0.3858,62.81,0,1.0,0,0.4143,0.7143,0.295,95.41,4.0,0.6674,24.71
WRK-00482,0.4751,63.85,0,0.6654,0,0.4813,0.5124,0.6435,0.06,1.0,0.052,1.95
WRK-00483,0.384,81.18,0,1.0,0,0.3191,0.9153,0.611,0.44,3.0,0.2682,8.92
WRK-00484,0.1985,50.28,0,0.8663,0,0.598,0.3222,0.7643,1.1,1.0,0.1868,4.78
WRK-00485,0.5965,78.46,0,0.9636,0,0.7837,0.7926,0.7189,1.73,0.0,0.3772,7.66
WRK-00486,0.5123,40.82,1,0.8385,0,0.5975,0.1593,0.8569,3.98,1.0,0.2418,13.35
WRK-00487,0.4316,69.9,0,1.0,0,0.322,0.856,0.47,3.7,2.0,0.2696,5.07
WRK-00488,0.7716,100.19,0,0.9564,0,0.4187,0.7393,0.8216,0.57,2.0,0.2965,9.85
WRK-00489,0.4009,57.21,0,0.7727,0,0.4157,0.6366,0.6952,2.09,1.0,0.1686,2.04
WRK-00490,0.7205,79.34,1,0.9306,0,0.05,1.0,0.9025,0.87,2.0,0.1018,12.78
WRK-00491,0.3785,35.59,0,0.4469,0,0.7832,0.3458,0.9086,3.77,0.0,0.2438,2.8
WRK-00492,0.4466,33.36,0,0.6353,0,0.3914,0.6523,0.5084,0.13,1.0,0.3448,0.37
WRK-00493,0.3832,44.46,0,0.915,0,0.5549,0.3489,0.7165,3.14,0.0,0.3834,4.52
WRK-00494,0.6453,97.35,0,0.9851,0,0.4393,0.9535,0.8962,6.2,1.0,0.0338,9.01
WRK-00495,0.4188,68.73,0,1.0,0,0.2796,0.9862,0.5441,0.51,0.0,0.1003,11.78
WRK-00496,0.6936,70.71,0,0.8614,0,0.3793,0.8871,0.7244,0.75,0.0,0.3635,10.52
WRK-00497,0.7011,138.49,0,1.0,0,0.1855,1.0,0.8536,15.31,0.0,0.3178,17.02
WRK-00498,0.4044,74.43,0,1.0,0,0.6333,0.5669,0.8129,1.2,1.0,0.214,4.78
WRK-00499,0.4594,28.95,0,0.5543,0,0.7309,0.3679,0.7829,0.48,1.0,0.2072,1.5
WRK-00500,0.7141,91.84,0,0.7429,0,0.877,0.7568,0.6124,3.28,1.0,0.2527,7.6
WRK-00501,0.6842,91.31,1,1.0,0,0.1321,1.0,0.5675,1.01,2.0,0.0242,20.68
WRK-00502,0.4116,52.92,0,0.8378,0,0.4782,0.6254,0.8619,4.91,1.0,0.202,3.94
WRK-00503,0.3733,22.57,0,0.4746,0,0.6843,0.2828,0.7125,0.01,0.0,0.2208,0.64
WRK-00504,0.3806,56.89,1,0.7376,0,0.6453,0.1542,0.7022,2.53,3.0,0.1442,9.3
WRK-00505,0.4856,49.43,0,1.0,0,0.5319,0.3259,0.415,5.07,0.0,0.229,5.74
WRK-00506,0.6303,139.04,1,1.0,0,0.6318,0.0555,0.7012,1.5,5.0,0.2133,20.61
WRK-00507,0.5744,84.91,0,0.9858,0,0.3335,0.9318,0.7265,10.38,3.0,0.033,9.35
WRK-00508,0.4202,0.0,0,1.0,0,0.6416,0.0372,0.8736,0.49,0.0,0.183,7.37
WRK-00509,0.4513,73.91,0,1.0,0,0.6833,0.1438,0.6893,0.91,0.0,0.306,2.44
WRK-00510,0.5954,28.69,1,0.8416,1,0.2829,0.9666,0.2224,52.54,3.4,0.9482,23.62
WRK-00511,0.3244,13.69,0,0.6116,0,0.4882,0.6087,0.643,0.29,2.0,0.0966,3.67
WRK-00512,0.6017,36.28,0,0.721,0,0.6181,0.369,0.5978,0.68,2.0,0.2515,1.58
WRK-00513,0.5209,72.51,0,0.7646,0,0.5346,0.2892,0.7286,0.65,0.0,0.3085,2.2
WRK-00514,0.5543,48.0,0,0.6051,0,0.5331,0.3415,0.8401,0.08,0.0,0.1606,3.44
WRK-00515,0.4436,11.35,0,0.5816,0,0.7952,0.4229,0.7246,1.68,0.0,0.1303,0.46
WRK-00516,0.8682,98.87,0,1.0,0,0.2307,1.0,0.7349,3.74,4.0,0.0917,11.98
WRK-00517,0.317,12.94,0,0.515,0,0.8832,0.7348,0.8305,1.77,2.0,0.2001,2.39
WRK-00518,0.5151,113.88,0,1.0,0,0.5657,0.3625,0.764,1.62,1.0,0.3521,9.12
WRK-00519,0.6443,87.46,1,1.0,0,0.1323,1.0,0.7765,0.78,1.0,0.0166,22.92
WRK-00520,0.6947,92.64,0,1.0,0,0.5953,0.1957,0.6584,3.24,2.0,0.0043,8.87
WRK-00521,0.4921,78.06,0,1.0,0,0.3832,0.7528,0.6421,1.75,2.0,0.011,7.73
WRK-00522,0.572,32.66,0,0.6807,0,0.3517,0.7804,0.8479,0.27,1.0,0.3751,4.3
WRK-00523,0.6557,24.22,0,0.8087,1,0.7192,0.178,0.7657,0.86,2.0,0.1092,5.63
WRK-00524,0.4806,39.08,0,0.5703,0,0.5706,0.5454,0.8335,1.31,1.0,0.0466,3.32
WRK-00525,0.5439,104.27,1,0.9742,0,0.1203,1.0,0.7932,1.48,4.0,0.3429,21.06
WRK-00526,0.4048,67.99,0,1.0,0,0.4753,0.524,0.5099,0.84,1.0,0.0005,3.76
WRK-00527,0.2924,34.86,0,0.6984,0,0.6962,0.4442,0.8255,1.91,1.0,0.0803,1.79
WRK-00528,0.6791,44.11,0,0.7263,1,0.7759,0.3791,0.6967,6.04,1.0,0.1251,3.58
WRK-00529,0.3881,11.47,0,0.5139,0,0.635,0.1804,0.3057,40.34,4.3,0.9885,11.64
WRK-00530,0.3301,0.0,0,0.4986,1,0.7292,0.2414,0.8923,0.35,0.0,0.1901,0.0
WRK-00531,0.6003,117.83,1,1.0,1,0.3505,0.9391,0.6817,1.37,3.0,0.2438,19.52
WRK-00532,0.4981,31.9,1,0.7354,0,0.7131,0.5798,0.7658,4.05,6.0,0.2476,17.12
WRK-00533,0.4933,27.15,0,0.9379,1,0.2257,1.0,0.7696,4.05,2.0,0.1209,7.07
WRK-00534,0.3773,51.74,0,0.8971,0,0.636,0.2195,0.8827,2.75,1.0,0.3091,6.74
WRK-00535,0.53,87.56,0,0.8068,0,0.4514,0.7196,0.7497,4.11,2.0,0.0053,8.96
WRK-00536,0.5344,33.63,0,0.7409,0,0.5573,0.3305,0.6526,6.21,0.0,0.111,3.08
WRK-00537,0.6326,63.7,0,0.8796,1,0.8633,0.59,0.5233,4.06,0.0,0.1594,4.92
WRK-00538,0.8086,98.43,0,1.0,0,0.3497,1.0,0.8372,0.3,1.0,0.114,10.5
WRK-00539,0.6734,93.32,1,0.9183,0,0.05,1.0,0.5803,0.69,3.0,0.1754,19.57
WRK-00540,0.7412,81.57,0,1.0,1,0.587,0.1719,0.7753,1.36,2.0,0.0694,8.9
WRK-00541,0.3406,42.61,0,0.7045,0,0.6079,0.112,0.4969,0.17,0.0,0.055,1.48
WRK-00542,0.7103,93.19,1,0.895,1,0.5792,0.2894,0.5182,1.37,5.0,0.3788,16.93
WRK-00543,0.5789,37.0,0,0.9024,0,0.8464,0.5452,0.7614,0.39,0.0,0.0872,6.3
WRK-00544,0.6073,22.71,0,0.9126,1,0.3289,0.8639,0.7584,4.85,0.0,0.3239,8.67
WRK-00545,0.4425,72.3,1,0.807,1,0.617,0.0909,0.4481,0.08,5.0,0.1053,9.72
WRK-00546,0.8063,79.1,0,1.0,0,0.4395,0.582,0.5913,0.11,0.0,0.0493,3.5
WRK-00547,0.6806,63.64,0,0.9924,0,0.4533,0.6361,0.9089,1.78,1.0,0.3334,8.04
WRK-00548,0.7134,74.02,1,0.8653,0,0.05,1.0,0.28,68.57,6.7,0.673,37.75
WRK-00549,0.6108,65.45,0,0.8831,0,0.7691,0.5715,0.643,1.08,1.0,0.1175,6.85
WRK-00550,0.255,48.77,1,0.7228,0,0.4754,0.4391,0.6588,8.01,2.0,0.0955,16.27
WRK-00551,0.4715,85.8,0,0.8613,0,0.8428,0.7703,0.8658,0.25,1.0,0.1992,7.49
WRK-00552,0.738,67.39,0,0.8304,0,0.8719,0.7728,0.773,0.86,1.0,0.2124,6.12
WRK-00553,0.496,54.11,0,0.7695,0,0.644,0.1732,0.844,2.93,1.0,0.277,1.72
WRK-00554,0.5138,76.52,0,1.0,0,0.7841,0.6163,0.094,40.42,10.0,0.8828,31.62
WRK-00555,0.3521,31.69,0,0.6597,0,0.5335,0.8293,0.4268,3.19,1.0,0.0819,2.96
WRK-00556,0.5855,104.67,1,1.0,0,0.6207,0.1632,0.6187,2.94,3.0,0.3895,16.8
WRK-00557,0.4441,53.95,0,0.6427,0,0.4123,1.0,0.8015,0.14,0.0,0.2246,5.47
WRK-00558,0.4141,23.26,0,0.5113,1,0.4728,0.4488,0.7127,0.07,1.0,0.2415,2.18
WRK-00559,0.4051,53.88,1,0.8377,1,0.7998,0.4435,0.698,1.1,6.0,0.1749,19.58
WRK-00560,0.5388,45.35,0,0.6086,0,0.2687,1.0,0.8587,2.1,4.0,0.1334,3.83
WRK-00561,0.5794,79.07,1,1.0,0,0.5572,0.3163,0.6643,5.56,2.0,0.1511,12.02
WRK-00562,0.6733,106.99,1,1.0,0,0.1057,1.0,0.462,1.55,5.0,0.4936,17.22
WRK-00563,0.8109,64.91,0,0.7345,0,0.7857,0.7423,0.6076,4.07,1.0,0.2406,2.53
WRK-00564,0.6195,40.02,0,0.8846,0,0.5556,0.2731,0.8518,1.49,2.0,0.3666,3.23
WRK-00565,0.3514,31.92,0,0.5317,0,0.3571,0.7833,0.454,3.25,1.0,0.0974,2.95
WRK-00566,0.573,43.89,0,0.8481,0,0.9129,0.7474,0.7788,0.35,0.0,0.3547,4.62
WRK-00567,0.5624,32.82,0,0.7276,0,0.3702,1.0,0.6096,2.45,0.0,0.0685,3.41
WRK-00568,0.3304,27.45,0,0.8133,1,0.8706,0.7072,0.6728,0.72,0.0,0.3071,8.11
WRK-00569,0.3275,69.32,0,0.5881,0,0.9242,0.6891,0.6491,2.77,0.0,0.1352,2.57
WRK-00570,0.6459,87.32,0,0.914,0,0.5623,0.2573,0.1856,31.09,7.9,0.9472,18.27
WRK-00571,0.3515,7.44,0,0.4561,0,0.9122,0.6594,0.7275,5.43,1.0,0.0413,3.32
WRK-00572,0.6998,65.64,0,0.8067,0,0.8025,0.4711,0.7978,0.73,1.0,0.1801,8.91
WRK-00573,0.5704,83.62,0,1.0,0,0.7758,0.4273,0.2219,136.75,6.1,0.72,28.51
WRK-00574,0.6943,103.51,1,1.0,0,0.5156,0.3562,0.8021,0.03,4.0,0.358,19.31
WRK-00575,0.6354,192.0,0,1.0,0,0.6954,0.1729,0.76,1.31,3.0,0.1663,10.2
WRK-00576,0.506,75.32,0,1.0,0,0.8748,0.7363,0.6997,4.61,2.0,0.1463,6.49
WRK-00577,0.3539,29.77,1,0.6933,1,0.5098,0.7604,0.7465,3.27,1.0,0.3918,10.39
WRK-00578,0.6375,72.72,1,0.8783,0,0.2592,1.0,0.5396,0.15,2.0,0.055,13.91
WRK-00579,0.3567,22.26,0,0.5928,0,0.9276,0.7079,0.8243,2.0,1.0,0.1685,2.7
WRK-00580,0.8993,82.45,1,1.0,0,0.4795,0.9391,0.865,5.32,3.0,0.2971,16.54
WRK-00581,0.5407,121.38,1,1.0,0,0.098,1.0,0.7457,2.73,4.0,0.6095,12.93
WRK-00582,0.4189,75.22,0,0.7672,0,0.5601,0.4508,0.5912,1.73,0.0,0.3005,0.38
WRK-00583,0.7197,99.66,0,1.0,0,0.4996,0.7329,0.7353,0.13,3.0,0.3982,9.95
WRK-00584,0.6575,99.2,1,1.0,0,0.05,1.0,0.7717,0.63,4.0,0.2354,16.24
WRK-00585,0.752,75.33,0,0.8304,0,0.6817,0.167,0.5958,3.35,1.0,0.1844,4.77
WRK-00586,0.4451,25.84,0,0.5488,0,0.4562,0.7679,0.727,0.65,0.0,0.0307,3.88
WRK-00587,0.3962,43.65,0,0.7172,0,0.4355,0.5667,0.8029,0.88,0.0,0.0343,3.59
WRK-00588,0.6983,89.85,0,0.9826,0,0.7993,0.4629,0.7721,0.82,1.0,0.0389,12.22
WRK-00589,0.441,46.23,0,0.6629,0,0.4482,0.5077,0.363,1.09,1.0,0.1625,2.19
WRK-00590,0.4416,55.35,0,0.7144,0,0.9072,0.8359,0.5216,8.93,3.0,0.3389,4.78
WRK-00591,0.4437,39.39,0,0.722,0,0.7207,0.3218,0.9139,1.03,1.0,0.2585,1.88
WRK-00592,0.365,0.2,0,0.4257,0,1.0,0.9553,0.788,0.3,0.0,0.1833,0.0
WRK-00593,0.5702,33.33,1,0.8711,0,0.4846,0.4806,0.467,0.71,1.0,0.222,11.31
WRK-00594,0.4403,16.71,0,0.5215,0,0.5668,0.3039,0.5325,4.49,1.0,0.1688,2.24
WRK-00595,0.3816,55.78,0,1.0,0,0.1191,1.0,0.8095,1.13,0.0,0.2635,4.03
WRK-00596,0.3659,51.63,0,0.7599,0,0.8852,0.6083,0.2554,35.59,4.1,0.8353,12.75
WRK-00597,0.5101,88.96,0,1.0,0,0.7094,0.3515,0.5335,2.57,1.0,0.2162,10.53
WRK-00598,0.5193,48.36,0,0.7548,0,0.4041,0.6292,0.7868,2.97,0.0,0.3858,1.06
WRK-00599,0.42,45.91,0,0.5903,0,0.9495,0.994,0.9136,2.32,4.0,0.0012,2.89
WRK-00600,0.4404,39.35,0,0.651,0,0.6502,0.1009,0.8006,0.11,0.0,0.0562,4.66
WRK-00601,0.5356,88.13,1,0.9661,0,0.05,1.0,0.384,1.26,3.0,0.1453,19.64
WRK-00602,0.5928,36.43,1,0.6366,0,0.2558,1.0,0.7937,2.03,8.0,0.033,14.03
WRK-00603,0.3513,41.07,0,0.7946,0,0.8775,0.5819,0.7606,6.75,3.0,0.2521,1.67
WRK-00604,0.5635,20.33,1,0.7862,0,0.4257,0.6489,0.6396,1.01,0.0,0.3668,14.74
WRK-00605,0.5184,50.92,0,0.7012,1,0.8774,0.672,0.2771,51.87,9.3,0.6325,27.61
WRK-00606,0.571,172.29,0,1.0,0,0.4872,0.4691,0.5597,0.87,1.0,0.0936,13.69
WRK-00607,0.4363,71.28,1,0.9914,0,0.0814,1.0,0.7678,0.46,2.0,0.3897,16.29
WRK-00608,0.6643,85.33,0,1.0,0,0.2476,1.0,0.7046,2.04,2.0,0.0392,10.52
WRK-00609,0.6086,17.63,0,0.6141,0,0.75,0.3921,0.5776,4.65,3.0,0.2289,1.7
WRK-00610,0.4741,53.03,1,0.7695,0,0.2371,1.0,0.6384,1.17,2.0,0.3178,11.97
WRK-00611,0.5785,51.74,1,0.8025,0,0.7025,0.3864,0.6597,2.52,7.0,0.3599,11.15
WRK-00612,0.7765,106.47,1,0.9294,0,0.1774,1.0,0.7488,0.21,5.0,0.5478,19.48
WRK-00613,0.4794,37.54,0,0.5924,0,1.0,0.9663,0.5276,3.34,1.0,0.1652,1.48
WRK-00614,0.6009,114.68,0,0.968,0,0.1663,1.0,0.7693,3.39,1.0,0.3103,11.18
WRK-00615,0.4848,31.45,1,0.6042,1,0.5162,0.3899,0.1283,69.73,6.0,0.7596,18.19
WRK-00616,0.2802,59.64,0,0.566,0,0.3684,0.8397,0.7348,0.04,0.0,0.217,3.67
WRK-00617,0.6781,25.68,0,0.7424,1,0.4969,0.4047,0.6013,3.41,0.0,0.3809,4.03
WRK-00618,0.496,85.88,0,1.0,0,0.7651,0.3553,0.7919,0.44,1.0,0.3084,10.18
WRK-00619,0.508,73.38,0,0.9358,0,0.1771,1.0,0.5467,3.83,0.0,0.0108,4.66
WRK-00620,0.5228,41.79,0,0.982,0,0.7773,0.5261,0.0636,65.3,4.7,0.9013,13.53
WRK-00621,0.7323,134.82,1,1.0,0,0.3624,0.7512,0.6614,2.98,5.0,0.4042,19.27
WRK-00622,0.661,62.15,0,0.9137,0,0.7111,0.3687,0.862,0.49,1.0,0.1085,3.2
WRK-00623,0.6072,28.98,0,0.8777,1,0.4496,0.8744,0.4127,2.18,1.0,0.2926,7.98
WRK-00624,0.612,98.21,0,1.0,0,0.8139,0.4673,0.8186,0.17,2.0,0.1633,11.46
WRK-00625,0.5455,94.19,0,0.9847,0,0.6336,0.1098,0.6569,1.64,1.0,0.2125,8.84
WRK-00626,0.5443,35.1,0,0.9766,0,0.7084,0.1537,0.5571,2.41,0.0,0.3631,5.56
WRK-00627,0.4825,96.65,0,1.0,0,0.3225,1.0,0.925,0.24,2.0,0.3414,11.35
WRK-00628,0.4521,71.92,1,1.0,0,0.1329,1.0,0.8418,1.91,2.0,0.2597,16.28
WRK-00629,0.7482,109.01,1,0.945,1,0.4664,0.491,0.7464,5.11,2.0,0.4222,18.3
WRK-00630,0.412,52.2,0,1.0,1,0.5525,0.3432,0.3117,43.38,7.8,0.9265,16.01
WRK-00631,0.4251,21.89,0,0.6493,0,0.5809,0.2943,0.668,11.4,1.0,0.262,1.7
WRK-00632,0.4854,70.97,0,1.0,0,0.4811,0.7395,0.3401,82.53,7.0,0.7541,26.21
WRK-00633,0.5555,72.74,1,0.7559,0,0.4898,0.4598,0.8131,1.11,3.0,0.3529,13.33
WRK-00634,0.5745,87.27,0,0.8636,0,0.5365,0.2881,0.7634,1.3,2.0,0.0477,12.25
WRK-00635,0.551,27.98,0,0.6912,0,0.6616,0.2251,0.8957,1.31,0.0,0.2137,3.29
WRK-00636,0.5585,33.91,0,0.6806,0,0.6162,0.3366,0.7081,0.54,0.0,0.112,0.0
WRK-00637,0.5963,49.64,1,0.8647,0,0.2203,1.0,0.847,2.92,4.0,0.1595,16.5
WRK-00638,0.3419,64.2,0,1.0,0,0.5522,0.4104,0.8865,0.34,2.0,0.3262,5.89
WRK-00639,0.2012,58.77,0,0.7788,0,0.4715,0.6023,0.6945,0.11,1.0,0.1708,0.0
WRK-00640,0.4386,26.77,0,0.4099,0,0.5322,0.3442,0.493,2.07,1.0,0.2933,1.48
WRK-00641,0.3923,60.93,0,0.6,0,0.8088,0.4614,0.0668,48.13,4.5,0.7411,13.06
WRK-00642,0.4713,49.47,0,0.655,0,0.8959,0.6928,0.7282,7.0,1.0,0.1674,2.17
WRK-00643,0.3795,97.42,0,0.9295,0,0.2575,1.0,0.6586,0.07,2.0,0.3638,10.94
WRK-00644,0.708,70.78,0,0.685,0,0.9801,0.8293,0.1904,119.65,6.6,0.9875,11.75
WRK-00645,0.5177,55.09,0,0.7586,0,0.7258,0.2913,0.5578,0.76,0.0,0.3973,1.19
WRK-00646,0.4442,53.56,0,0.9293,0,0.8171,0.6575,0.8779,0.78,0.0,0.3924,6.58
WRK-00647,0.6459,93.88,0,0.8428,0,0.5362,0.7259,0.7911,1.96,3.0,0.1107,11.02
WRK-00648,0.652,89.12,1,0.915,0,0.5054,0.4214,0.6417,0.13,1.0,0.0062,20.39
WRK-00649,0.4234,9.22,0,0.5375,1,0.7573,0.2706,0.7421,3.37,1.0,0.1823,2.97
WRK-00650,0.4489,54.76,0,0.7078,0,0.9728,1.0,0.7793,0.14,1.0,0.0576,3.09
WRK-00651,0.7579,100.31,1,0.792,0,0.1314,1.0,0.7311,0.68,2.0,0.512,13.56
WRK-00652,0.363,41.46,0,0.6836,1,0.4049,0.8235,0.8918,0.14,0.0,0.2045,4.24
WRK-00653,0.4437,44.12,0,0.8543,0,0.8072,0.555,0.8387,0.14,0.0,0.1062,6.95
WRK-00654,0.6082,44.95,0,0.6598,0,0.2559,1.0,0.7474,1.06,1.0,0.3775,2.31
WRK-00655,0.6016,71.28,0,0.8892,0,0.8191,0.6862,0.7769,0.39,0.0,0.1118,5.2
WRK-00656,0.6045,102.12,0,0.9785,0,0.2406,1.0,0.488,3.54,1.0,0.1551,10.51
WRK-00657,0.4447,47.56,0,0.7462,0,0.388,0.6682,0.7826,4.0,2.0,0.1468,2.28
WRK-00658,0.4054,40.95,0,0.653,0,0.4877,0.5596,0.5634,0.74,0.0,0.1421,0.0
WRK-00659,0.6891,141.57,0,1.0,0,0.616,0.0989,0.7655,1.68,6.0,0.0159,13.51
WRK-00660,0.4786,60.5,0,1.0,0,0.399,1.0,0.6206,2.43,1.0,0.183,6.64
WRK-00661,0.5468,39.2,0,0.9332,1,0.7534,0.3682,0.696,1.43,1.0,0.3334,3.6
WRK-00662,0.414,83.36,0,0.9269,0,0.4922,0.5441,0.631,1.02,4.0,0.1762,6.57
WRK-00663,0.5314,109.93,1,1.0,0,0.3399,0.8685,0.6678,0.78,3.0,0.5796,19.58
WRK-00664,0.7005,23.73,0,0.7715,0,0.7194,0.3444,0.6884,3.25,1.0,0.3571,2.05
WRK-00665,0.6382,56.72,0,0.7552,0,0.5259,0.5544,0.6634,1.37,0.0,0.2496,1.75
WRK-00666,0.4464,45.89,0,0.7394,0,0.814,0.836,0.7394,4.17,1.0,0.1753,4.28
WRK-00667,0.5398,78.3,1,0.8627,0,0.7289,0.2417,0.844,4.27,5.0,0.2373,8.51
WRK-00668,0.4123,51.81,0,0.9432,0,0.8423,0.5106,0.2273,75.55,7.5,0.8739,14.01
WRK-00669,0.3262,42.13,0,0.8487,0,0.408,0.6138,0.7094,2.44,0.0,0.2118,2.02
WRK-00670,0.6676,40.62,0,0.8548,0,0.388,0.7202,0.8011,2.38,0.0,0.277,7.35
WRK-00671,0.3331,22.91,0,0.4355,0,0.7238,0.3682,0.7915,6.0,3.0,0.1911,3.62
WRK-00672,0.7106,104.35,1,1.0,1,0.3809,0.9668,0.7988,2.25,7.0,0.4517,17.79
WRK-00673,0.348,58.47,0,0.8933,0,0.2742,0.947,0.6615,1.19,0.0,0.3902,4.99
WRK-00674,0.6838,88.18,1,0.9596,0,0.5748,0.2063,0.6948,5.78,5.0,0.2678,18.27
WRK-00675,0.6304,92.19,0,1.0,0,0.433,0.5437,0.0612,51.41,8.2,0.9782,32.83
WRK-00676,0.5027,44.24,1,0.5348,0,0.2977,1.0,0.8981,1.22,2.0,0.0713,7.22
WRK-00677,0.4988,95.14,0,0.8691,0,0.6924,0.1953,0.7875,1.07,0.0,0.1439,10.45
WRK-00678,0.6147,87.35,0,1.0,0,0.5034,0.4019,0.8732,3.6,1.0,0.2809,5.05
WRK-00679,0.4942,96.93,0,1.0,0,0.7885,0.4985,0.7256,0.06,3.0,0.1211,10.47
WRK-00680,0.293,5.51,0,0.5112,0,0.3397,0.8259,0.5745,2.84,0.0,0.211,2.86
WRK-00681,0.3351,48.71,0,0.7321,0,0.3447,0.9728,0.7542,0.1,2.0,0.3752,4.28
WRK-00682,0.4208,65.25,1,1.0,1,0.5984,0.9734,0.6655,3.44,4.0,0.0005,13.88
WRK-00683,0.3213,13.8,0,0.639,0,0.5221,0.5011,0.0964,60.65,7.8,0.6933,14.77
WRK-00684,0.2188,40.5,0,0.5717,0,0.4173,0.5881,0.6239,1.44,0.0,0.0804,4.04
WRK-00685,0.4686,28.7,0,0.767,0,0.8474,0.5212,0.7706,1.26,1.0,0.3763,0.7
WRK-00686,0.546,57.38,0,0.8564,0,0.8901,0.9774,0.3234,46.03,4.6,0.8556,26.65
WRK-00687,0.7123,83.99,1,0.9383,0,0.5875,0.1771,0.57,0.45,2.0,0.3914,16.63
WRK-00688,0.665,121.34,1,1.0,0,0.586,0.4269,0.8472,2.06,4.0,0.5266,20.31
WRK-00689,0.5998,57.02,0,0.7682,0,0.3873,1.0,0.7378,2.42,2.0,0.2746,3.69
WRK-00690,0.3271,93.7,0,0.9322,0,0.8038,0.4624,0.8611,0.86,0.0,0.3866,6.75
WRK-00691,0.2889,38.29,0,0.5273,0,0.4104,0.609,0.6923,2.2,0.0,0.2542,3.6
WRK-00692,0.4465,70.01,0,0.8298,0,0.4858,0.4966,0.77,5.84,1.0,0.0532,2.69
WRK-00693,0.4495,24.33,0,0.5819,0,0.4494,0.6859,0.6429,0.32,1.0,0.0932,4.54
WRK-00694,0.4522,14.64,0,0.5534,0,0.6127,0.2425,0.6517,0.8,0.0,0.0809,0.66
WRK-00695,0.7704,131.42,1,1.0,1,0.1344,1.0,0.4588,3.94,4.0,0.4592,23.07
WRK-00696,0.421,165.86,1,1.0,0,0.539,0.45,0.695,0.21,4.0,0.2626,18.0
WRK-00697,0.402,52.15,0,0.7606,0,1.0,1.0,0.4779,0.43,0.0,0.1485,3.9
WRK-00698,0.6243,95.42,0,0.9879,0,0.2809,1.0,0.8334,2.43,2.0,0.0905,9.62
WRK-00699,0.7039,85.41,0,0.9929,0,0.2283,1.0,0.7671,0.37,2.0,0.0081,9.17
WRK-00700,0.883,110.24,1,1.0,1,0.1097,1.0,0.8175,2.24,0.0,0.2688,19.68
WRK-00701,0.509,126.26,1,1.0,0,0.3458,1.0,0.7948,0.08,5.0,0.4521,23.57
WRK-00702,0.6312,177.4,0,1.0,0,0.7715,0.7122,0.1158,52.2,11.7,0.9221,33.83
WRK-00703,0.6469,10.95,0,0.7545,0,0.8649,0.7547,0.6648,0.84,1.0,0.3203,4.09
WRK-00704,0.4327,19.45,0,0.7168,0,0.5704,0.3153,0.8092,3.33,0.0,0.3294,2.74
WRK-00705,0.4985,32.79,1,0.9355,0,0.5635,0.4896,0.9335,2.48,2.0,0.0533,14.53
WRK-00706,0.6077,67.96,1,0.9848,0,0.3432,0.8809,0.7028,0.78,4.0,0.2969,10.97
WRK-00707,0.7021,104.47,1,1.0,0,0.5772,0.5133,0.5642,0.09,3.0,0.5635,21.21
WRK-00708,0.5223,109.53,1,1.0,0,0.1863,1.0,0.2689,54.9,8.4,1.0,34.61
WRK-00709,0.7276,74.93,0,0.9349,1,0.653,0.0507,0.8154,2.22,0.0,0.1022,6.71
WRK-00710,0.7333,74.43,0,0.8074,0,0.5652,0.3458,0.5883,0.12,0.0,0.3488,4.97
WRK-00711,0.4407,54.24,0,0.7301,0,0.3101,0.8704,0.5689,1.53,1.0,0.1591,3.53
WRK-00712,0.5804,79.68,1,0.9347,0,0.3465,0.9609,0.7403,7.23,4.0,0.0852,17.48
WRK-00713,0.4069,24.5,0,0.6449,0,0.5473,0.5357,0.2944,105.89,5.2,0.7013,14.57
WRK-00714,0.378,46.9,0,0.5957,1,0.7194,0.2852,0.5722,0.23,1.0,0.0498,1.8
WRK-00715,0.3534,22.03,0,0.7157,0,0.7041,0.1536,0.9168,0.59,1.0,0.2564,2.44
WRK-00716,0.6223,64.26,1,0.9223,1,0.2814,0.9271,0.8525,0.32,3.0,0.1018,12.7
WRK-00717,0.6577,82.46,1,0.8554,0,0.1286,1.0,0.1055,70.05,5.7,0.8322,33.36
WRK-00718,0.585,80.04,1,0.9363,0,0.5485,0.3323,0.7833,1.43,2.0,0.2032,19.07
WRK-00719,0.5644,30.7,0,0.7232,1,0.3373,0.8929,0.6597,1.56,1.0,0.0363,5.55
WRK-00720,0.5419,89.92,1,0.9765,0,0.0728,1.0,0.8775,3.62,5.0,0.0704,21.51
WRK-00721,0.4541,25.49,0,0.6508,1,0.4598,0.4904,0.5045,0.62,1.0,0.3537,1.77
WRK-00722,0.2967,0.0,0,0.4766,0,0.3516,0.7707,0.6912,0.56,0.0,0.3396,5.53
WRK-00723,0.4145,45.89,0,0.6986,0,0.5099,0.4568,0.6268,0.95,0.0,0.0273,2.26
WRK-00724,0.795,125.24,1,1.0,0,0.5004,0.472,0.6811,0.9,3.0,0.6498,15.36
WRK-00725,0.4963,53.34,0,0.8935,0,0.6697,0.056,0.8372,2.27,0.0,0.3518,7.17
WRK-00726,0.7618,72.79,1,1.0,0,0.2174,1.0,0.8265,5.34,2.0,0.2039,17.02
WRK-00727,0.3121,54.85,0,0.8072,0,0.4443,0.5287,0.7239,0.1,0.0,0.0186,5.49
WRK-00728,0.6767,101.74,1,1.0,1,0.6374,0.2871,0.9174,0.11,4.0,0.3473,14.06
WRK-00729,0.7018,77.02,1,0.9121,0,0.5678,0.2714,0.7106,0.88,2.0,0.1273,8.3
WRK-00730,0.3497,38.67,0,0.6967,0,0.2772,0.981,0.5181,0.15,0.0,0.2169,2.5
WRK-00731,0.3777,65.37,0,0.6517,1,0.6492,0.0189,0.8227,0.3,0.0,0.3877,1.19
WRK-00732,0.7153,79.4,1,0.9799,0,0.6455,0.0436,0.7812,1.7,3.0,0.2188,14.11
WRK-00733,0.3521,28.47,0,0.6406,0,1.0,0.8766,0.9092,2.63,1.0,0.1149,3.06
WRK-00734,0.4681,56.7,0,0.829,0,0.5507,0.411,0.5048,0.98,1.0,0.3299,4.73
WRK-00735,0.6774,23.98,0,0.6394,0,0.7523,0.5022,0.6568,3.16,0.0,0.1995,4.49
WRK-00736,0.3863,85.22,1,0.8419,0,0.5158,0.3783,0.4244,0.54,3.0,0.3413,18.05
WRK-00737,0.4943,43.39,0,0.7606,0,0.9076,0.785,0.6759,2.51,2.0,0.391,3.48
WRK-00738,0.5247,94.6,0,1.0,0,0.7828,0.538,0.7797,0.54,2.0,0.3517,12.16
WRK-00739,0.2826,36.8,0,0.6203,1,0.6242,0.0706,0.626,4.16,1.0,0.0933,1.9
WRK-00740,0.2918,29.42,0,0.4793,0,0.2421,1.0,0.6993,1.07,0.0,0.0727,3.37
WRK-00741,0.3833,48.0,0,0.6293,1,0.884,0.639,0.8164,0.54,0.0,0.3554,2.53
WRK-00742,0.3816,53.33,0,0.7723,0,0.9356,0.8994,0.9162,0.77,2.0,0.3102,3.8
WRK-00743,0.3928,37.89,0,0.6449,0,0.9743,0.875,0.7954,0.23,2.0,0.0372,0.73
WRK-00744,0.5292,41.65,1,0.9551,0,0.05,1.0,0.8921,3.59,3.0,0.1156,15.67
WRK-00745,0.5504,54.2,0,0.8849,0,0.7639,0.3392,0.1136,21.37,5.1,0.6442,20.15
WRK-00746,0.5047,113.46,0,1.0,1,0.214,1.0,0.6267,0.21,2.0,0.3572,8.34
WRK-00747,0.6143,101.21,0,0.976,1,0.7884,0.4404,0.6536,4.24,2.0,0.322,10.36
WRK-00748,0.3134,63.59,0,1.0,0,0.6543,0.4515,0.6154,0.37,1.0,0.2927,6.5
WRK-00749,0.4856,83.23,0,1.0,0,0.2314,1.0,0.7906,2.54,2.0,0.1665,13.22
WRK-00750,0.5521,38.08,0,0.8695,0,0.2023,1.0,0.6785,1.87,0.0,0.0323,6.7
WRK-00751,0.3946,25.59,1,0.5628,0,0.2184,1.0,0.7834,2.83,4.0,0.1307,8.3
WRK-00752,0.7185,38.34,0,0.9215,0,0.3248,1.0,0.5341,4.53,0.0,0.1435,8.35
WRK-00753,0.8192,150.75,1,1.0,0,0.05,1.0,0.7173,0.03,2.0,0.6279,24.07
WRK-00754,0.4428,12.06,0,0.5199,0,0.9063,0.7144,0.7638,1.73,0.0,0.2883,2.82
WRK-00755,0.573,138.22,0,1.0,0,0.1595,1.0,0.8741,1.14,2.0,0.1142,12.99
WRK-00756,0.639,118.77,1,0.9265,0,0.6876,0.1466,0.5502,1.53,3.0,0.3354,20.41
WRK-00757,0.3924,74.47,0,0.8009,0,0.5464,0.2969,0.2736,61.69,8.8,0.8733,14.43
WRK-00758,0.618,102.34,0,1.0,0,0.5817,0.2107,0.8271,3.74,3.0,0.1662,9.86
WRK-00759,0.59,27.85,0,0.8697,0,0.6151,0.768,0.6733,1.12,0.0,0.1517,10.36
WRK-00760,0.4286,63.11,0,0.8817,0,0.3238,0.9747,0.6455,2.21,0.0,0.1087,7.21
WRK-00761,0.4629,35.57,0,0.8221,1,0.6065,0.2995,0.5134,2.17,0.0,0.3062,5.92
WRK-00762,0.7457,88.05,0,1.0,0,0.6883,0.1429,0.0763,54.28,4.0,0.7783,23.12
WRK-00763,0.3882,22.76,0,0.6064,0,0.3694,0.7604,0.7811,8.82,1.0,0.143,3.31
WRK-00764,0.2417,12.22,0,0.5178,0,0.5731,0.4145,0.805,1.38,0.0,0.1282,0.06
WRK-00765,0.4759,98.11,0,1.0,0,0.6011,0.4498,0.8535,2.6,3.0,0.2594,10.51
WRK-00766,0.4725,40.97,1,0.746,0,0.3655,0.9321,0.3189,0.08,1.0,0.2593,6.8
WRK-00767,0.7278,156.07,0,1.0,0,0.2108,1.0,0.915,1.12,3.0,0.2858,12.91
WRK-00768,0.653,84.28,0,0.9629,0,0.2423,1.0,0.5302,0.25,1.0,0.0332,11.22
WRK-00769,0.6162,14.29,0,0.7529,0,0.7256,0.1931,0.6685,0.24,0.0,0.296,3.53
WRK-00770,0.695,69.5,1,0.8327,0,0.7803,0.3277,0.5335,1.96,4.0,0.081,10.66
WRK-00771,0.2948,53.59,1,0.6909,0,0.2692,1.0,0.693,1.71,2.0,0.1702,10.08
WRK-00772,0.2668,27.43,0,0.6411,0,0.6072,0.2462,0.6914,1.73,0.0,0.0653,0.97
WRK-00773,0.8098,87.94,1,1.0,0,0.1213,1.0,0.8487,1.42,2.0,0.1757,17.83
WRK-00774,0.4957,56.87,1,0.7078,0,0.7555,0.2772,0.8936,1.74,1.0,0.3823,7.92
WRK-00775,0.4758,67.07,0,0.7839,0,0.973,1.0,0.44,1.44,0.0,0.01,4.31
WRK-00776,0.4997,19.24,0,0.3939,0,0.5683,0.7614,0.8194,2.34,0.0,0.2652,5.41
WRK-00777,0.7645,87.41,0,0.8554,0,0.0745,1.0,0.5013,5.18,0.0,0.1298,10.64
WRK-00778,0.7747,79.65,0,0.9632,0,0.5879,0.4808,0.7461,0.66,2.0,0.3784,5.83
WRK-00779,0.4071,64.33,0,1.0,0,0.5049,0.6471,0.758,0.77,1.0,0.0535,4.87
WRK-00780,0.5885,78.32,0,0.8264,0,0.6899,0.1637,0.8931,2.56,0.0,0.3754,6.77
WRK-00781,0.4229,24.94,0,0.5021,0,0.4397,0.7853,0.3041,97.19,7.6,0.7353,23.74
WRK-00782,0.3691,60.02,0,0.7423,0,0.3414,1.0,0.4599,8.91,1.0,0.3296,3.2
WRK-00783,0.6665,107.07,0,1.0,0,0.1182,1.0,0.6264,0.06,4.0,0.2678,10.49
WRK-00784,0.7405,131.93,0,0.9926,0,0.7452,0.3258,0.6796,1.3,4.0,0.3994,10.78
WRK-00785,0.5463,103.36,1,1.0,0,0.2639,1.0,0.8251,0.14,8.0,0.2478,18.61
WRK-00786,0.706,68.9,0,0.9876,0,0.2392,1.0,0.7425,0.58,2.0,0.0649,7.85
WRK-00787,0.6437,97.34,0,1.0,0,0.7728,0.4078,0.7223,5.99,0.0,0.2769,5.41
WRK-00788,0.4296,64.9,0,0.7729,1,0.8526,0.8172,0.7859,2.13,2.0,0.1244,0.99
WRK-00789,0.6083,93.07,1,0.9532,0,0.5871,0.1637,0.093,47.69,9.5,0.6231,37.62
WRK-00790,0.6988,108.85,1,0.9982,0,0.3513,0.8443,0.4956,1.45,2.0,0.275,19.84
WRK-00791,0.6594,95.37,1,1.0,0,0.4382,0.6732,0.8212,1.69,1.0,0.3817,18.5
WRK-00792,0.6671,95.38,1,0.9961,1,0.3062,0.9113,0.6301,3.87,7.0,0.146,22.02
WRK-00793,0.5512,36.57,1,0.735,0,0.2461,1.0,0.7006,0.06,2.0,0.3925,10.69
WRK-00794,0.5608,38.21,0,0.6919,0,0.7827,0.4927,0.8458,1.05,0.0,0.075,3.02
WRK-00795,0.7084,133.48,0,1.0,0,0.6334,0.1743,0.8175,0.36,3.0,0.02,11.35
WRK-00796,0.478,53.8,0,0.9018,0,0.4748,0.5096,0.7936,4.96,1.0,0.2578,4.7
WRK-00797,0.4475,14.31,0,0.5233,1,0.6293,0.1099,0.1901,83.1,5.9,0.9008,25.42
WRK-00798,0.7704,86.7,0,0.9693,0,0.4234,0.7721,0.7905,1.98,2.0,0.0046,8.4
WRK-00799,0.4136,96.86,0,1.0,0,0.5918,0.1526,0.6513,0.73,2.0,0.2203,10.06
WRK-00800,0.6738,86.53,0,0.9824,0,0.3339,0.8244,0.6422,2.58,1.0,0.3725,11.92
WRK-00801,0.5742,78.04,0,1.0,0,0.7524,0.2888,0.497,1.78,1.0,0.1834,1.47
WRK-00802,0.5698,80.36,0,1.0,1,0.8138,0.4712,0.8115,0.37,2.0,0.23,9.13
WRK-00803,0.8152,105.27,0,0.9582,0,0.5439,0.5721,0.7202,2.15,3.0,0.0272,8.54
WRK-00804,0.3864,21.13,0,0.5957,1,0.5876,0.1989,0.6162,1.0,1.0,0.0395,4.86
WRK-00805,0.23,48.69,0,0.8507,0,0.3338,1.0,0.7947,3.06,1.0,0.0347,6.97
WRK-00806,0.4987,49.64,1,0.7629,0,0.7173,0.5206,0.7721,0.84,6.0,0.1426,11.22
WRK-00807,0.5777,134.03,1,1.0,0,0.1538,1.0,0.5989,2.13,3.0,0.3437,20.64
WRK-00808,0.6669,88.28,1,1.0,0,0.6013,0.2031,0.8789,0.13,7.0,0.0553,17.79
WRK-00809,0.7301,86.04,1,0.8166,0,0.4515,0.6895,0.1452,32.73,8.0,0.6316,30.7
WRK-00810,0.4004,29.55,0,0.578,0,0.8422,0.5062,0.1425,86.99,4.6,0.621,19.59
WRK-00811,0.681,104.76,1,1.0,0,0.2524,1.0,0.3662,0.41,6.0,0.5384,18.14
WRK-00812,0.328,21.15,0,0.3934,0,0.6638,0.3549,0.7977,2.07,0.0,0.1448,0.0
WRK-00813,0.4101,42.28,0,0.74,0,0.3236,0.9237,0.7623,3.92,1.0,0.3764,3.79
WRK-00814,0.4472,53.95,0,0.9373,0,0.673,0.273,0.6996,2.18,1.0,0.1653,3.49
WRK-00815,0.3613,59.56,0,0.8331,0,0.6778,0.547,0.617,0.03,2.0,0.1209,3.35
WRK-00816,0.4234,41.74,0,0.6646,0,0.7211,0.2986,0.8004,2.82,0.0,0.0479,0.0
WRK-00817,0.7472,156.36,1,1.0,0,0.1056,1.0,0.7311,2.53,2.0,0.237,20.91
WRK-00818,0.7058,99.52,0,1.0,0,0.6858,0.2319,0.7309,6.92,1.0,0.2321,10.97
WRK-00819,0.2869,66.7,0,0.9038,0,0.4731,0.6259,0.6363,3.31,0.0,0.3142,5.67
WRK-00820,0.4591,24.67,0,0.5602,0,0.6331,0.4173,0.9042,0.36,2.0,0.3605,3.41
WRK-00821,0.5009,164.88,1,1.0,0,0.3239,0.8558,0.8686,3.55,2.0,0.4239,19.77
WRK-00822,0.3643,53.39,0,0.8355,0,0.6995,0.2693,0.8019,1.02,0.0,0.3598,0.88
WRK-00823,0.5004,41.18,0,0.8001,0,0.9317,0.8266,0.8717,0.92,1.0,0.1477,6.23
WRK-00824,0.4119,49.33,0,0.702,0,0.4759,0.6619,0.8368,0.39,0.0,0.3263,3.43
WRK-00825,0.6949,82.15,0,0.9896,1,0.7421,0.4419,0.7179,1.57,1.0,0.3184,8.3
WRK-00826,0.8101,109.5,1,1.0,0,0.05,1.0,0.9132,0.59,3.0,0.5543,24.12
WRK-00827,0.343,43.91,0,0.6852,0,0.6438,0.1145,0.8816,1.99,1.0,0.1813,0.64
WRK-00828,0.4269,16.26,0,0.5412,0,0.7671,0.8993,0.8244,2.97,1.0,0.3728,1.57
WRK-00829,0.4657,58.37,0,0.8428,0,1.0,1.0,0.6877,0.04,1.0,0.0502,11.09
WRK-00830,0.5831,110.53,0,1.0,0,0.4735,0.5998,0.791,0.98,6.0,0.035,11.69
WRK-00831,0.702,56.46,0,0.9967,0,0.6861,0.1602,0.652,0.73,2.0,0.3294,6.16
WRK-00832,0.4349,15.7,0,0.8284,0,0.8465,0.7772,0.7209,0.68,4.0,0.2126,5.16
WRK-00833,0.7136,100.93,1,1.0,0,0.5266,0.3729,0.7715,0.4,3.0,0.2528,16.27
WRK-00834,0.5812,39.51,0,0.9592,0,0.8208,0.9266,0.1417,43.84,5.1,0.8385,27.52
WRK-00835,0.4721,88.87,0,0.8418,0,0.5637,0.2467,0.7894,0.67,2.0,0.1776,7.88
WRK-00836,0.4104,43.28,0,0.8184,0,0.9113,0.7202,0.8563,1.3,1.0,0.1749,5.37
WRK-00837,0.5162,72.62,0,0.8053,0,1.0,1.0,0.8828,3.96,2.0,0.0892,8.87
WRK-00838,0.4252,24.88,0,0.7126,0,0.6579,0.0887,0.9142,1.67,0.0,0.339,0.0
WRK-00839,0.7147,72.28,1,0.9905,0,0.3945,0.6461,0.8185,0.2,1.0,0.3201,15.91
WRK-00840,0.3349,32.43,0,0.5395,0,0.4909,0.5525,0.2183,27.63,3.6,0.8759,18.91
WRK-00841,0.4258,87.83,0,1.0,0,0.3715,1.0,0.6136,1.19,3.0,0.3586,7.72
WRK-00842,0.4343,45.31,0,0.6631,0,0.5328,0.3878,0.6103,6.15,2.0,0.0002,3.5
WRK-00843,0.4662,7.39,0,0.5324,0,0.3849,0.7573,0.745,0.15,2.0,0.0304,6.38
WRK-00844,0.6925,100.13,1,1.0,0,0.3809,1.0,0.1859,48.31,3.3,0.9429,39.83
WRK-00845,0.7825,83.31,0,1.0,0,0.7012,0.1652,0.8009,1.53,4.0,0.3075,8.59
WRK-00846,0.724,98.45,0,1.0,0,0.4278,0.581,0.6519,0.34,0.0,0.1648,9.44
WRK-00847,0.4786,15.05,0,0.882,0,0.2394,1.0,0.4782,0.43,0.0,0.079,4.06
WRK-00848,0.6994,99.13,1,1.0,0,0.1289,1.0,0.7922,0.45,4.0,0.0482,15.41
WRK-00849,0.426,39.37,0,0.593,0,0.8587,0.5492,0.8781,1.18,1.0,0.3064,0.61
WRK-00850,0.5943,78.53,0,0.8413,1,0.6226,0.448,0.7287,2.52,0.0,0.2304,3.43
WRK-00851,0.4143,22.49,0,0.5518,0,0.8184,0.4238,0.8895,1.71,1.0,0.3783,1.74
WRK-00852,0.4688,62.41,0,0.8509,0,0.244,1.0,0.4462,2.26,0.0,0.1882,6.03
WRK-00853,0.2527,10.79,0,0.5169,0,0.7781,0.5899,0.8452,0.58,1.0,0.1016,3.29
WRK-00854,0.4179,40.23,0,0.9655,0,0.5871,0.2124,0.615,1.1,0.0,0.2056,6.25
WRK-00855,0.514,52.78,0,1.0,1,0.6867,0.1245,0.8535,1.05,1.0,0.2242,7.23
WRK-00856,0.3848,52.32,0,0.6859,0,0.8644,0.8527,0.189,47.69,7.4,0.6043,11.15
WRK-00857,0.5742,41.2,0,1.0,0,0.8084,0.4165,0.714,1.14,0.0,0.2886,7.32
WRK-00858,0.7825,105.73,1,0.9864,0,0.0574,1.0,0.2993,115.7,13.2,1.0,41.53
WRK-00859,0.2983,83.0,0,0.9469,0,0.5207,0.8121,0.7691,1.91,0.0,0.2676,8.83
WRK-00860,0.3371,54.91,1,0.7621,1,0.3368,0.904,0.5748,0.38,5.0,0.387,7.14
WRK-00861,0.514,7.9,0,0.5051,0,1.0,1.0,0.6978,1.16,1.0,0.2569,5.32
WRK-00862,0.4081,18.16,0,0.5539,0,0.7095,0.3551,0.8516,4.48,3.0,0.0851,1.06
WRK-00863,0.6865,107.0,1,1.0,0,0.4694,0.4769,0.8668,4.49,4.0,0.2814,18.8
WRK-00864,0.3753,54.19,1,0.8827,1,0.5737,0.3006,0.6939,2.09,0.0,0.1341,13.22
WRK-00865,0.4092,53.37,1,0.7047,0,0.1793,1.0,0.8779,1.37,1.0,0.0616,8.99
WRK-00866,0.3048,32.79,0,0.6032,0,0.5659,0.3574,0.8117,0.46,1.0,0.3528,0.86
WRK-00867,0.5207,60.66,0,0.6716,0,0.4634,0.859,0.7553,0.01,1.0,0.0019,2.37
WRK-00868,0.3879,54.21,0,0.7042,0,0.4225,0.6677,0.7053,2.33,0.0,0.2303,2.16
WRK-00869,0.7675,60.87,0,0.7766,0,0.684,0.0967,0.5234,0.86,1.0,0.3332,3.23
WRK-00870,0.6879,84.56,0,0.9923,0,0.3792,0.6995,0.7225,0.29,0.0,0.1711,9.25
WRK-00871,0.5965,82.12,0,0.8823,1,0.381,0.7154,0.7301,1.03,2.0,0.137,9.59
WRK-00872,0.5159,28.86,0,0.7474,1,0.3017,0.8886,0.6082,0.61,2.0,0.1419,2.95
WRK-00873,0.5101,109.66,1,1.0,0,0.05,1.0,0.7106,1.24,4.0,0.4808,18.13
WRK-00874,0.7103,119.7,0,1.0,0,0.425,0.6594,0.8886,6.48,1.0,0.3132,8.8
WRK-00875,0.3864,49.77,0,0.7292,0,0.6287,0.5152,0.0727,83.01,5.5,0.6675,18.75
WRK-00876,0.716,79.01,0,1.0,0,0.3294,0.9475,0.3439,75.4,4.9,0.7252,30.5
WRK-00877,0.4991,110.3,1,1.0,0,0.4702,0.4719,0.7431,1.4,3.0,0.3588,16.83
WRK-00878,0.4929,66.01,0,0.8208,0,0.485,0.4853,0.7742,0.22,0.0,0.3576,5.99
WRK-00879,0.7156,86.96,0,0.941,0,0.3047,0.9448,0.7228,0.88,1.0,0.3188,13.45
WRK-00880,0.5002,55.34,0,0.6302,0,0.476,0.5991,0.6776,0.15,0.0,0.2611,1.98
WRK-00881,0.7158,90.49,0,1.0,0,0.2585,1.0,0.5267,1.52,3.0,0.0289,12.24
WRK-00882,0.5311,91.92,0,0.9607,0,0.7831,0.5682,0.1601,43.9,10.2,0.733,22.89
WRK-00883,0.5623,88.68,0,0.9274,0,0.6463,0.1821,0.6462,0.78,1.0,0.0867,11.84
WRK-00884,0.607,37.36,0,0.8673,0,0.3055,0.9656,0.5853,2.55,0.0,0.2888,4.34
WRK-00885,0.3883,67.12,0,0.8184,0,0.9168,0.6937,0.7214,4.99,0.0,0.3305,4.89
WRK-00886,0.2679,71.25,0,0.6142,0,0.7334,0.3996,0.893,0.92,1.0,0.2876,0.1
WRK-00887,0.6301,160.06,1,1.0,0,0.5497,0.4379,0.6282,2.43,5.0,0.6039,19.59
WRK-00888,0.5504,51.67,0,0.9636,0,0.4267,0.6874,0.7123,0.63,1.0,0.2343,3.2
WRK-00889,0.6541,90.71,1,1.0,0,0.0745,1.0,0.7619,0.25,3.0,0.3833,18.81
WRK-00890,0.5101,66.78,0,1.0,0,0.4567,0.4972,0.7043,1.04,2.0,0.1841,7.82
WRK-00891,0.5753,101.36,0,1.0,0,0.4146,0.6611,0.8377,2.0,3.0,0.2086,10.99
WRK-00892,0.2298,48.18,0,0.6542,0,0.9295,0.8354,0.7169,1.12,0.0,0.1143,0.0
WRK-00893,0.7598,127.87,0,1.0,0,0.1992,1.0,0.4046,1.11,2.0,0.3902,13.33
WRK-00894,0.4523,29.66,0,0.5924,0,0.4079,0.7646,0.6425,1.53,0.0,0.273,2.4
WRK-00895,0.3161,49.38,0,0.5358,0,0.6983,0.1833,0.9258,0.64,3.0,0.0087,3.34
WRK-00896,0.6498,71.64,0,0.8999,0,0.5403,0.4039,0.6981,0.72,1.0,0.2067,2.85
WRK-00897,0.7316,85.06,0,0.8727,0,0.4813,0.784,0.9292,1.44,3.0,0.2176,10.47
WRK-00898,0.7535,63.68,0,1.0,0,0.478,0.4456,0.8332,0.34,3.0,0.0222,4.13
WRK-00899,0.7319,106.27,0,1.0,1,0.4347,0.6443,0.2405,40.57,6.9,0.8994,27.15
WRK-00900,0.7376,97.54,0,0.9752,0,0.2888,1.0,0.7486,3.59,1.0,0.391,10.65
WRK-00901,0.6615,122.66,1,1.0,0,0.5728,0.4243,0.5591,2.74,7.0,0.4415,18.02
WRK-00902,0.7225,111.15,1,1.0,1,0.2165,1.0,0.8486,0.39,2.0,0.3569,17.63
WRK-00903,0.5486,29.13,0,1.0,1,0.7351,0.4571,0.7298,2.74,0.0,0.0934,2.17
WRK-00904,0.3582,29.08,0,0.4134,0,0.6645,0.0598,0.7364,1.99,0.0,0.3183,2.14
WRK-00905,0.6488,124.41,0,1.0,0,0.7382,0.7839,0.6974,0.46,6.0,0.2952,13.11
WRK-00906,0.4058,81.36,0,0.7506,0,0.9586,0.8721,0.4733,3.68,3.0,0.1184,4.71
WRK-00907,0.6828,107.24,1,0.9376,0,0.3241,1.0,0.6876,1.08,6.0,0.3963,14.01
WRK-00908,0.4661,28.28,0,0.8265,1,0.904,0.7765,0.6656,0.43,0.0,0.3026,5.76
WRK-00909,0.5441,51.13,1,0.9759,1,0.07,1.0,0.8323,4.61,3.0,0.2871,15.18
WRK-00910,0.6419,140.1,1,1.0,0,0.05,1.0,0.4073,0.95,6.0,0.5436,22.91
WRK-00911,0.4325,52.45,0,0.738,0,0.6987,0.3235,0.7725,0.63,0.0,0.0077,3.56
WRK-00912,0.5264,49.51,0,0.7256,0,0.3861,0.7833,0.809,0.69,1.0,0.2592,4.36
WRK-00913,0.7086,68.46,0,0.9578,0,0.6175,0.2489,0.724,1.28,0.0,0.3965,8.32
WRK-00914,0.2105,35.87,0,0.6979,0,0.4603,0.8921,0.814,2.88,1.0,0.2626,4.71
WRK-00915,0.7213,128.27,0,1.0,0,0.3075,1.0,0.7316,0.21,1.0,0.1106,13.51
WRK-00916,0.6258,178.93,1,1.0,0,0.2214,1.0,0.9046,0.14,3.0,0.4556,21.74
WRK-00917,0.7476,157.22,1,1.0,0,0.566,0.2778,0.7485,0.85,2.0,0.3477,23.39
WRK-00918,0.4117,78.75,0,0.9189,0,0.5915,0.4562,0.6682,3.67,2.0,0.3781,6.26
WRK-00919,0.4761,48.0,0,1.0,0,0.6836,0.1144,0.7203,1.48,1.0,0.3882,4.9
WRK-00920,0.5531,46.76,0,0.7202,1,0.8895,0.7712,0.5488,0.1,0.0,0.1525,4.1
WRK-00921,0.4278,30.99,0,0.7545,0,0.876,0.5651,0.6801,0.54,0.0,0.1082,3.42
WRK-00922,0.7491,89.39,1,1.0,0,0.0629,1.0,0.6708,2.89,5.0,0.2985,16.56
WRK-00923,0.6831,118.45,1,0.9779,1,0.55,0.3184,0.6209,0.78,4.0,0.362,13.94
WRK-00924,0.5832,30.83,0,0.8777,0,0.4536,0.7554,0.4261,0.71,1.0,0.2253,6.26
WRK-00925,0.5556,45.77,1,0.7156,0,0.5225,0.3722,0.6021,2.06,2.0,0.3423,9.64
WRK-00926,0.4478,0.0,0,0.3736,0,0.8618,0.6662,0.77,3.89,2.0,0.1107,2.12
WRK-00927,0.5952,85.89,1,0.9977,0,0.4981,0.5064,0.8442,0.93,2.0,0.3145,17.77
WRK-00928,0.4013,89.57,0,1.0,0,0.5084,0.4179,0.7362,2.03,0.0,0.0155,7.75
WRK-00929,0.6289,76.06,0,0.8472,0,0.6896,0.2903,0.7826,0.78,0.0,0.1929,1.79
WRK-00930,0.658,145.07,0,1.0,0,0.4347,0.5939,0.7595,0.11,2.0,0.2581,14.76
WRK-00931,0.6323,104.19,1,0.9841,0,0.05,1.0,0.7778,2.97,3.0,0.1815,18.82
WRK-00932,0.4568,21.05,0,0.6285,1,0.766,0.3421,0.8429,2.84,1.0,0.316,0.39
WRK-00933,0.5844,73.66,0,0.8859,0,0.6322,0.2114,0.746,1.89,2.0,0.1343,4.99
WRK-00934,0.3219,65.11,0,0.7826,0,0.652,0.037,0.8333,5.88,1.0,0.2519,0.0
WRK-00935,0.6213,92.73,0,0.9308,0,0.1769,1.0,0.684,2.8,5.0,0.0175,12.94
WRK-00936,0.2651,30.02,0,0.6099,0,0.7603,0.405,0.6573,0.12,1.0,0.0531,1.7
WRK-00937,0.7124,23.41,0,0.8103,0,0.3721,0.7295,0.851,0.75,0.0,0.1481,10.2
WRK-00938,0.5744,31.65,0,0.7343,0,0.6876,0.1859,0.1733,33.78,8.7,0.7359,26.13
WRK-00939,0.7184,94.34,1,0.8452,0,0.67,0.1322,0.7979,1.2,3.0,0.2816,18.74
WRK-00940,0.5428,117.07,0,1.0,0,0.251,1.0,0.9131,0.64,3.0,0.2967,13.42
WRK-00941,0.3999,55.58,0,0.6653,1,0.985,1.0,0.1769,46.63,6.7,0.7528,25.1
WRK-00942,0.7207,95.4,0,1.0,1,0.6276,0.2802,0.2231,60.29,8.7,0.7345,22.16
WRK-00943,0.3598,21.38,0,0.4776,0,0.458,0.5,0.6995,3.1,1.0,0.3299,2.75
WRK-00944,0.7661,84.41,0,0.902,0,0.3627,0.9994,0.6974,0.87,2.0,0.3792,9.33
WRK-00945,0.7349,38.85,0,0.8313,0,0.2898,1.0,0.5251,8.0,2.0,0.1253,6.24
WRK-00946,0.6442,112.74,0,1.0,0,0.6741,0.311,0.5973,0.56,2.0,0.1529,8.48
WRK-00947,0.2982,9.47,0,0.5012,0,0.3332,0.8764,0.2625,43.78,8.0,0.8121,13.68
WRK-00948,0.4798,19.2,0,0.9231,1,0.6035,0.1804,0.7666,1.44,1.0,0.2298,5.37
WRK-00949,0.5085,27.31,0,0.7361,1,0.8694,0.5681,0.6903,1.36,0.0,0.2734,2.62
WRK-00950,0.5634,60.64,0,1.0,0,0.3358,1.0,0.7522,0.31,0.0,0.1126,7.85
WRK-00951,0.7092,97.54,0,1.0,0,0.3038,0.9486,0.2986,66.95,5.7,0.944,24.75
WRK-00952,0.4829,61.34,0,0.9277,0,0.3071,0.8884,0.7359,2.15,1.0,0.1703,4.51
WRK-00953,0.5847,72.05,0,0.8043,0,0.7982,0.4384,0.8632,3.93,3.0,0.0389,5.9
WRK-00954,0.7512,112.86,0,1.0,0,0.7525,0.2828,0.6183,0.15,1.0,0.3085,13.29
WRK-00955,0.4196,57.25,0,0.6543,0,0.9709,0.8059,0.7065,7.32,1.0,0.2328,2.21
WRK-00956,0.6292,82.86,0,0.9133,0,0.2242,1.0,0.8061,2.42,2.0,0.2275,11.43
WRK-00957,0.7287,82.51,0,0.91,0,0.673,0.0972,0.6735,1.65,2.0,0.1048,6.58
WRK-00958,0.385,55.78,0,0.5092,0,0.7343,0.2658,0.6709,0.3,4.0,0.0092,2.76
WRK-00959,0.3612,13.73,0,0.4412,1,0.9231,1.0,0.6668,1.12,1.0,0.1547,0.96
WRK-00960,0.6808,129.53,1,0.9315,0,0.4087,0.7151,0.8496,0.21,3.0,0.587,16.51
WRK-00961,0.6136,38.83,0,0.8132,0,0.6097,0.6112,0.0784,57.09,7.9,0.9826,20.54
WRK-00962,0.8117,100.92,1,0.9734,0,0.2673,1.0,0.6565,0.64,2.0,0.5975,16.42
WRK-00963,0.4968,85.61,0,0.939,0,0.7144,0.2825,0.4703,0.55,1.0,0.0046,3.68
WRK-00964,0.6143,39.1,0,0.8142,0,0.7582,0.4004,0.7888,4.61,1.0,0.253,3.35
WRK-00965,0.364,11.02,0,0.4961,1,0.3308,0.8177,0.8481,3.27,0.0,0.071,1.08
WRK-00966,0.5934,94.47,1,0.9738,1,0.5344,0.3365,0.6832,0.43,3.0,0.2581,12.23
WRK-00967,0.7023,105.51,1,0.9521,0,0.457,0.6059,0.5988,1.98,4.0,0.2726,19.54
WRK-00968,0.4937,66.3,0,1.0,1,0.2669,1.0,0.4505,2.21,3.0,0.3932,6.61
WRK-00969,0.2662,35.79,0,0.6433,0,0.6683,0.1229,0.7383,0.68,1.0,0.0466,0.0
WRK-00970,0.6938,102.09,1,0.8885,0,0.0903,1.0,0.5922,2.81,3.0,0.5079,16.83
WRK-00971,0.4734,98.47,0,1.0,1,0.5992,0.1528,0.7571,2.99,2.0,0.0487,5.54
WRK-00972,0.6392,75.82,1,0.8876,0,0.2609,0.9875,0.9123,0.15,2.0,0.3478,15.06
WRK-00973,0.7985,109.55,0,0.9993,0,0.8563,0.7187,0.6875,0.86,1.0,0.3562,10.59
WRK-00974,0.7184,85.52,1,1.0,0,0.05,1.0,0.699,4.1,1.0,0.2571,15.81
WRK-00975,0.6599,52.57,0,0.7648,0,0.5633,0.249,0.8286,0.05,0.0,0.0839,2.49
WRK-00976,0.5711,33.93,0,0.7514,0,0.4839,0.4761,0.708,2.5,0.0,0.2873,2.2
WRK-00977,0.7265,102.41,1,1.0,0,0.05,1.0,0.7056,0.15,6.0,0.4437,11.66
WRK-00978,0.5751,83.56,1,0.765,0,0.616,0.1706,0.9206,0.13,1.0,0.0305,10.7
WRK-00979,0.481,74.66,0,1.0,0,0.7528,0.5646,0.7733,0.32,2.0,0.3644,3.14
WRK-00980,0.651,65.77,1,0.965,0,0.5189,0.3708,0.7724,1.25,4.0,0.1145,11.4
WRK-00981,0.5406,72.33,0,0.9487,0,0.555,0.2811,0.702,0.92,0.0,0.338,1.23
WRK-00982,0.3568,55.77,0,0.7236,1,0.3484,0.8114,0.7972,2.3,1.0,0.2957,2.69
WRK-00983,0.6241,82.61,0,0.9292,0,0.4506,0.5163,0.5022,6.57,3.0,0.125,7.06
WRK-00984,0.4331,66.84,0,0.7163,0,0.6467,0.148,0.7359,1.47,1.0,0.2826,2.12
WRK-00985,0.6869,80.62,1,0.903,0,0.2926,0.9203,0.9159,5.48,1.0,0.0242,13.74
WRK-00986,0.3535,58.36,0,0.7434,0,0.3429,0.9339,0.8354,2.03,0.0,0.1719,2.49
WRK-00987,0.6875,179.16,0,1.0,0,0.8393,0.5943,0.9282,0.06,5.0,0.1566,10.28
WRK-00988,0.4654,101.8,0,1.0,1,0.778,0.4164,0.8986,0.03,1.0,0.2347,12.34
WRK-00989,0.3204,34.57,0,0.7947,0,0.8658,0.6702,0.5764,0.17,0.0,0.326,1.7
WRK-00990,0.4112,63.85,1,0.8362,0,0.363,0.7482,0.7862,0.34,3.0,0.3595,13.92
WRK-00991,0.5663,118.26,0,1.0,0,0.3461,0.7958,0.8189,1.81,1.0,0.2436,10.97
WRK-00992,0.5155,90.17,0,0.8782,0,0.5926,0.1522,0.789,1.12,2.0,0.3227,7.61
WRK-00993,0.559,33.06,0,0.9526,0,0.4183,0.5808,0.5969,0.16,1.0,0.1941,5.66
WRK-00994,0.8068,92.15,0,1.0,0,0.4326,0.9738,0.6993,4.3,0.0,0.0199,12.31
WRK-00995,0.5892,68.15,1,0.7788,0,0.639,0.0685,0.8251,2.24,3.0,0.1968,8.9
WRK-00996,0.4002,59.38,0,0.7223,0,0.259,0.9842,0.8287,1.73,0.0,0.2548,3.98
WRK-00997,0.5457,84.86,0,0.9712,0,0.157,1.0,0.7786,1.23,4.0,0.3346,6.7
WRK-00998,0.6102,40.54,1,0.8059,0,0.0535,1.0,0.6496,9.45,6.0,0.1824,17.44
WRK-00999,0.3733,24.07,0,0.4026,0,0.5213,0.396,0.5974,0.57,1.0,0.1362,1.83
WRK-01000,0.6537,116.07,0,0.9815,0,0.5468,0.2709,0.7112,0.7,1.0,0.2514,8.63
WRK-01001,0.5583,50.97,0,0.6479,0,0.9444,0.8585,0.5916,2.29,2.0,0.1776,1.55
WRK-01002,0.4529,58.63,0,0.6424,0,0.453,0.5426,0.7939,3.18,1.0,0.2195,0.15
WRK-01003,0.5799,78.77,0,0.8313,0,0.6124,0.237,0.5352,0.61,2.0,0.3991,3.15
WRK-01004,0.3282,5.71,0,0.5073,0,0.2762,0.9467,0.7456,0.95,1.0,0.1061,3.45
WRK-01005,0.5896,28.2,0,0.7632,1,0.5251,0.5399,0.6531,0.8,1.0,0.3585,2.97
WRK-01006,0.3301,18.4,0,0.6443,0,0.2369,1.0,0.7185,1.95,1.0,0.2593,3.35
WRK-01007,0.2806,44.56,1,0.7481,0,0.2529,1.0,0.7148,0.71,1.0,0.1321,8.07
WRK-01008,0.6457,84.07,1,1.0,0,0.4348,0.837,0.5674,0.1,6.0,0.1506,20.64
WRK-01009,0.2816,43.39,1,0.5451,0,0.6872,0.1259,0.819,0.73,6.0,0.0354,12.28
WRK-01010,0.7793,83.51,0,0.9003,0,0.3608,1.0,0.8747,1.49,0.0,0.0731,8.53
WRK-01011,0.4941,58.91,0,1.0,0,0.3785,0.761,0.4763,2.21,1.0,0.3755,4.13
WRK-01012,0.3776,44.88,0,0.7709,0,0.8457,0.5027,0.7995,1.0,0.0,0.3457,1.61
WRK-01013,0.4941,44.08,0,0.8304,0,0.864,0.5956,0.5164,2.35,0.0,0.3807,6.33
WRK-01014,0.3288,82.9,0,1.0,0,0.3527,1.0,0.8563,1.1,1.0,0.2695,8.64
WRK-01015,0.562,147.66,0,1.0,0,0.8024,0.6643,0.915,3.7,2.0,0.0593,15.86
WRK-01016,0.5313,68.37,0,0.7813,0,0.6834,0.3426,0.7819,1.22,1.0,0.1378,1.77
WRK-01017,0.8585,160.75,0,1.0,0,0.7796,0.7845,0.7072,1.23,2.0,0.2623,11.38
WRK-01018,0.7381,92.01,0,0.9511,1,0.7464,0.262,0.0802,70.0,6.4,0.6336,22.15
WRK-01019,0.7126,113.44,0,1.0,0,0.883,0.6197,0.8227,0.99,0.0,0.3474,10.14
WRK-01020,0.6854,142.55,0,1.0,0,0.2084,1.0,0.7106,0.47,2.0,0.0726,12.81
WRK-01021,0.6435,118.66,0,1.0,1,0.4086,0.8205,0.4138,3.54,3.0,0.3513,12.32
WRK-01022,0.8848,109.42,0,1.0,0,0.3357,0.8036,0.6268,5.65,1.0,0.3476,11.99
WRK-01023,0.4349,38.17,1,0.8049,0,0.7013,0.238,0.7955,1.5,5.0,0.3261,15.33
WRK-01024,0.6193,45.23,0,0.7198,0,0.5685,0.3267,0.6447,5.09,0.0,0.2765,1.5
WRK-01025,0.5615,61.32,0,0.7715,0,0.3971,0.712,0.7167,3.42,2.0,0.2861,0.05
WRK-01026,0.5807,82.61,1,0.9883,0,0.1752,1.0,0.5585,0.07,4.0,0.1512,18.23
WRK-01027,0.6667,114.42,1,1.0,0,0.1056,1.0,0.6468,2.54,7.0,0.5384,22.74
WRK-01028,0.4265,64.25,0,1.0,0,0.6956,0.9323,0.7779,5.15,1.0,0.1861,7.11
WRK-01029,0.6436,87.4,0,0.9418,0,0.7647,1.0,0.6024,1.1,2.0,0.3254,12.3
WRK-01030,0.4752,84.94,0,1.0,0,0.2737,1.0,0.489,4.4,5.0,0.1819,9.86
WRK-01031,0.9197,71.62,0,0.8772,0,0.1236,1.0,0.6228,0.09,1.0,0.3807,8.93
WRK-01032,0.4638,42.31,0,0.7998,0,0.857,0.904,0.6277,3.16,2.0,0.3061,5.51
WRK-01033,0.4183,60.11,0,0.7484,0,0.5434,0.3244,0.7649,0.01,0.0,0.2502,1.07
WRK-01034,0.5293,83.33,0,0.9967,0,0.5223,0.3439,0.7823,5.72,3.0,0.0844,7.99
WRK-01035,0.7199,182.33,1,1.0,0,0.2416,1.0,0.6953,2.79,2.0,0.5024,22.04
WRK-01036,0.4088,62.69,0,0.733,0,0.6951,0.3572,0.8514,4.18,0.0,0.107,4.21
WRK-01037,0.2964,6.96,1,0.6441,0,0.2125,1.0,0.267,47.83,5.2,0.9823,19.83
WRK-01038,0.7285,114.32,0,1.0,0,0.661,0.1922,0.6553,1.05,3.0,0.2754,8.24
WRK-01039,0.7209,73.18,1,0.7634,0,0.6792,0.1808,0.4607,1.72,5.0,0.3894,7.95
WRK-01040,0.4762,85.84,1,0.8245,0,0.8118,0.7367,0.5296,1.53,1.0,0.0613,15.63
WRK-01041,0.4456,57.83,0,0.7722,0,0.9688,0.8283,0.6932,0.71,1.0,0.3202,3.58
WRK-01042,0.563,71.09,0,0.5895,0,0.5594,0.4082,0.676,0.22,0.0,0.3785,1.14
WRK-01043,0.755,234.55,0,1.0,1,0.7921,0.4106,0.8817,2.15,3.0,0.2154,18.31
WRK-01044,0.4857,59.67,0,1.0,0,0.5658,0.2594,0.1833,56.86,8.1,0.6492,23.18
WRK-01045,0.3063,50.96,0,0.6115,0,0.6559,0.1452,0.8743,1.62,1.0,0.3559,0.84
WRK-01046,0.502,32.96,0,0.8195,0,0.5082,0.3973,0.7482,0.86,0.0,0.2594,0.86
WRK-01047,0.5324,16.14,0,0.7391,1,0.7105,0.308,0.3074,1.12,0.0,0.2461,0.14
WRK-01048,0.6702,89.25,0,0.8697,0,0.7388,0.384,0.2359,16.72,10.0,0.8111,33.23
WRK-01049,0.3617,70.45,0,0.6063,0,0.7468,0.2867,0.6195,1.61,2.0,0.2738,1.1
WRK-01050,0.6451,159.72,0,1.0,0,0.3062,1.0,0.6579,0.92,1.0,0.284,15.12
WRK-01051,0.5549,71.09,0,0.8685,0,0.4012,0.6988,0.2627,2.69,0.0,0.3079,8.47
WRK-01052,0.3479,63.82,0,1.0,0,0.6288,0.0935,0.8818,0.32,2.0,0.2429,9.28
WRK-01053,0.6312,71.98,0,0.9835,0,0.2596,1.0,0.8303,4.54,2.0,0.3485,9.37
WRK-01054,0.2624,25.36,0,0.5805,0,0.6668,0.0761,0.7425,0.52,0.0,0.0487,2.17
WRK-01055,0.64,107.23,0,0.9969,0,0.1938,1.0,0.7905,0.47,4.0,0.2975,10.25
WRK-01056,0.3485,13.19,0,0.5934,0,0.9804,0.885,0.6968,1.44,0.0,0.1149,3.55
WRK-01057,0.5731,102.93,0,1.0,0,0.4108,0.6773,0.5784,6.84,0.0,0.1157,8.81
WRK-01058,0.4804,53.84,0,0.8018,0,0.5849,0.4101,0.5467,11.15,1.0,0.3821,7.61
WRK-01059,0.7392,56.57,0,0.7505,0,0.9321,1.0,0.7986,1.03,2.0,0.1976,2.16
WRK-01060,0.436,97.19,0,1.0,0,0.4332,0.7411,0.8962,1.03,2.0,0.04,8.31
WRK-01061,0.415,45.78,0,0.6652,1,0.7142,0.3442,0.072,53.16,6.7,0.8281,18.18
WRK-01062,0.443,38.37,0,0.6734,0,0.5858,0.6172,0.6951,1.44,0.0,0.0856,1.11
WRK-01063,0.4929,46.38,0,1.0,0,0.6785,0.2767,0.6692,1.03,0.0,0.3901,4.14
WRK-01064,0.3374,46.26,0,0.628,1,0.5957,0.2475,0.852,0.04,0.0,0.2959,2.11
WRK-01065,0.5457,48.12,0,0.6925,1,0.6026,0.1265,0.7271,0.89,1.0,0.2557,2.04
WRK-01066,0.7507,98.5,0,1.0,0,0.4511,0.6356,0.8193,1.08,2.0,0.3264,10.58
WRK-01067,0.4281,25.69,0,0.5423,0,0.6105,0.3449,0.6806,1.22,0.0,0.2228,0.76
WRK-01068,0.4741,46.97,0,0.828,0,0.7634,0.6372,0.7954,2.98,1.0,0.07,5.51
WRK-01069,0.3218,58.86,0,1.0,0,0.4208,0.7012,0.8909,1.17,1.0,0.3218,6.31
WRK-01070,0.8283,120.34,0,1.0,1,0.5861,0.3928,0.7135,2.0,3.0,0.1724,8.28
WRK-01071,0.4314,41.78,0,0.7059,0,0.8848,0.7045,0.5906,1.65,1.0,0.1587,1.56
WRK-01072,0.6309,49.05,0,0.9537,0,0.6153,0.4714,0.3326,62.46,3.4,0.7649,26.43
WRK-01073,0.481,70.54,0,0.7975,1,0.6196,0.3191,0.1898,72.01,4.6,0.824,18.44
WRK-01074,0.6539,109.05,1,1.0,0,0.6498,0.4931,0.795,2.69,5.0,0.2156,16.58
WRK-01075,0.658,102.12,1,0.9899,0,0.3697,0.7057,0.6351,1.01,5.0,0.5979,15.86
WRK-01076,0.5794,16.09,0,0.8621,1,0.6777,0.4833,0.0616,31.68,7.2,0.9435,22.04
WRK-01077,0.3751,57.73,0,0.7653,0,0.6822,0.1799,0.6341,1.25,2.0,0.0494,1.53
WRK-01078,0.6194,36.18,0,0.7171,0,0.5439,0.5066,0.6039,7.61,1.0,0.1288,2.48
WRK-01079,0.5531,83.77,1,0.9219,0,0.3227,1.0,0.7395,0.25,4.0,0.0445,22.31
WRK-01080,0.4067,44.0,0,0.6795,0,0.6704,0.1087,0.7472,3.27,3.0,0.1965,1.9
WRK-01081,0.5436,5.32,0,0.4723,0,0.5095,0.3933,0.545,0.06,0.0,0.0629,1.72
WRK-01082,0.3299,21.05,0,0.5997,0,0.8767,1.0,0.782,0.84,0.0,0.3758,4.36
WRK-01083,0.3609,27.31,0,0.7178,0,0.6483,0.0303,0.817,5.97,1.0,0.0083,0.18
WRK-01084,0.5794,91.46,0,0.9558,0,0.5909,0.3734,0.6108,0.54,0.0,0.0954,10.73
WRK-01085,0.5769,19.76,0,0.9671,1,0.313,1.0,0.6452,1.27,1.0,0.3609,7.13
WRK-01086,0.3911,33.98,0,0.6142,0,0.6829,0.3716,0.6783,0.23,3.0,0.2092,1.86
WRK-01087,0.4352,66.32,0,0.8975,0,0.4118,0.6693,0.7218,2.51,2.0,0.1755,4.5
WRK-01088,0.4479,23.28,0,0.6043,0,0.6371,0.1432,0.7131,1.77,0.0,0.3394,0.86
WRK-01089,0.3441,40.73,0,0.6889,0,0.7247,0.2196,0.2603,32.01,3.2,0.897,22.32
WRK-01090,0.6131,26.6,0,0.9405,0,0.2585,1.0,0.5971,0.01,2.0,0.3223,4.68
WRK-01091,0.7158,97.99,0,0.9431,0,0.3658,0.8777,0.7594,0.61,2.0,0.072,8.43
WRK-01092,0.7644,65.39,0,0.9484,0,0.3662,0.7248,0.7066,0.71,2.0,0.327,7.43
WRK-01093,0.4612,60.66,1,0.7653,0,0.3856,1.0,0.7422,3.83,3.0,0.1538,12.34
WRK-01094,0.9393,69.31,0,0.8066,0,0.5036,0.8636,0.7989,4.72,0.0,0.3462,4.65
WRK-01095,0.5644,125.58,0,1.0,0,0.7117,0.6262,0.7043,1.79,0.0,0.3687,12.47
WRK-01096,0.746,100.2,1,1.0,0,0.0538,1.0,0.7007,5.31,3.0,0.4043,13.16
WRK-01097,0.3799,44.02,0,0.8234,0,0.7653,0.4594,0.8931,0.82,2.0,0.2353,7.17
WRK-01098,0.4422,68.09,0,0.766,1,0.6244,0.2084,0.5483,0.02,1.0,0.2127,0.02
WRK-01099,0.8341,115.31,1,1.0,0,0.1252,1.0,0.8142,2.0,8.0,0.5007,17.21
WRK-01100,0.8168,81.24,1,0.9039,0,0.1135,1.0,0.9376,1.09,4.0,0.2865,15.72
WRK-01101,0.7983,120.41,0,0.983,0,0.1831,1.0,0.6365,4.47,3.0,0.1094,11.47
WRK-01102,0.7428,87.71,0,0.9903,0,0.2306,1.0,0.7803,2.27,1.0,0.143,9.48
WRK-01103,0.2795,29.27,0,0.5378,0,0.576,0.2273,0.0783,49.78,10.0,0.7252,11.78
WRK-01104,0.589,30.02,1,0.6647,0,0.6268,0.3294,0.8184,3.09,2.0,0.1389,8.26
WRK-01105,0.3807,71.52,0,1.0,0,0.4732,0.6705,0.9051,4.17,2.0,0.1319,6.06
WRK-01106,0.431,38.25,0,0.8701,0,0.6166,0.2102,0.8247,2.79,2.0,0.1534,4.96
WRK-01107,0.5691,29.09,0,0.7898,1,0.427,0.5834,0.6812,0.54,1.0,0.0157,1.67
WRK-01108,0.4219,23.31,0,0.4985,0,0.9355,0.7454,0.6427,0.34,0.0,0.069,3.68
WRK-01109,0.4523,30.51,1,0.4668,1,0.3204,0.9688,0.8004,0.58,2.0,0.299,11.92
WRK-01110,0.7598,85.04,1,1.0,0,0.0863,1.0,0.7326,5.25,2.0,0.0053,20.46
WRK-01111,0.4425,35.26,0,0.5857,0,0.4792,0.5966,0.9264,1.22,1.0,0.0185,0.51
WRK-01112,0.4712,41.26,0,0.9509,0,0.7693,0.7294,0.0558,62.77,4.3,0.9313,27.95
WRK-01113,0.5416,51.37,0,0.9454,0,0.6539,0.1191,0.7977,0.53,3.0,0.3638,0.6
WRK-01114,0.3594,54.09,0,0.9735,0,0.3224,0.9675,0.3281,51.14,6.5,0.9247,14.24
WRK-01115,0.3897,44.42,0,0.9251,0,0.195,1.0,0.8369,1.85,3.0,0.0805,5.57
WRK-01116,0.7393,80.05,1,0.8815,0,0.5112,0.3571,0.676,0.58,5.0,0.2376,18.05
WRK-01117,0.3198,21.41,0,0.5427,1,0.8155,0.546,0.6328,1.74,1.0,0.3805,3.36
WRK-01118,0.7198,84.89,0,0.9503,0,0.2901,0.9383,0.5819,1.47,4.0,0.0105,12.57
WRK-01119,0.4887,59.24,0,0.8694,0,0.3548,0.8544,0.78,2.48,0.0,0.109,6.84
WRK-01120,0.6305,73.83,0,0.923,0,0.309,0.9287,0.5631,0.02,2.0,0.2382,9.19
WRK-01121,0.7672,97.04,0,1.0,0,0.2052,1.0,0.8139,0.28,1.0,0.074,12.5
WRK-01122,0.6671,110.1,1,1.0,0,0.05,1.0,0.8331,6.19,4.0,0.2805,19.98
WRK-01123,0.3323,77.35,0,1.0,0,0.476,0.6685,0.2028,37.83,7.1,0.9764,20.4
WRK-01124,0.5599,33.96,0,0.8727,0,0.2041,1.0,0.674,1.09,0.0,0.0538,6.08
WRK-01125,0.4123,48.42,0,0.719,0,0.8398,0.7,0.5786,2.37,1.0,0.0752,3.14
WRK-01126,0.4148,61.06,0,0.7516,1,0.631,0.2255,0.8438,0.2,1.0,0.1013,0.0
WRK-01127,0.608,67.88,0,0.7176,0,0.5696,0.4364,0.5042,1.94,1.0,0.058,1.06
WRK-01128,0.2779,47.96,0,0.7083,1,1.0,0.9104,0.8876,1.02,1.0,0.16,3.61
WRK-01129,0.6806,86.75,0,0.9114,0,0.493,0.4826,0.7358,0.35,2.0,0.148,8.57
WRK-01130,0.3204,60.94,0,0.6979,0,0.3689,0.8048,0.6619,0.16,2.0,0.1542,1.53
WRK-01131,0.7527,98.66,1,0.9959,0,0.1925,1.0,0.5539,0.39,3.0,0.2136,20.41
WRK-01132,0.4239,59.22,0,0.8626,0,0.4983,0.8466,0.8808,0.82,1.0,0.219,3.89
WRK-01133,0.4803,63.58,1,0.8207,0,0.3315,0.8199,0.8069,1.15,9.0,0.3761,16.37
WRK-01134,0.3744,76.56,0,0.8213,1,0.6597,0.2298,0.7743,0.99,0.0,0.277,3.24
WRK-01135,0.5888,108.86,1,1.0,0,0.1006,1.0,0.721,2.63,4.0,0.2032,20.68
WRK-01136,0.7942,93.6,1,1.0,0,0.3683,0.7526,0.7289,4.94,3.0,0.0904,19.64
WRK-01137,0.5417,44.77,0,0.7153,0,0.9075,0.6548,0.7928,0.13,3.0,0.1077,3.43
WRK-01138,0.5184,67.35,0,1.0,1,0.451,0.57,0.7294,0.95,3.0,0.0495,5.79
WRK-01139,0.3282,58.95,1,0.748,0,0.4769,0.623,0.7787,0.85,0.0,0.1506,10.67
WRK-01140,0.6771,128.23,0,0.9704,1,0.8139,0.4571,0.8255,2.99,5.0,0.2589,10.02
WRK-01141,0.5742,23.31,0,0.6012,0,0.6076,0.3401,0.4783,1.14,1.0,0.1029,1.07
WRK-01142,0.4882,65.81,1,0.9774,0,0.1005,1.0,0.2835,36.23,6.1,0.975,31.14
WRK-01143,0.4969,12.99,0,0.5705,0,0.5835,0.3512,0.7721,0.82,1.0,0.0811,1.9
WRK-01144,0.3908,64.29,1,0.7341,0,0.4314,0.5524,0.6486,2.26,2.0,0.3939,4.92
WRK-01145,0.4766,99.99,1,1.0,0,0.4883,0.4151,0.688,1.29,3.0,0.142,17.27
WRK-01146,0.7296,97.93,0,0.9316,0,0.6902,0.3743,0.9423,0.09,1.0,0.0041,7.7
WRK-01147,0.6818,133.13,1,1.0,0,0.4928,0.5171,0.9111,0.88,4.0,0.3134,23.8
WRK-01148,0.3887,38.15,0,0.6912,0,0.5711,0.2817,0.4827,0.27,0.0,0.2421,4.48
WRK-01149,0.3352,67.21,0,0.9281,1,0.364,0.7335,0.8732,4.38,2.0,0.251,4.04
WRK-01150,0.5291,64.24,0,0.6109,0,0.5746,0.2618,0.7836,1.76,1.0,0.3774,0.16
WRK-01151,0.5753,49.04,0,1.0,0,0.3822,0.7779,0.6519,1.58,0.0,0.0114,6.87
WRK-01152,0.771,71.38,0,0.8333,0,1.0,0.9725,0.743,3.78,0.0,0.1511,9.17
WRK-01153,0.8243,76.15,0,0.9886,1,0.2308,1.0,0.7747,1.6,0.0,0.3053,6.66
WRK-01154,0.3908,22.8,0,0.6337,0,0.6561,0.1618,0.6602,0.21,2.0,0.2281,1.05
WRK-01155,0.4551,81.77,0,1.0,0,0.4332,0.5935,0.6078,2.63,0.0,0.0187,9.24
WRK-01156,0.7581,87.97,1,1.0,0,0.5529,0.3674,0.8201,4.01,6.0,0.31,13.78
WRK-01157,0.777,85.12,1,1.0,0,0.3762,0.7135,0.6409,0.4,1.0,0.1055,21.5
WRK-01158,0.3714,73.27,0,0.8203,0,0.3162,0.905,0.7195,1.96,0.0,0.233,8.21
WRK-01159,0.5973,85.31,1,0.858,0,0.3958,1.0,0.8701,1.74,2.0,0.3663,24.34
WRK-01160,0.5194,88.04,0,1.0,0,0.4676,0.497,0.4622,0.31,1.0,0.1031,9.77
WRK-01161,0.6358,106.73,0,0.9831,0,0.5529,0.2977,0.5413,0.74,3.0,0.2499,8.69
WRK-01162,0.6779,77.12,0,0.8822,0,0.2536,1.0,0.9035,4.69,3.0,0.3676,9.04
WRK-01163,0.5358,52.17,1,0.6051,0,0.5419,0.3181,0.9047,3.64,2.0,0.3086,5.4
WRK-01164,0.7107,154.95,0,1.0,1,0.4994,0.493,0.8479,1.22,1.0,0.392,12.54
WRK-01165,0.7564,116.04,1,1.0,0,0.05,1.0,0.2916,52.06,10.3,1.0,42.62
WRK-01166,0.5655,111.59,1,1.0,0,0.3167,0.9902,0.7257,1.46,5.0,0.5485,19.04
WRK-01167,0.7403,90.97,0,1.0,1,0.8726,0.766,0.6894,1.12,1.0,0.3193,9.51
WRK-01168,0.7356,79.37,1,0.8774,0,0.05,1.0,0.7931,4.88,4.0,0.3331,9.59
WRK-01169,0.2579,20.16,0,0.5123,0,0.443,0.5197,0.7276,0.72,3.0,0.1277,2.84
WRK-01170,0.3276,31.44,0,0.5638,0,0.5374,0.4577,0.7625,2.55,1.0,0.0031,2.31
WRK-01171,0.3328,83.43,1,0.8071,0,0.5511,0.4741,0.898,2.82,6.0,0.1739,18.59
WRK-01172,0.4017,51.64,0,0.6472,1,0.8149,0.6976,0.8275,1.04,1.0,0.0385,2.8
WRK-01173,0.8102,125.64,1,1.0,0,0.4558,0.5392,0.9269,2.06,0.0,0.4478,17.44
WRK-01174,0.7118,29.58,0,0.7972,1,0.6155,0.1248,0.6791,0.17,0.0,0.2924,4.87
WRK-01175,0.6549,107.59,1,1.0,1,0.6072,0.264,0.8325,3.33,6.0,0.3473,18.25
WRK-01176,0.5221,80.68,0,1.0,0,0.2569,1.0,0.7824,2.36,1.0,0.0341,8.31
WRK-01177,0.5247,64.24,0,0.9872,0,0.6786,0.2327,0.0747,75.71,4.5,0.8839,19.01
WRK-01178,0.581,30.06,0,0.814,0,0.8515,0.6709,0.6912,5.63,2.0,0.2235,7.1
WRK-01179,0.5119,91.0,0,1.0,0,0.2467,1.0,0.6993,4.1,0.0,0.0839,10.29
WRK-01180,0.7443,147.01,1,1.0,0,0.05,1.0,0.736,1.94,6.0,0.3935,20.07
WRK-01181,0.785,91.57,1,1.0,0,0.6503,0.3556,0.7402,4.13,5.0,0.1713,22.02
WRK-01182,0.4682,16.71,0,0.6151,0,0.5986,0.2674,0.7988,0.39,1.0,0.1265,0.8
WRK-01183,0.3152,38.32,0,0.6145,1,0.651,0.0219,0.8849,3.39,2.0,0.0959,2.23
WRK-01184,0.7437,121.45,0,1.0,0,0.168,1.0,0.7832,9.14,5.0,0.0849,13.73
WRK-01185,0.7514,96.68,1,0.9909,0,0.4262,0.5951,0.1314,77.41,12.8,0.7808,42.76
WRK-01186,0.5052,45.76,1,1.0,0,0.1339,1.0,0.7851,1.51,2.0,0.2651,9.39
WRK-01187,0.6405,31.54,0,0.995,0,0.5424,0.2927,0.5943,1.09,0.0,0.221,3.41
WRK-01188,0.665,79.4,0,0.9191,0,0.1847,1.0,0.6113,1.66,0.0,0.2847,7.49
WRK-01189,0.666,94.61,0,1.0,1,0.2506,1.0,0.8313,0.25,4.0,0.3322,12.39
WRK-01190,0.7297,96.08,0,0.9815,1,0.748,0.3366,0.4505,1.94,1.0,0.0286,8.92
WRK-01191,0.5185,95.17,0,0.8411,0,0.6466,0.0609,0.6369,0.05,1.0,0.2274,10.83
WRK-01192,0.4736,73.7,0,1.0,0,0.684,0.3482,0.6761,0.56,0.0,0.0755,4.88
WRK-01193,0.4965,38.49,1,0.8309,0,0.2848,1.0,0.8428,1.3,6.0,0.3372,16.16
WRK-01194,0.3051,44.23,0,0.5893,0,0.6101,0.276,0.8512,1.27,1.0,0.1691,0.06
WRK-01195,0.7647,110.91,0,1.0,0,0.7305,0.2497,0.9133,0.73,2.0,0.1136,9.75
WRK-01196,0.4403,90.51,1,0.9226,0,0.3648,0.8654,0.7785,2.59,1.0,0.3071,12.85
WRK-01197,0.3976,58.73,1,0.6651,1,0.5235,0.4862,0.8504,0.2,1.0,0.3541,9.25
WRK-01198,0.3348,19.6,0,0.5555,0,0.4959,0.3992,0.6652,1.26,2.0,0.3455,0.67
WRK-01199,0.4737,32.19,0,0.5482,1,0.8049,0.4961,0.5827,4.51,0.0,0.3913,1.52
WRK-01200,0.7293,82.98,0,0.9114,0,0.6371,0.188,0.7605,0.24,3.0,0.2869,6.75
WRK-01201,0.3138,10.98,0,0.6127,0,0.4797,0.5583,0.7281,1.11,2.0,0.0784,3.85
WRK-01202,0.6796,102.7,0,0.8954,0,0.3964,0.9908,0.8192,4.44,1.0,0.3648,14.18
WRK-01203,0.4494,8.06,0,0.4224,0,0.2978,0.9094,0.1407,18.52,3.1,0.811,12.44
WRK-01204,0.2951,50.97,0,0.6908,0,0.9392,0.7341,0.7736,1.56,0.0,0.1351,2.8
WRK-01205,0.3954,67.98,0,0.7052,0,1.0,0.9063,0.7383,0.24,1.0,0.0286,2.19
WRK-01206,0.3457,20.25,0,0.6219,0,0.4028,0.6569,0.5678,7.17,1.0,0.277,2.33
WRK-01207,0.6393,83.41,0,0.9806,0,0.7805,0.4636,0.8537,7.59,6.0,0.2097,9.99
WRK-01208,0.3599,57.7,1,0.7689,0,0.4716,0.5399,0.6126,4.99,2.0,0.3926,6.84
WRK-01209,0.491,39.42,0,0.9705,1,0.8282,0.5074,0.7072,0.8,1.0,0.0019,5.87
WRK-01210,0.5339,21.26,0,0.5142,0,0.5958,0.164,0.7887,0.14,0.0,0.354,2.98
WRK-01211,0.6241,119.85,1,0.9974,0,0.1328,1.0,0.9289,0.37,3.0,0.3192,21.36
WRK-01212,0.4733,52.93,0,0.7934,0,0.8806,1.0,0.8689,0.17,2.0,0.2648,3.29
WRK-01213,0.8396,60.95,0,0.96,0,0.7553,0.5881,0.7578,5.07,0.0,0.2353,7.41
WRK-01214,0.406,41.69,0,0.6498,0,0.6287,0.1164,0.695,3.82,0.0,0.0133,0.64
WRK-01215,0.8652,94.72,1,1.0,0,0.3559,0.9749,0.8122,3.84,5.0,0.1095,22.89
WRK-01216,0.7204,90.88,0,0.9818,0,0.6777,0.2944,0.7294,1.72,3.0,0.1727,9.06
WRK-01217,0.7926,129.87,0,1.0,0,0.2273,1.0,0.0862,77.9,10.8,0.6347,26.07
WRK-01218,0.46,61.74,1,0.7318,0,0.6301,0.3467,0.8379,1.29,3.0,0.0127,7.62
WRK-01219,0.4746,57.86,0,0.818,0,0.8931,0.8651,0.628,0.44,0.0,0.2008,7.23
WRK-01220,0.6747,51.38,1,0.7635,0,0.2386,1.0,0.9101,2.11,5.0,0.1157,9.03
WRK-01221,0.3501,38.77,1,0.7158,0,0.1265,1.0,0.7889,0.69,7.0,0.3352,13.43
WRK-01222,0.6561,94.5,0,0.9605,1,0.1113,1.0,0.6023,0.25,1.0,0.0274,10.15
WRK-01223,0.4518,14.9,1,0.4211,0,0.8245,0.9317,0.8801,1.78,4.0,0.3303,5.8
WRK-01224,0.399,53.39,1,0.784,0,0.5568,0.2426,0.8469,3.14,3.0,0.3226,14.54
WRK-01225,0.6547,83.93,1,0.8989,0,0.1695,1.0,0.6473,1.55,3.0,0.0927,19.09
WRK-01226,0.3599,9.07,0,0.5024,0,0.9814,1.0,0.7759,1.37,1.0,0.2082,4.37
WRK-01227,0.7994,94.22,1,1.0,0,0.6512,0.6368,0.5626,3.44,5.0,0.1276,20.11
WRK-01228,0.478,19.84,0,0.444,0,0.9361,0.8804,0.8707,1.96,0.0,0.0436,2.78
WRK-01229,0.4966,35.34,0,0.8905,0,0.4818,0.4638,0.7174,4.27,0.0,0.1403,3.4
WRK-01230,0.4265,75.0,0,1.0,0,0.7301,0.3745,0.9067,0.47,0.0,0.3187,3.72
WRK-01231,0.4803,43.97,0,0.7194,0,0.4289,0.5884,0.6114,2.49,2.0,0.0287,3.9
WRK-01232,0.5222,60.25,0,0.8219,1,0.3986,0.6826,0.7401,0.55,0.0,0.2022,9.51
WRK-01233,0.4717,15.88,0,0.599,0,0.7429,0.3347,0.5855,3.06,2.0,0.0146,0.0
WRK-01234,0.2999,59.71,0,0.715,1,0.3202,1.0,0.8302,1.41,1.0,0.0803,3.68
WRK-01235,0.3789,37.8,0,0.6553,0,0.2964,1.0,0.5324,1.13,2.0,0.0959,6.33
WRK-01236,0.4056,99.42,0,0.9434,0,0.2479,1.0,0.7554,1.07,4.0,0.0551,11.06
WRK-01237,0.6986,88.54,1,0.9999,0,0.3127,0.9809,0.9143,2.63,5.0,0.1387,20.68
WRK-01238,0.8484,133.42,1,1.0,0,0.3069,0.9282,0.9096,1.12,5.0,0.501,23.36
WRK-01239,0.3662,51.97,0,0.9448,0,0.8397,1.0,0.8681,0.54,3.0,0.3884,5.56
WRK-01240,0.5905,96.19,0,0.9824,1,0.3952,0.7571,0.706,4.88,1.0,0.0191,10.55
WRK-01241,0.5837,77.67,1,0.9714,0,0.2551,1.0,0.6269,0.0,0.0,0.1902,16.3
WRK-01242,0.473,53.67,0,0.8655,0,0.7611,0.5227,0.1193,48.09,6.9,0.9247,13.78
WRK-01243,0.4297,16.57,0,0.492,0,0.8465,0.5952,0.8978,1.96,3.0,0.109,2.63
WRK-01244,0.715,60.78,0,0.9023,0,0.3199,0.8509,0.6115,1.34,0.0,0.3896,6.82
WRK-01245,0.4741,0.0,0,0.558,0,0.8173,0.5532,0.6657,4.13,2.0,0.1746,4.3
WRK-01246,0.239,44.33,0,0.5548,0,0.9244,0.8531,0.8389,1.73,2.0,0.2562,4.1
WRK-01247,0.5451,52.46,1,0.6992,0,0.6669,0.5597,0.7297,0.16,2.0,0.2732,10.34
WRK-01248,0.655,41.12,1,0.9176,0,0.2592,1.0,0.7211,1.18,4.0,0.147,11.61
WRK-01249,0.5385,86.06,0,1.0,0,0.7617,0.3387,0.2914,55.71,6.2,0.9336,24.71
WRK-01250,0.2741,27.45,0,0.5336,0,0.8644,0.5468,0.5638,3.48,0.0,0.0625,2.9
WRK-01251,0.5504,21.21,0,0.9709,1,0.3409,0.7986,0.8266,0.71,0.0,0.3843,6.54
WRK-01252,0.6989,115.43,0,0.9508,0,0.6878,0.206,0.6369,0.3,1.0,0.2303,10.21
WRK-01253,0.8125,85.47,0,1.0,0,0.2194,1.0,0.8244,1.11,1.0,0.1075,11.16
WRK-01254,0.3232,63.11,0,0.7076,0,0.4822,0.5399,0.5868,0.45,1.0,0.0238,0.16
WRK-01255,0.4025,45.74,0,0.6983,0,0.2907,1.0,0.6764,0.44,1.0,0.0189,4.18
WRK-01256,0.6332,99.71,0,1.0,0,0.2025,1.0,0.5745,0.75,3.0,0.0,6.57
WRK-01257,0.5904,42.05,0,0.8387,1,0.4209,0.7888,0.8557,1.63,1.0,0.0884,8.77
WRK-01258,0.7122,97.55,1,1.0,0,0.5376,0.3019,0.6782,0.05,8.0,0.0116,12.24
WRK-01259,0.753,100.48,0,1.0,0,0.235,1.0,0.7275,0.52,2.0,0.3485,11.39
WRK-01260,0.4072,62.05,0,0.714,0,0.3331,0.8312,0.9131,1.33,0.0,0.071,1.13
WRK-01261,0.5542,71.9,0,1.0,0,0.6048,0.2065,0.8955,1.93,1.0,0.1259,6.97
WRK-01262,0.4889,16.57,0,0.6327,0,0.7344,0.3944,0.7218,1.1,2.0,0.3738,4.12
WRK-01263,0.5485,78.51,1,0.857,0,0.4,0.6515,0.7538,1.37,2.0,0.1581,14.85
WRK-01264,0.499,76.01,0,0.8093,1,0.9757,0.9451,0.6951,2.75,1.0,0.262,9.06
WRK-01265,0.6267,44.39,0,1.0,0,0.5912,0.1733,0.499,1.78,1.0,0.2924,6.36
WRK-01266,0.6993,117.97,1,1.0,1,0.4228,0.5771,0.5326,1.39,3.0,0.4854,13.42
WRK-01267,0.6231,159.64,1,1.0,0,0.1952,1.0,0.7491,0.18,2.0,0.4433,18.73
WRK-01268,0.5554,119.88,1,1.0,0,0.2852,1.0,0.7656,2.74,2.0,0.5554,21.25
WRK-01269,0.284,7.7,0,0.411,0,0.741,0.2799,0.7685,1.89,0.0,0.2007,0.0
WRK-01270,0.7057,126.34,1,1.0,0,0.2503,1.0,0.6244,0.49,4.0,0.4443,23.31
WRK-01271,0.4768,110.66,0,1.0,0,0.1588,1.0,0.6034,0.82,2.0,0.0697,7.9
WRK-01272,0.7772,91.99,0,1.0,1,0.4596,0.5967,0.1324,33.29,5.3,0.9814,33.7
WRK-01273,0.3299,26.51,1,0.4543,0,0.39,0.6812,0.7009,1.45,2.0,0.0772,5.23
WRK-01274,0.3452,55.33,0,0.7215,0,0.4677,0.5516,0.7311,0.35,1.0,0.303,1.67
WRK-01275,0.4579,50.2,0,0.8057,0,0.8964,0.9138,0.1598,41.38,5.5,0.6561,18.57
WRK-01276,0.4805,65.46,0,0.692,0,0.8611,0.8867,0.7199,2.36,1.0,0.0406,4.23
WRK-01277,0.583,43.23,0,0.5853,0,0.3754,0.7142,0.7667,0.2,1.0,0.1405,4.53
WRK-01278,0.3294,47.52,0,0.843,0,0.6718,0.3293,0.8787,4.48,1.0,0.346,2.72
WRK-01279,0.7452,139.69,1,1.0,0,0.2964,0.9824,0.751,0.34,4.0,0.4146,21.16
WRK-01280,0.3631,92.13,1,0.8474,0,0.4706,0.475,0.7957,1.43,1.0,0.394,16.31
WRK-01281,0.4815,45.77,0,0.761,0,0.326,1.0,0.6659,0.89,0.0,0.2577,1.95
WRK-01282,0.3249,41.1,0,0.6927,0,0.8261,0.9008,0.9126,2.51,0.0,0.2273,2.26
WRK-01283,0.626,79.02,0,1.0,0,0.0912,1.0,0.609,1.71,1.0,0.3114,6.29
WRK-01284,0.4029,42.61,0,0.781,0,0.9467,0.7772,0.6676,2.68,0.0,0.0425,2.11
WRK-01285,0.6739,91.13,1,0.8122,1,0.2275,1.0,0.8801,1.6,3.0,0.1893,17.06
WRK-01286,0.7459,87.24,0,1.0,0,0.6327,0.3425,0.8337,1.23,1.0,0.3201,8.23
WRK-01287,0.4187,22.1,0,0.5174,0,0.4976,0.569,0.8458,1.32,1.0,0.059,1.91
WRK-01288,0.5495,33.29,0,0.8746,0,0.8329,0.5104,0.8497,2.57,3.0,0.3412,5.44
WRK-01289,0.6136,134.7,1,1.0,0,0.5912,0.2612,0.7812,1.46,1.0,0.3651,16.52
WRK-01290,0.7082,87.18,0,0.8714,0,0.9007,1.0,0.9072,1.39,1.0,0.2863,9.38
WRK-01291,0.5458,24.71,0,0.8713,0,0.7076,0.3927,0.7527,4.17,1.0,0.172,3.76
WRK-01292,0.5429,49.43,0,0.8283,0,0.6708,0.1336,0.7812,0.51,0.0,0.2246,1.93
WRK-01293,0.6234,74.88,1,0.8664,0,0.2221,1.0,0.7463,1.04,4.0,0.2815,16.2
WRK-01294,0.5918,111.23,1,1.0,0,0.5783,0.2854,0.5452,2.19,4.0,0.5995,13.43
WRK-01295,0.3773,14.69,0,0.4667,0,0.8769,0.6062,0.2141,49.24,4.3,0.9087,18.03
WRK-01296,0.7537,90.29,0,0.9291,0,0.4733,0.6008,0.9312,2.24,1.0,0.2989,12.49
WRK-01297,0.4929,81.9,1,1.0,1,0.2773,0.9416,0.7657,3.7,4.0,0.1461,17.46
WRK-01298,0.384,52.65,0,0.7526,0,0.3419,0.8772,0.5804,0.31,1.0,0.3138,4.41
WRK-01299,0.5804,87.73,1,0.9837,0,0.2565,1.0,0.8541,1.36,4.0,0.1073,19.21
WRK-01300,0.8606,92.75,0,1.0,0,0.4439,0.8078,0.7405,1.66,1.0,0.1369,7.49
WRK-01301,0.3676,49.46,0,0.7188,0,0.8774,0.8019,0.7953,0.69,1.0,0.1094,1.59
WRK-01302,0.622,99.55,0,0.7912,1,0.5003,0.4122,0.2564,50.52,9.7,0.7518,23.07
WRK-01303,0.4456,38.08,0,0.7927,0,0.6024,0.1718,0.1018,60.13,6.9,0.6999,23.59
WRK-01304,0.2315,9.19,0,0.3607,1,0.3444,0.7656,0.7033,7.13,1.0,0.3273,2.58
WRK-01305,0.752,114.88,1,1.0,1,0.05,1.0,0.6684,0.52,3.0,0.1908,17.72
WRK-01306,0.4499,39.27,0,0.6708,0,0.8517,0.5147,0.8239,3.18,0.0,0.1401,2.09
WRK-01307,0.5519,56.54,0,0.9984,0,0.2358,1.0,0.6521,6.86,0.0,0.2771,4.41
WRK-01308,0.5946,32.25,0,0.8461,0,0.9262,0.7919,0.7191,0.62,0.0,0.2985,6.12
WRK-01309,0.6671,132.76,0,0.9952,0,0.2582,1.0,0.083,49.01,4.9,0.6889,22.47
WRK-01310,0.3649,29.32,0,0.7402,0,0.7837,0.3842,0.8091,0.08,0.0,0.0276,4.28
WRK-01311,0.6388,125.62,1,0.9718,0,0.05,1.0,0.3583,0.28,3.0,0.4384,22.08
WRK-01312,0.402,73.69,0,1.0,0,0.6386,0.2081,0.8013,4.59,2.0,0.2769,5.93
WRK-01313,0.4889,66.55,0,0.7454,0,0.746,0.2724,0.15,86.67,5.6,0.8002,15.36
WRK-01314,0.5145,30.88,0,0.6585,0,0.4672,0.6159,0.6623,0.72,1.0,0.0149,1.78
WRK-01315,0.4981,39.47,0,0.5864,0,0.6491,0.1138,0.546,4.15,1.0,0.1513,1.69
WRK-01316,0.5097,68.66,0,1.0,0,0.6978,0.3128,0.6151,1.55,0.0,0.0957,3.57
WRK-01317,0.474,43.98,0,0.7221,0,0.4111,0.7328,0.6256,1.1,2.0,0.2708,2.62
WRK-01318,0.6262,98.05,0,0.9913,1,0.403,0.7589,0.7749,3.97,3.0,0.3062,12.72
WRK-01319,0.6417,173.93,1,1.0,0,0.3547,1.0,0.5299,0.54,2.0,0.4784,20.54
WRK-01320,0.7179,89.8,0,1.0,0,0.638,0.0709,0.6887,0.35,3.0,0.2107,11.29
WRK-01321,0.6891,93.21,1,1.0,0,0.1756,1.0,0.8724,1.01,4.0,0.2176,17.46
WRK-01322,0.5015,113.08,0,1.0,1,0.6042,0.3345,0.821,1.1,1.0,0.0472,7.71
WRK-01323,0.5651,93.47,0,1.0,0,0.8338,0.4658,0.7902,0.21,1.0,0.0259,9.61
WRK-01324,0.3095,1.1,0,0.3902,0,0.8186,0.6592,0.8135,3.21,1.0,0.3196,0.71
WRK-01325,0.5008,98.59,0,0.9819,0,0.2021,1.0,0.6963,2.13,2.0,0.215,9.98
WRK-01326,0.6209,29.63,1,0.9625,1,0.05,1.0,0.8403,2.61,3.0,0.0888,18.03
WRK-01327,0.3211,55.34,0,0.7507,0,0.6028,0.1868,0.6918,2.57,2.0,0.1007,0.07
WRK-01328,0.7736,99.35,0,1.0,0,0.4336,0.981,0.8722,3.4,4.0,0.2381,11.63
WRK-01329,0.3574,64.72,0,0.8861,0,0.3538,1.0,0.8147,0.26,3.0,0.0776,7.32
WRK-01330,0.4813,54.02,0,0.9851,0,0.4733,0.555,0.8694,0.58,2.0,0.1057,5.25
WRK-01331,0.7934,73.56,0,0.8498,0,1.0,0.9237,0.3514,0.82,0.0,0.0639,4.73
WRK-01332,0.4646,48.2,0,0.737,0,0.8193,0.7375,0.711,3.02,2.0,0.3208,2.3
WRK-01333,0.7437,79.35,0,0.8381,0,0.4673,0.5525,0.7908,2.79,0.0,0.2762,4.64
WRK-01334,0.6027,72.58,0,1.0,0,0.5183,0.5003,0.427,0.08,0.0,0.1239,8.0
WRK-01335,0.5937,48.83,1,0.9096,0,0.4456,0.6059,0.6595,2.98,3.0,0.2481,19.14
WRK-01336,0.3011,15.53,1,0.5503,0,0.1535,1.0,0.7309,1.76,2.0,0.1948,15.84
WRK-01337,0.3422,68.39,0,0.6423,0,0.4432,0.5977,0.6369,3.32,1.0,0.0991,1.41
WRK-01338,0.4596,62.45,0,1.0,1,0.8346,0.5106,0.5323,3.14,0.0,0.396,4.27
WRK-01339,0.2616,37.71,0,0.6183,1,0.8567,0.6783,0.7303,2.65,1.0,0.3951,3.62
WRK-01340,0.6634,89.3,0,0.9787,0,0.7753,0.4882,0.7611,4.05,2.0,0.3969,6.59
WRK-01341,0.6064,136.86,1,0.9104,0,0.5246,0.3139,0.932,3.33,6.0,0.5,24.16
WRK-01342,0.6127,33.48,0,0.9611,0,0.6717,0.1092,0.8397,3.2,1.0,0.2942,5.29
WRK-01343,0.7482,84.7,0,1.0,1,0.6843,0.0885,0.486,2.38,2.0,0.1935,10.78
WRK-01344,0.6019,183.33,0,1.0,0,0.4556,0.4979,0.7969,1.5,3.0,0.0637,11.45
WRK-01345,0.5972,60.9,0,0.9314,0,0.3817,0.7794,0.7807,2.07,2.0,0.1933,5.75
WRK-01346,0.4379,24.91,0,0.5761,0,0.3254,1.0,0.7728,3.39,0.0,0.1795,2.23
WRK-01347,0.3885,53.49,0,0.7553,0,0.668,0.2402,0.6927,0.11,1.0,0.1306,2.87
WRK-01348,0.3606,53.63,0,0.8213,0,0.4504,0.6273,0.5676,3.07,0.0,0.0713,5.34
WRK-01349,0.222,94.75,0,0.8647,0,0.7033,0.3139,0.5659,2.33,0.0,0.0988,12.54
WRK-01350,0.5627,74.95,0,0.9885,0,0.5436,0.2856,0.716,0.47,1.0,0.0479,2.94
WRK-01351,0.6606,156.74,0,1.0,1,0.8753,1.0,0.6358,0.42,1.0,0.1791,13.62
WRK-01352,0.6859,108.4,1,1.0,0,0.1963,1.0,0.9041,4.99,2.0,0.4663,25.31
WRK-01353,0.6044,79.08,0,0.7826,1,0.5996,0.2201,0.7632,3.24,1.0,0.3656,0.0
WRK-01354,0.3389,14.92,0,0.5654,0,0.4644,0.7417,0.8316,4.97,2.0,0.0191,2.0
WRK-01355,0.452,23.24,0,0.7591,1,0.5385,0.5117,0.6132,3.54,1.0,0.3322,2.06
WRK-01356,0.6937,62.06,0,0.9417,0,0.5087,0.3792,0.6983,0.8,0.0,0.0873,6.79
WRK-01357,0.5141,53.96,0,1.0,0,0.2311,1.0,0.4857,0.58,1.0,0.298,8.06
WRK-01358,0.5822,28.27,0,0.8879,0,0.7192,0.2898,0.5981,0.19,0.0,0.224,6.69
WRK-01359,0.721,132.2,0,1.0,1,0.232,1.0,0.7114,3.43,5.0,0.179,15.4
WRK-01360,0.3567,101.34,0,1.0,1,0.8101,0.412,0.4258,0.91,3.0,0.0839,10.05
WRK-01361,0.6704,136.65,1,1.0,0,0.2668,0.9968,0.8222,1.39,4.0,0.5259,23.93
WRK-01362,0.6874,128.19,1,1.0,1,0.305,0.934,0.7674,3.95,3.0,0.4421,24.89
WRK-01363,0.4477,101.03,0,1.0,1,0.8188,0.4639,0.6413,2.53,1.0,0.1861,11.98
WRK-01364,0.556,42.53,0,0.7136,0,0.7598,0.2971,0.1485,58.79,8.8,0.69,22.57
WRK-01365,0.764,92.44,0,0.8953,0,0.3703,0.7271,0.8776,1.49,0.0,0.0782,9.7
WRK-01366,0.785,90.88,0,1.0,0,0.3865,1.0,0.1656,23.72,9.9,0.626,23.64
WRK-01367,0.401,144.66,0,1.0,0,0.1999,1.0,0.7024,1.16,2.0,0.3561,11.13
WRK-01368,0.7343,69.09,1,0.8397,0,0.5895,0.3895,0.6969,1.36,4.0,0.1446,11.22
WRK-01369,0.4312,20.96,0,0.6247,0,0.7704,0.3745,0.7565,0.46,2.0,0.2222,4.15
WRK-01370,0.3355,23.15,1,0.6287,0,0.7161,0.5709,0.6316,7.11,2.0,0.387,10.68
WRK-01371,0.4479,26.72,0,0.6292,0,0.5096,0.5303,0.8726,0.19,1.0,0.1986,3.14
WRK-01372,0.4672,76.93,0,1.0,0,0.2437,1.0,0.9371,1.52,1.0,0.1101,6.55
WRK-01373,0.5672,103.99,1,1.0,0,0.1819,1.0,0.6427,1.09,1.0,0.587,17.24
WRK-01374,0.7164,80.23,0,0.8547,1,0.8215,0.4667,0.8934,4.91,0.0,0.1425,8.28
WRK-01375,0.3974,26.01,0,0.6618,0,0.9802,1.0,0.8122,0.92,1.0,0.0747,3.66
WRK-01376,0.3618,15.84,0,0.4506,0,0.5778,0.2069,0.8044,2.03,1.0,0.1352,2.11
WRK-01377,0.377,40.29,0,0.614,0,0.5759,0.6534,0.7598,5.81,1.0,0.0682,0.9
WRK-01378,0.3925,48.7,0,0.8338,0,0.9355,0.859,0.704,1.34,0.0,0.3105,2.57
WRK-01379,0.6988,96.91,0,0.9784,0,0.4167,0.6286,0.7285,0.47,2.0,0.34,11.75
WRK-01380,0.6465,90.13,1,0.9359,0,0.5526,0.3202,0.5127,0.3,0.0,0.0808,13.45
WRK-01381,0.3933,44.1,0,0.8154,0,0.964,0.8252,0.4709,2.1,1.0,0.334,7.97
WRK-01382,0.5086,101.39,1,1.0,0,0.3649,0.8985,0.8095,1.95,2.0,0.4329,20.11
WRK-01383,0.3876,72.12,0,1.0,0,0.6553,0.2089,0.2704,7.63,1.0,0.3862,5.82
WRK-01384,0.3085,5.01,0,0.4374,0,0.5225,0.4637,0.7377,0.51,1.0,0.1019,0.63
WRK-01385,0.5032,148.17,1,0.9317,0,0.095,1.0,0.8016,1.96,1.0,0.5927,19.06
WRK-01386,0.5952,33.43,1,0.907,0,0.5869,0.2204,0.8291,6.9,6.0,0.0228,16.35
WRK-01387,0.553,63.43,0,0.9916,1,0.2399,1.0,0.6882,0.82,2.0,0.3755,3.52
WRK-01388,0.4906,52.89,0,1.0,0,0.2959,0.8915,0.7434,0.79,2.0,0.222,8.72
WRK-01389,0.4097,20.67,0,0.4252,0,0.9102,0.7184,0.6826,0.96,0.0,0.3651,2.84
WRK-01390,0.4282,15.28,0,0.5587,0,0.3489,0.8455,0.889,0.99,1.0,0.2211,2.29
WRK-01391,0.3837,53.7,1,0.9722,1,0.4747,0.6968,0.5315,1.45,4.0,0.3622,16.6
WRK-01392,0.6448,91.22,1,0.9866,1,0.3976,0.6858,0.7731,5.37,1.0,0.2662,19.53
WRK-01393,0.5136,9.5,0,0.684,0,0.3276,0.9819,0.7413,1.2,2.0,0.2818,3.67
WRK-01394,0.5371,55.51,0,0.7797,0,0.3658,0.7725,0.8639,0.25,0.0,0.2544,2.85
WRK-01395,0.629,20.36,0,0.8572,1,0.3775,0.8752,0.2262,35.9,3.4,0.7052,17.16
WRK-01396,0.677,92.57,0,0.9741,0,0.2521,1.0,0.647,3.65,2.0,0.1874,12.71
WRK-01397,0.5696,77.22,0,0.9648,0,0.2502,1.0,0.9219,1.66,0.0,0.3731,7.08
WRK-01398,0.4575,63.32,0,0.6821,0,0.9673,0.8796,0.796,0.67,1.0,0.0082,2.22
WRK-01399,0.7074,77.28,0,1.0,0,0.7192,0.2193,0.8177,1.07,1.0,0.0103,5.29
WRK-01400,0.5248,88.33,0,1.0,0,0.2663,1.0,0.2622,83.37,7.0,0.8331,19.64
WRK-01401,0.3994,64.99,0,0.7292,0,0.7482,0.3458,0.3113,0.71,1.0,0.259,2.04
WRK-01402,0.5362,40.57,0,0.9369,1,0.4852,0.4674,0.6905,3.73,2.0,0.0725,8.28
WRK-01403,0.4931,66.79,0,0.8718,1,0.4287,0.8463,0.7664,0.59,0.0,0.1505,6.51
WRK-01404,0.4997,99.28,0,1.0,0,0.7833,0.4585,0.28,23.96,8.0,0.9413,23.03
WRK-01405,0.5895,26.77,0,0.8794,1,0.2476,1.0,0.7491,1.73,1.0,0.148,8.65
WRK-01406,0.5037,38.62,1,0.9638,0,0.5711,0.3742,0.472,0.5,4.0,0.0662,13.44
WRK-01407,0.3725,54.3,0,1.0,0,0.407,0.9575,0.7901,1.8,0.0,0.1064,4.82
WRK-01408,0.58,48.83,0,0.6927,0,0.7063,0.2189,0.5334,5.52,0.0,0.1972,1.46
WRK-01409,0.9191,95.25,1,1.0,0,0.5626,0.2301,0.8115,1.4,2.0,0.0284,21.64
WRK-01410,0.5158,59.06,0,1.0,0,0.5821,0.347,0.6366,0.8,1.0,0.1493,4.71
WRK-01411,0.6141,223.96,1,1.0,0,0.5775,0.2762,0.6523,5.18,4.0,0.4812,19.1
WRK-01412,0.5881,112.07,0,1.0,0,0.1597,1.0,0.6878,0.22,1.0,0.1007,9.12
WRK-01413,0.5207,60.02,0,1.0,0,0.4609,0.6119,0.6496,2.73,2.0,0.0546,8.28
WRK-01414,0.5573,51.87,0,0.7608,1,0.4855,0.5049,0.815,0.54,0.0,0.3573,1.34
WRK-01415,0.553,101.17,1,0.9178,0,0.2643,1.0,0.6969,2.72,4.0,0.3539,24.79
WRK-01416,0.4401,60.3,0,0.6684,1,0.5374,0.4146,0.7752,0.41,0.0,0.0717,2.34
WRK-01417,0.4157,54.46,0,0.6893,0,0.7322,0.4908,0.9082,1.02,2.0,0.039,3.38
WRK-01418,0.7492,109.84,0,1.0,0,0.4437,0.5333,0.8206,3.63,2.0,0.0201,10.58
WRK-01419,0.4225,39.55,1,0.6785,0,0.1946,1.0,0.4599,4.74,0.0,0.2596,11.1
WRK-01420,0.5549,75.78,1,0.9231,0,0.5034,0.4038,0.0841,44.5,9.8,0.6591,27.18
WRK-01421,0.4297,14.39,0,0.4796,1,0.5151,0.3892,0.5671,0.32,0.0,0.1338,2.83
WRK-01422,0.47,18.48,0,0.5042,0,0.7353,0.2558,0.609,0.69,3.0,0.3237,0.0
WRK-01423,0.6434,110.02,0,1.0,0,0.6642,0.2212,0.705,0.87,5.0,0.384,8.65
WRK-01424,0.4324,61.97,0,0.7973,0,0.5113,0.4659,0.907,2.18,2.0,0.3532,0.0
WRK-01425,0.442,70.95,1,1.0,0,0.3911,0.7275,0.8623,0.47,4.0,0.1731,18.79
WRK-01426,0.3823,72.26,0,0.7503,0,0.9602,0.7932,0.7855,3.41,1.0,0.1751,1.93
WRK-01427,0.4821,61.99,0,0.8119,0,0.6962,0.2398,0.6202,2.73,2.0,0.317,3.25
WRK-01428,0.411,26.21,0,0.6487,0,0.9984,0.9427,0.5124,1.57,2.0,0.1236,5.13
WRK-01429,0.5192,59.01,1,1.0,0,0.05,1.0,0.8402,0.39,3.0,0.372,15.4
WRK-01430,0.5702,28.0,0,0.6698,1,0.5018,0.5294,0.8682,0.52,0.0,0.0868,2.48
WRK-01431,0.5956,88.17,1,0.827,0,0.555,0.4984,0.6599,2.37,2.0,0.2265,19.21
WRK-01432,0.5058,31.67,0,0.8438,1,0.6406,0.0357,0.805,8.05,1.0,0.2015,2.61
WRK-01433,0.5626,49.82,0,1.0,1,0.3126,0.8948,0.6058,0.49,0.0,0.2066,2.99
WRK-01434,0.6049,107.97,0,0.9512,1,0.4253,0.9699,0.4775,3.0,2.0,0.2439,11.09
WRK-01435,0.5427,64.9,0,1.0,0,0.6359,0.3566,0.5778,0.88,1.0,0.1896,2.75
WRK-01436,0.705,65.46,1,1.0,0,0.5449,0.3041,0.5433,2.16,1.0,0.3039,13.18
WRK-01437,0.6006,61.65,1,0.8106,1,0.5262,0.6846,0.74,1.9,2.0,0.3605,14.73
WRK-01438,0.4053,56.59,1,0.7096,0,0.7233,0.2322,0.084,13.51,9.5,0.9742,23.95
WRK-01439,0.4936,102.12,1,1.0,0,0.3552,0.798,0.288,64.94,8.1,1.0,35.57
WRK-01440,0.4548,19.59,0,0.6086,1,0.8712,1.0,0.0601,104.55,5.1,0.825,12.01
WRK-01441,0.4815,40.95,0,0.6636,1,0.3538,0.8309,0.7107,11.33,0.0,0.0535,5.95
WRK-01442,0.6869,100.15,0,0.8761,0,0.8365,0.4732,0.9259,5.66,2.0,0.0388,8.68
WRK-01443,0.4056,42.23,0,0.5504,0,0.9569,0.8072,0.6858,0.34,0.0,0.0555,2.9
WRK-01444,0.6649,61.12,0,0.85,0,0.792,0.3719,0.6059,0.42,2.0,0.2806,8.72
WRK-01445,0.4927,93.46,0,0.904,1,0.659,0.0522,0.7622,1.26,4.0,0.0213,8.8
WRK-01446,0.7431,109.28,1,1.0,1,0.5035,0.3666,0.6762,0.23,5.0,0.4748,21.08
WRK-01447,0.3534,38.43,0,0.66,0,0.3239,0.8841,0.3074,120.87,6.8,0.7672,15.32
WRK-01448,0.5152,23.94,0,0.566,0,0.9664,0.9421,0.4743,0.45,0.0,0.0216,4.5
WRK-01449,0.5074,45.06,0,0.6121,0,0.3224,0.9635,0.7494,2.51,1.0,0.0067,2.61
WRK-01450,0.7706,97.2,0,1.0,0,0.7715,0.545,0.6488,0.86,2.0,0.0788,10.33
WRK-01451,0.5103,75.56,0,1.0,0,0.5728,1.0,0.7986,1.0,0.0,0.3881,4.14
WRK-01452,0.713,88.03,0,1.0,1,0.3798,0.8118,0.885,0.39,1.0,0.0248,13.26
WRK-01453,0.6191,91.54,0,1.0,0,0.3661,0.9859,0.303,42.52,3.8,0.9264,33.49
WRK-01454,0.5327,38.12,0,0.9296,0,0.258,1.0,0.3428,27.69,8.0,0.9344,17.61
WRK-01455,0.6581,92.16,0,0.9862,0,0.6449,0.1944,0.4757,0.56,2.0,0.2226,6.38
WRK-01456,0.7384,124.16,1,1.0,0,0.5386,0.3403,0.3685,0.94,6.0,0.2917,15.97
WRK-01457,0.4176,10.28,0,0.3746,0,0.5695,0.408,0.7288,7.2,0.0,0.0147,3.45
WRK-01458,0.7537,127.85,1,0.9608,0,0.3582,0.9329,0.8042,4.58,2.0,0.4458,21.2
WRK-01459,0.4246,117.78,1,1.0,1,0.1399,1.0,0.7072,1.11,2.0,0.288,22.02
WRK-01460,0.5954,103.92,1,1.0,1,0.2216,1.0,0.9374,1.22,6.0,0.2624,13.55
WRK-01461,0.5661,53.05,0,0.7152,0,0.7752,0.3541,0.6404,3.58,0.0,0.0029,1.84
WRK-01462,0.5417,67.52,0,1.0,1,0.6064,0.1451,0.6945,1.66,1.0,0.0855,4.36
WRK-01463,0.6887,138.0,0,1.0,0,0.212,1.0,0.1664,47.37,4.5,0.6622,27.84
WRK-01464,0.7114,109.66,1,1.0,1,0.4413,0.582,0.655,1.54,2.0,0.2148,17.92
WRK-01465,0.4418,57.76,0,0.6988,0,1.0,1.0,0.7134,1.33,1.0,0.3371,1.57
WRK-01466,0.7225,69.06,0,1.0,0,0.7922,0.6212,0.7569,2.67,1.0,0.1006,7.84
WRK-01467,0.4378,58.37,0,0.6487,0,0.2867,0.9836,0.3542,2.64,1.0,0.1716,4.08
WRK-01468,0.8828,83.25,0,0.9567,0,0.6865,0.1875,0.8319,4.3,2.0,0.0809,9.74
WRK-01469,0.4652,77.3,0,0.9297,1,0.0913,1.0,0.641,1.71,1.0,0.3135,6.39
WRK-01470,0.773,97.3,1,1.0,0,0.1518,1.0,0.6611,0.14,3.0,0.1013,21.2
WRK-01471,0.2451,18.14,1,0.5403,0,0.321,1.0,0.6122,1.48,4.0,0.3029,16.54
WRK-01472,0.3612,38.75,0,0.7116,0,0.7068,0.1819,0.6633,0.73,0.0,0.1065,4.81
WRK-01473,0.7783,81.37,1,0.7714,0,0.6641,0.1715,0.4966,0.38,9.0,0.0947,17.98
WRK-01474,0.5822,51.78,0,0.7646,0,0.8394,0.5232,0.6494,5.59,0.0,0.0238,5.14
WRK-01475,0.05,19.19,0,0.5949,0,0.5146,0.616,0.757,0.04,1.0,0.0451,0.84
WRK-01476,0.5339,87.27,0,1.0,0,0.3238,0.9376,0.619,0.65,3.0,0.2098,10.67
WRK-01477,0.8335,70.62,0,0.7633,0,0.3755,0.7265,0.2156,49.78,3.4,0.7118,16.65
WRK-01478,0.5203,69.89,0,0.8609,0,0.8323,0.5507,0.4996,0.52,0.0,0.0012,6.32
WRK-01479,0.6716,27.86,0,0.8687,0,0.3536,0.7887,0.7092,2.75,0.0,0.239,6.68
WRK-01480,0.4582,79.16,1,0.8383,1,0.2127,1.0,0.5818,5.18,0.0,0.3294,12.89
WRK-01481,0.625,42.54,0,0.8505,0,0.874,0.5831,0.7205,2.97,0.0,0.2661,6.47
WRK-01482,0.7193,128.14,0,1.0,0,0.2645,1.0,0.6361,0.05,1.0,0.318,11.0
WRK-01483,0.292,56.52,0,1.0,0,0.3156,1.0,0.7176,2.38,2.0,0.2728,3.33
WRK-01484,0.7557,93.5,0,1.0,0,0.8758,0.589,0.7528,4.0,4.0,0.0166,11.51
WRK-01485,0.7721,78.98,0,0.8084,1,0.3946,0.7315,0.5878,3.74,1.0,0.3598,8.36
WRK-01486,0.4791,89.55,0,0.8662,0,0.1769,1.0,0.8155,0.55,1.0,0.3852,10.86
WRK-01487,0.5968,30.02,0,0.8082,1,0.5783,0.4295,0.7334,0.67,2.0,0.3137,3.35
WRK-01488,0.6871,111.97,1,1.0,1,0.098,1.0,0.8234,0.33,2.0,0.2205,24.45
WRK-01489,0.5711,142.37,1,1.0,0,0.4506,0.5091,0.513,0.85,5.0,0.3533,21.07
WRK-01490,0.7053,82.34,1,0.9449,1,0.5023,0.9205,0.5044,1.24,7.0,0.2389,23.01
WRK-01491,0.62,82.06,0,1.0,0,0.4442,0.8808,0.8716,0.54,2.0,0.3889,6.94
WRK-01492,0.7704,69.58,0,0.8597,0,0.1503,1.0,0.7381,1.12,0.0,0.0245,5.17
WRK-01493,0.561,147.17,1,1.0,0,0.1468,1.0,0.7809,3.92,6.0,0.2978,17.34
WRK-01494,0.3588,56.63,0,0.9453,0,0.7199,0.43,0.9247,0.99,1.0,0.0617,4.26
WRK-01495,0.6123,124.91,1,0.8688,0,0.1177,1.0,0.5143,5.18,7.0,0.2653,15.35
WRK-01496,0.5526,88.74,0,0.992,0,0.1853,1.0,0.7595,1.77,1.0,0.1765,10.55
WRK-01497,0.6535,83.66,1,1.0,0,0.0981,1.0,0.817,0.79,6.0,0.0733,19.74
WRK-01498,0.4815,73.99,0,0.7576,0,0.8526,0.7693,0.0532,32.03,5.6,0.8862,13.82
WRK-01499,0.5656,84.82,0,0.959,0,0.7296,0.2076,0.4867,1.37,1.0,0.1939,7.92
WRK-01500,0.5122,51.48,0,0.6725,0,0.4858,0.4249,0.2448,100.59,4.1,0.6812,20.51
WRK-01501,0.6981,126.75,0,1.0,0,0.2681,1.0,0.5367,0.34,1.0,0.3691,11.64
WRK-01502,0.4361,62.53,0,0.9952,0,0.7294,0.3439,0.6981,8.32,1.0,0.14,4.17
WRK-01503,0.5362,10.55,0,0.7594,1,0.4377,0.543,0.7025,0.04,0.0,0.3691,3.51
WRK-01504,0.324,52.1,0,1.0,0,0.3581,0.9684,0.5353,1.58,0.0,0.3533,5.25
WRK-01505,0.6234,105.75,1,0.9851,0,0.2379,1.0,0.732,0.35,6.0,0.4443,16.26
WRK-01506,0.5506,40.54,0,0.8444,0,0.4539,0.6751,0.3831,9.57,3.0,0.3904,5.91
WRK-01507,0.3935,14.46,1,0.6028,0,0.2066,1.0,0.7523,0.08,3.0,0.233,9.48
WRK-01508,0.7103,78.21,1,0.8896,0,0.4698,0.5526,0.8383,0.24,2.0,0.0985,12.28
WRK-01509,0.4695,46.04,0,0.6908,0,0.5025,0.4429,0.8523,1.88,2.0,0.0978,0.0
WRK-01510,0.3789,49.59,0,0.718,0,0.5879,0.2291,0.7869,0.23,0.0,0.3099,0.71
WRK-01511,0.5029,79.5,0,1.0,0,0.6468,0.4817,0.6329,4.89,2.0,0.0738,5.88
WRK-01512,0.6302,28.88,0,0.9211,0,0.6562,0.3104,0.4034,0.57,2.0,0.1914,6.56
WRK-01513,0.3924,42.16,0,0.5705,0,0.7008,0.2341,0.9157,1.09,2.0,0.3042,1.33
WRK-01514,0.5054,56.77,0,0.9184,0,0.4178,0.7626,0.5764,0.53,0.0,0.0612,7.5
WRK-01515,0.5351,12.95,0,0.8688,0,0.1751,1.0,0.8478,2.39,2.0,0.1866,6.37
WRK-01516,0.3283,27.95,0,0.5609,0,0.6886,0.1586,0.8388,8.29,1.0,0.3513,1.32
WRK-01517,0.7218,110.3,1,0.8049,0,0.5261,0.354,0.8847,6.03,3.0,0.3993,12.8
WRK-01518,0.6756,176.23,1,1.0,0,0.2254,1.0,0.5268,1.71,3.0,0.3825,22.22
WRK-01519,0.7109,92.95,0,0.8937,0,0.6152,0.1068,0.8235,0.28,4.0,0.3907,13.14
WRK-01520,0.6823,68.91,1,0.8317,0,0.6857,0.1286,0.7875,0.42,1.0,0.2249,16.59
WRK-01521,0.4257,42.13,0,0.7876,1,0.3259,0.9218,0.5845,3.47,2.0,0.1309,2.12
WRK-01522,0.3737,54.56,0,0.6394,0,0.9253,0.7578,0.5821,3.75,2.0,0.0185,0.65
WRK-01523,0.5094,37.98,0,0.9388,0,0.5595,0.4446,0.7726,0.82,0.0,0.0141,5.3
WRK-01524,0.4183,40.82,0,0.8953,0,0.2933,0.9225,0.5633,0.17,0.0,0.2822,6.09
WRK-01525,0.6806,92.75,0,0.8753,0,0.698,0.2525,0.6261,1.15,2.0,0.2778,8.84
WRK-01526,0.7385,121.05,0,1.0,0,0.6661,0.0451,0.9111,1.12,2.0,0.1841,5.77
WRK-01527,0.548,71.93,0,1.0,0,0.6731,0.1087,0.6332,0.63,0.0,0.2719,8.25
WRK-01528,0.5075,44.41,0,0.8864,1,0.4446,0.5217,0.4671,2.38,1.0,0.106,6.81
WRK-01529,0.8716,104.5,0,1.0,0,0.6289,0.2541,0.5545,0.02,0.0,0.334,9.3
WRK-01530,0.3496,38.24,0,0.5677,0,0.6385,0.5074,0.8289,1.68,0.0,0.1775,2.49
WRK-01531,0.65,119.3,0,1.0,1,0.4807,0.4688,0.6044,3.65,3.0,0.0946,7.4
WRK-01532,0.6405,90.72,0,1.0,1,0.2641,0.9846,0.6536,2.95,1.0,0.3923,9.06
WRK-01533,0.2413,23.57,0,0.7744,0,0.9252,0.7073,0.8276,1.8,0.0,0.0801,5.09
WRK-01534,0.6726,26.34,1,0.7235,0,0.1237,1.0,0.9164,0.57,2.0,0.0621,9.69
WRK-01535,0.5597,38.63,0,0.9317,0,0.6086,0.3762,0.7877,0.66,0.0,0.3214,5.71
WRK-01536,0.7681,105.69,0,1.0,0,0.4957,0.5195,0.8282,0.96,6.0,0.1257,10.32
WRK-01537,0.4783,40.95,0,0.9746,0,0.6966,0.3622,0.6738,0.41,1.0,0.2029,3.96
WRK-01538,0.8649,79.1,1,1.0,0,0.2983,0.9256,0.8111,3.58,0.0,0.3694,10.87
WRK-01539,0.3719,42.05,0,0.6034,0,0.5073,0.3712,0.829,0.31,0.0,0.3938,3.25
WRK-01540,0.6285,94.12,0,1.0,0,0.1668,1.0,0.8695,1.72,0.0,0.0594,8.15
WRK-01541,0.795,72.07,0,0.8265,0,0.594,0.3089,0.6035,1.87,2.0,0.0018,8.23
WRK-01542,0.6027,45.45,0,0.9084,0,0.5521,0.2886,0.7523,0.44,0.0,0.106,5.27
WRK-01543,0.8961,128.86,1,1.0,0,0.4084,0.8823,0.5325,0.25,2.0,0.6127,18.19
WRK-01544,0.6699,84.72,1,0.9262,0,0.459,0.4853,0.6542,8.45,5.0,0.3024,13.03
WRK-01545,0.5182,20.9,0,0.7781,0,0.5241,0.3268,0.9083,2.32,3.0,0.2168,2.81
WRK-01546,0.6011,77.04,0,0.9584,0,0.5926,0.1762,0.388,0.55,1.0,0.1814,2.74
WRK-01547,0.2522,48.41,0,0.6229,1,0.3915,0.7485,0.8657,0.92,2.0,0.369,1.23
WRK-01548,0.4277,54.21,0,0.6933,0,0.957,0.7772,0.7539,1.14,0.0,0.2466,0.0
WRK-01549,0.7716,77.06,1,0.9576,0,0.05,1.0,0.3283,57.07,6.1,0.9348,26.31
WRK-01550,0.7679,102.24,1,1.0,0,0.5536,1.0,0.5774,0.55,7.0,0.2737,21.98
WRK-01551,0.4816,153.91,1,1.0,0,0.1759,1.0,0.7151,0.41,4.0,0.3909,22.22
WRK-01552,0.3704,107.6,1,0.8425,1,0.5035,0.5191,0.6661,1.73,1.0,0.1652,20.65
WRK-01553,0.6681,97.6,0,0.8219,0,0.6892,0.1822,0.7439,0.28,1.0,0.0664,8.1
WRK-01554,0.731,126.52,1,1.0,0,0.2754,0.9378,0.8077,1.4,3.0,0.1662,21.19
WRK-01555,0.7145,79.58,0,0.9438,0,0.85,0.8619,0.8588,1.43,1.0,0.1168,8.57
WRK-01556,0.5633,36.52,0,0.7725,0,0.7401,0.403,0.4974,0.88,0.0,0.1896,2.15
WRK-01557,0.3162,26.23,0,0.6307,0,0.4392,0.7513,0.8326,4.46,1.0,0.1639,1.9
WRK-01558,0.5194,68.49,0,0.9643,0,0.3533,0.8666,0.8713,0.76,0.0,0.2041,8.66
WRK-01559,0.1294,29.35,0,0.4649,0,0.2933,0.9805,0.7818,0.69,2.0,0.0662,3.72
WRK-01560,0.4806,51.07,0,0.704,0,0.6619,0.4656,0.64,8.38,1.0,0.3353,0.0
WRK-01561,0.6856,65.16,0,0.9206,0,0.3861,0.769,0.4535,3.53,0.0,0.1381,6.45
WRK-01562,0.3593,74.48,0,1.0,0,0.5866,0.3351,0.0939,92.41,7.1,0.8659,19.62
WRK-01563,0.5307,23.35,0,0.8124,1,0.9877,0.8905,0.1878,45.22,5.2,0.9501,25.62
WRK-01564,0.3794,0.0,0,0.4682,0,0.5706,0.4329,0.7308,0.27,1.0,0.1614,2.87
WRK-01565,0.613,64.98,1,0.9131,0,0.6038,0.1669,0.9022,1.55,4.0,0.1484,6.87
WRK-01566,0.7629,105.45,1,0.9218,0,0.5536,0.4038,0.8258,2.59,7.0,0.2774,16.65
WRK-01567,0.4178,2.47,0,0.4753,0,0.7262,0.213,0.8528,0.66,0.0,0.2776,0.44
WRK-01568,0.6622,101.48,0,1.0,0,0.679,0.0893,0.652,1.32,5.0,0.17,6.21
WRK-01569,0.4438,26.58,0,0.5309,0,0.847,0.8286,0.9482,0.92,0.0,0.1871,3.11
WRK-01570,0.3813,18.51,0,0.518,0,0.6205,0.1065,0.691,1.8,0.0,0.2006,1.4
WRK-01571,0.9744,87.97,0,1.0,0,0.8461,0.647,0.7975,2.04,2.0,0.3936,8.77
WRK-01572,0.4921,91.62,0,1.0,0,0.4569,0.7163,0.7411,1.62,3.0,0.0529,12.38
WRK-01573,0.4156,50.67,0,0.7502,0,0.4114,0.6183,0.7315,1.93,0.0,0.3758,2.35
WRK-01574,0.3132,58.53,0,0.8223,1,0.748,0.255,0.5132,1.19,0.0,0.2607,7.0
WRK-01575,0.5065,18.29,0,0.6849,1,0.5418,0.5176,0.8208,3.39,1.0,0.0887,3.24
WRK-01576,0.5718,81.97,0,1.0,1,0.2268,1.0,0.7126,4.93,1.0,0.3828,9.12
WRK-01577,0.5432,132.9,1,1.0,0,0.05,1.0,0.6888,0.77,8.0,0.3591,16.58
WRK-01578,0.2774,57.16,0,0.745,0,0.5311,0.5592,0.6666,3.98,0.0,0.2023,3.03
WRK-01579,0.7226,102.7,1,1.0,0,0.159,1.0,0.1411,89.08,9.5,1.0,30.72
WRK-01580,0.7597,79.26,0,1.0,0,0.3219,0.965,0.0667,22.09,5.5,0.8105,20.1
WRK-01581,0.4834,66.52,0,1.0,0,0.0877,1.0,0.0515,53.08,7.2,0.6669,25.78
WRK-01582,0.5231,29.45,0,0.9876,0,0.6485,0.2078,0.0853,85.49,6.7,0.9994,26.63
WRK-01583,0.5013,85.89,0,0.9674,0,0.1236,1.0,0.1607,55.24,8.8,0.9882,21.58
WRK-01584,0.7162,68.78,0,0.8839,0,0.6952,0.3067,0.8394,1.65,0.0,0.2907,4.56
WRK-01585,0.4529,41.15,0,0.7927,0,0.8199,0.4724,0.9016,1.1,1.0,0.0163,4.25
WRK-01586,0.3375,69.18,0,1.0,0,0.6291,0.2098,0.7036,1.92,1.0,0.0459,4.98
WRK-01587,0.5408,56.14,0,0.8117,0,0.4768,0.4411,0.8097,1.09,0.0,0.1825,9.59
WRK-01588,0.7813,140.01,0,1.0,0,0.58,0.4004,0.8749,1.07,1.0,0.2245,13.39
WRK-01589,0.5406,74.26,0,0.9763,0,0.2642,0.983,0.7174,0.95,1.0,0.3427,3.99
WRK-01590,0.7667,99.71,1,1.0,1,0.5426,0.332,0.7728,0.39,2.0,0.1354,24.18
WRK-01591,0.4523,60.19,0,0.7195,0,0.363,0.7392,0.2511,22.21,5.3,0.679,22.78
WRK-01592,0.5217,76.18,0,1.0,0,0.2912,1.0,0.7657,2.22,2.0,0.0296,7.03
WRK-01593,0.7495,71.17,1,0.8632,0,0.05,1.0,0.9156,2.36,4.0,0.2373,21.04
WRK-01594,0.5745,158.93,1,1.0,1,0.7313,0.2913,0.8515,2.93,0.0,0.3311,23.28
WRK-01595,0.2799,46.32,1,0.6661,1,0.1706,1.0,0.7948,0.59,1.0,0.3605,12.98
WRK-01596,0.4911,50.21,0,0.9124,0,0.0671,1.0,0.6861,0.02,1.0,0.0346,7.46
WRK-01597,0.3896,48.37,0,0.6323,0,0.3665,1.0,0.4361,1.72,3.0,0.0879,0.0
WRK-01598,0.4311,42.53,0,0.6362,1,0.8795,0.7751,0.7346,0.93,2.0,0.2311,2.99
WRK-01599,0.476,49.73,0,0.6337,0,0.5588,0.3029,0.8183,1.01,0.0,0.0946,2.92
WRK-01600,0.4894,65.21,0,0.6798,0,0.9547,1.0,0.5729,0.21,0.0,0.0094,4.61
WRK-01601,0.5719,59.15,0,1.0,1,0.8448,0.5314,0.8234,0.3,1.0,0.3428,5.31
WRK-01602,0.3302,49.5,0,0.7819,1,0.7455,0.6136,0.3759,1.07,0.0,0.2781,0.51
WRK-01603,0.4691,104.87,0,0.9877,1,0.2571,0.9838,0.7573,1.0,3.0,0.1128,9.03
WRK-01604,0.4122,59.87,0,1.0,0,0.81,0.5688,0.7433,0.83,2.0,0.1053,7.53
WRK-01605,0.7049,90.48,1,0.9491,0,0.2759,1.0,0.8896,0.36,3.0,0.337,12.82
WRK-01606,0.4057,10.46,0,0.4625,1,0.6225,0.1771,0.4432,0.18,0.0,0.1389,0.0
WRK-01607,0.2773,48.03,0,0.8783,0,0.6427,0.1412,0.7314,3.09,0.0,0.3286,2.25
WRK-01608,0.8429,165.38,0,1.0,0,0.6642,0.3806,0.4881,0.81,0.0,0.1949,15.28
WRK-01609,0.5953,42.2,0,0.8321,0,1.0,0.9955,0.7891,0.82,1.0,0.0681,6.03
WRK-01610,0.5023,33.78,0,0.7538,0,0.9913,1.0,0.1836,32.4,6.4,0.9242,25.57
WRK-01611,0.6042,63.91,1,0.9076,0,0.182,1.0,0.8286,5.11,3.0,0.1202,18.25
WRK-01612,0.5222,19.48,1,0.7496,0,0.1808,1.0,0.8501,3.33,2.0,0.0231,10.72
WRK-01613,0.4106,43.45,0,0.5901,1,0.9075,0.7071,0.6541,7.23,1.0,0.1436,3.71
WRK-01614,0.361,52.93,0,0.727,0,0.4212,0.7553,0.659,1.98,2.0,0.2359,2.31
WRK-01615,0.8522,83.98,0,1.0,0,0.5794,0.3012,0.6978,1.21,3.0,0.3384,13.83
WRK-01616,0.5416,4.43,0,0.7233,1,0.4122,0.6983,0.796,0.12,1.0,0.3999,1.08
WRK-01617,0.462,56.53,0,0.7696,0,0.558,0.2662,0.5424,0.13,0.0,0.0739,0.0
WRK-01618,0.7463,82.71,0,0.874,1,0.4418,0.7745,0.2971,2.3,0.0,0.2917,10.71
WRK-01619,0.7668,94.67,1,1.0,0,0.424,0.581,0.6757,1.13,9.0,0.2519,21.22
WRK-01620,0.3757,20.26,1,0.5579,0,0.6575,0.1089,0.6927,0.82,3.0,0.2523,10.84
WRK-01621,0.5688,58.85,0,0.8637,1,0.8335,0.4739,0.6827,3.15,1.0,0.3964,4.2
WRK-01622,0.9231,103.94,1,1.0,0,0.4258,0.8473,0.0841,101.19,6.8,0.9444,39.43
WRK-01623,0.4054,11.7,0,0.4253,0,0.492,0.9609,0.8707,0.91,1.0,0.0226,2.51
WRK-01624,0.7293,92.71,0,1.0,0,0.5373,0.3548,0.8433,4.66,3.0,0.0284,9.17
WRK-01625,0.6637,100.79,0,1.0,0,0.4275,0.69,0.8163,3.66,1.0,0.311,9.9
WRK-01626,0.4848,11.38,0,0.5797,0,0.5648,0.3928,0.831,0.25,0.0,0.114,0.61
WRK-01627,0.6021,99.38,0,1.0,0,0.7835,0.3688,0.6328,3.8,1.0,0.2193,9.35
WRK-01628,0.6277,78.2,1,0.7979,0,0.4834,0.6082,0.6489,10.82,1.0,0.3368,6.25
WRK-01629,0.557,56.01,0,0.7696,1,0.3376,0.9533,0.6719,3.08,0.0,0.2377,0.0
WRK-01630,0.4553,25.39,1,0.8089,1,0.5818,0.607,0.8937,0.15,2.0,0.3392,11.27
WRK-01631,0.6086,107.77,0,1.0,0,0.3319,1.0,0.7924,1.27,1.0,0.1236,11.25
WRK-01632,0.3755,16.64,0,0.6412,0,0.4089,0.8636,0.9351,0.12,1.0,0.0556,3.92
WRK-01633,0.8615,176.15,1,1.0,0,0.5204,0.3743,0.8411,0.9,5.0,0.4544,24.02
WRK-01634,0.4229,26.21,0,0.6278,0,0.5039,0.4056,0.7025,2.51,0.0,0.257,1.18
WRK-01635,0.607,111.42,1,0.9415,0,0.2762,1.0,0.8259,0.09,4.0,0.1743,14.44
WRK-01636,0.5918,87.79,0,1.0,0,0.6143,0.341,0.8549,0.94,3.0,0.2816,6.97
WRK-01637,0.66,18.8,0,0.7592,1,0.4497,0.6735,0.8367,2.08,0.0,0.2332,1.69
WRK-01638,0.7401,105.88,1,0.8078,0,0.4085,0.7813,0.7276,0.97,2.0,0.5291,14.5
WRK-01639,0.5523,26.6,0,0.7298,1,0.6912,0.1761,0.8218,0.52,1.0,0.0882,0.0
WRK-01640,0.4446,63.3,0,0.8501,0,0.6051,0.2138,0.6553,3.14,2.0,0.3568,3.13
WRK-01641,0.49,44.29,0,0.6522,0,0.984,0.8567,0.5542,1.48,3.0,0.203,1.5
WRK-01642,0.6405,109.29,1,1.0,1,0.5652,0.256,0.8801,2.02,3.0,0.3517,22.93
WRK-01643,0.7114,72.23,0,0.7393,0,0.5099,0.3798,0.8717,0.89,0.0,0.3903,0.09
WRK-01644,0.8318,79.31,0,0.8696,0,0.4858,0.6777,0.4553,0.68,2.0,0.0378,10.2
WRK-01645,0.5664,22.15,0,0.7023,1,0.4559,0.6096,0.4595,1.09,0.0,0.3723,3.35
WRK-01646,0.418,54.92,0,1.0,0,0.2913,1.0,0.8596,1.75,1.0,0.186,6.8
WRK-01647,0.5128,56.33,1,0.9507,0,0.1341,1.0,0.6992,0.04,2.0,0.3977,15.59
WRK-01648,0.3624,50.28,0,0.7816,0,0.4264,1.0,0.7362,1.53,0.0,0.176,4.33
WRK-01649,0.2685,20.71,0,0.5757,0,0.7086,0.5202,0.2655,45.63,8.9,0.6403,19.5
WRK-01650,0.5061,32.09,0,0.8246,0,0.7812,0.3313,0.6079,3.88,0.0,0.3051,0.43
WRK-01651,0.6394,28.42,0,0.7989,1,0.5717,0.4365,0.7795,1.58,3.0,0.3325,3.03
WRK-01652,0.6951,73.73,0,1.0,0,0.6508,0.1486,0.8784,2.59,1.0,0.0025,7.49
WRK-01653,0.6898,105.53,0,1.0,1,0.6549,0.1053,0.5927,1.3,2.0,0.0675,6.54
WRK-01654,0.5731,128.91,1,1.0,1,0.4294,0.6487,0.5957,1.04,4.0,0.3983,16.92
WRK-01655,0.538,24.87,0,1.0,0,0.4163,0.6059,0.5571,0.24,0.0,0.1816,8.35
WRK-01656,0.505,21.62,0,0.6686,0,0.4518,0.5101,0.68,1.15,0.0,0.2094,3.14
WRK-01657,0.3691,42.21,0,0.6824,0,0.3919,0.9205,0.6692,1.21,1.0,0.2059,3.12
WRK-01658,0.6014,63.94,0,0.6586,0,0.4846,0.5084,0.7476,1.15,1.0,0.2608,3.95
WRK-01659,0.4873,45.19,0,0.5885,1,1.0,0.9403,0.7898,4.59,0.0,0.0253,4.99
WRK-01660,0.5258,90.17,0,0.9551,0,0.3843,0.8103,0.871,0.25,2.0,0.0724,10.54
WRK-01661,0.7207,106.46,1,1.0,0,0.2454,1.0,0.6235,1.38,4.0,0.2804,17.96
WRK-01662,0.7117,94.34,1,0.8767,0,0.3514,1.0,0.6761,1.2,3.0,0.2717,22.68
WRK-01663,0.517,46.2,0,0.8682,0,0.5641,0.2545,0.6841,5.84,2.0,0.0934,5.41
WRK-01664,0.6718,95.94,0,1.0,1,0.7627,0.506,0.6994,0.71,0.0,0.1921,7.23
WRK-01665,0.6285,113.1,1,1.0,0,0.05,1.0,0.6233,1.13,5.0,0.3974,22.34
WRK-01666,0.7151,95.62,1,0.97,0,0.4713,0.4531,0.7942,3.74,3.0,0.1304,17.82
WRK-01667,0.4773,60.23,0,0.8778,0,0.406,1.0,0.709,2.21,1.0,0.0418,6.88
WRK-01668,0.3694,60.1,0,0.8591,0,0.3249,1.0,0.5172,1.11,0.0,0.2957,5.23
WRK-01669,0.5437,147.98,0,1.0,0,0.5185,0.8032,0.3905,0.33,2.0,0.0085,9.14
WRK-01670,0.4117,52.55,0,0.7463,0,0.7158,0.3481,0.7964,1.81,2.0,0.0126,2.69
WRK-01671,0.4337,67.31,0,0.7802,0,0.3485,1.0,0.8012,1.45,2.0,0.2426,4.55
WRK-01672,0.4988,115.27,0,1.0,1,0.2194,1.0,0.7497,1.18,0.0,0.1459,11.43
WRK-01673,0.5206,93.85,0,1.0,0,0.6505,0.1497,0.5842,0.79,4.0,0.0342,11.36
WRK-01674,0.5272,50.15,0,0.7079,0,0.8735,0.6844,0.7317,1.63,1.0,0.3315,0.86
WRK-01675,0.6023,38.99,0,0.6332,0,0.7249,0.4862,0.7382,0.68,1.0,0.0303,2.39
WRK-01676,0.3487,30.49,0,0.7059,0,0.5565,0.2755,0.866,0.87,1.0,0.0637,3.56
WRK-01677,0.5069,31.89,1,0.7532,0,0.4438,0.5331,0.6056,2.25,5.0,0.1964,16.73
WRK-01678,0.5912,92.03,1,0.7352,0,0.7489,0.2665,0.7795,0.26,2.0,0.1008,20.32
WRK-01679,0.3967,12.63,0,0.5374,0,1.0,0.8822,0.6031,1.54,0.0,0.0986,2.57
WRK-01680,0.6662,80.59,0,0.8412,0,0.5276,0.4495,0.8052,1.73,1.0,0.1782,8.55
WRK-01681,0.3151,32.93,0,0.5876,0,0.3654,1.0,0.8931,1.2,3.0,0.0632,2.02
WRK-01682,0.706,83.21,0,1.0,0,0.6246,0.1014,0.8171,2.63,3.0,0.1305,8.41
WRK-01683,0.5617,112.97,0,1.0,0,0.2353,1.0,0.5137,1.38,3.0,0.1426,11.17
WRK-01684,0.5241,34.86,0,0.6701,0,0.8143,0.4508,0.8783,3.61,2.0,0.3834,2.14
WRK-01685,0.4183,61.41,0,1.0,0,0.3284,0.8215,0.8662,0.72,0.0,0.267,4.7
WRK-01686,0.6472,79.48,0,1.0,0,0.2689,0.9928,0.7621,0.37,4.0,0.382,6.26
WRK-01687,0.5659,71.7,0,0.7727,0,0.9074,0.7746,0.8162,0.01,0.0,0.3642,2.64
WRK-01688,0.6334,79.55,0,0.9469,0,0.292,0.9304,0.9115,1.1,2.0,0.1127,6.18
WRK-01689,0.3576,28.33,0,0.5046,1,0.3282,0.9582,0.8239,4.77,2.0,0.2425,4.32
WRK-01690,0.7191,129.82,0,1.0,0,0.5976,0.1317,0.6262,2.8,4.0,0.2029,12.5
WRK-01691,0.4884,50.05,0,0.6267,0,0.3742,0.692,0.6184,0.84,1.0,0.3351,2.57
WRK-01692,0.4951,19.53,0,0.602,0,0.5628,0.3263,0.6475,0.16,2.0,0.2638,0.61
WRK-01693,0.4586,65.46,0,0.7382,0,0.5145,0.4072,0.3757,0.88,0.0,0.0913,0.0
WRK-01694,0.757,102.14,1,0.9641,0,0.0728,1.0,0.705,1.34,3.0,0.48,19.89
WRK-01695,0.6657,25.47,0,0.9031,0,0.247,1.0,0.9309,2.08,2.0,0.2253,5.14
WRK-01696,0.4456,35.06,0,0.5895,1,0.3586,0.8233,0.6007,0.55,1.0,0.1878,5.23
WRK-01697,0.6771,64.57,1,0.8417,0,0.4432,0.557,0.6941,2.09,4.0,0.0051,14.17
WRK-01698,0.6307,37.92,1,0.888,0,0.5991,0.3386,0.636,0.1,3.0,0.0256,15.03
WRK-01699,0.5658,64.07,0,1.0,0,0.7601,0.4422,0.5433,0.11,0.0,0.1928,7.07
WRK-01700,0.4319,15.37,0,0.6034,0,0.7215,0.1885,0.3428,81.32,6.7,0.728,15.33
WRK-01701,0.3636,78.78,0,1.0,0,0.6138,0.2432,0.8656,0.9,1.0,0.0334,3.28
WRK-01702,0.4827,72.21,0,0.9202,0,0.726,0.3926,0.9017,0.61,0.0,0.3372,5.13
WRK-01703,0.378,31.19,0,0.7444,0,0.6691,0.4057,0.7863,2.01,0.0,0.1148,2.71
WRK-01704,0.6124,74.18,0,1.0,0,0.9087,0.7066,0.6237,5.43,0.0,0.1453,3.62
WRK-01705,0.3783,38.23,0,0.5473,0,0.6218,0.4968,0.7521,2.41,0.0,0.3131,0.0
WRK-01706,0.5409,52.28,0,0.6886,0,0.7361,0.2769,0.8451,0.45,0.0,0.0567,1.81
WRK-01707,0.4852,29.9,1,0.5721,1,0.1024,1.0,0.8877,0.24,2.0,0.1306,15.55
WRK-01708,0.4759,19.98,0,0.5957,0,0.8227,0.5976,0.7808,1.49,0.0,0.0153,1.24
WRK-01709,0.6464,33.97,0,0.6748,0,0.47,0.5176,0.723,1.25,0.0,0.2045,3.03
WRK-01710,0.467,22.43,0,0.7532,1,0.8271,0.5917,0.8064,1.49,0.0,0.2995,0.87
WRK-01711,0.5186,48.47,0,0.9492,0,0.7264,0.1913,0.7336,0.2,0.0,0.352,3.66
WRK-01712,0.6314,103.33,1,0.845,1,0.1278,1.0,0.8988,0.65,2.0,0.6746,19.34
WRK-01713,0.2481,2.51,0,0.4258,0,0.6242,0.1441,0.8076,0.2,1.0,0.3287,3.99
WRK-01714,0.377,79.31,0,0.7989,0,0.939,1.0,0.9198,2.11,0.0,0.0892,3.07
WRK-01715,0.506,62.97,0,0.6998,0,0.4105,0.6412,0.8844,2.04,1.0,0.1418,1.82
WRK-01716,0.4169,21.52,0,0.5317,1,0.8839,0.6065,0.8686,0.12,0.0,0.0263,1.27
WRK-01717,0.5614,53.29,0,0.5996,0,0.5857,0.6626,0.2698,132.31,4.9,0.9796,26.16
WRK-01718,0.6942,96.41,1,0.9221,0,0.1873,1.0,0.7358,2.06,3.0,0.1651,13.1
WRK-01719,0.8758,79.43,0,0.768,0,0.9724,0.9273,0.6993,1.04,1.0,0.3067,3.89
WRK-01720,0.6642,202.69,0,1.0,1,0.6326,0.2755,0.8122,8.79,2.0,0.0901,12.34
WRK-01721,0.7218,97.03,1,1.0,0,0.2405,1.0,0.9432,3.19,2.0,0.0003,19.06
WRK-01722,0.2976,44.84,0,0.6467,0,0.765,0.295,0.8053,1.1,0.0,0.3439,2.36
WRK-01723,0.4888,34.5,0,0.5637,0,0.3996,0.6574,0.7532,0.51,0.0,0.0387,0.83
WRK-01724,0.3598,75.91,0,0.8461,0,0.2115,1.0,0.5309,4.08,1.0,0.2302,7.46
WRK-01725,0.5982,204.57,0,1.0,0,0.6255,0.2572,0.8186,1.68,2.0,0.3597,11.11
WRK-01726,0.5525,58.17,0,0.9245,0,0.791,0.3638,0.8766,0.45,0.0,0.2623,7.65
WRK-01727,0.4727,10.32,0,0.7022,1,0.7847,0.4305,0.305,45.17,7.8,0.6753,21.4
WRK-01728,0.7406,72.98,0,0.7568,0,0.6991,0.5257,0.5337,1.25,1.0,0.3642,2.43
WRK-01729,0.651,93.56,0,1.0,0,0.3015,0.8797,0.8113,1.34,1.0,0.1776,9.53
WRK-01730,0.7159,87.17,0,1.0,0,0.1197,1.0,0.6154,0.06,4.0,0.1603,13.63
WRK-01731,0.4452,57.63,0,0.8168,0,0.5084,0.3987,0.8244,0.32,2.0,0.0617,4.33
WRK-01732,0.4426,4.58,0,0.576,1,0.9621,0.8725,0.5585,1.69,1.0,0.358,3.81
WRK-01733,0.5243,102.77,0,0.9172,0,0.495,0.7303,0.8128,3.1,0.0,0.2976,12.97
WRK-01734,0.4795,140.92,1,1.0,0,0.5226,0.8813,0.6708,0.59,4.0,0.2472,21.46
WRK-01735,0.608,74.52,0,0.7787,0,0.3475,0.8143,0.545,0.11,0.0,0.2707,3.55
WRK-01736,0.5218,63.74,0,0.715,0,0.5516,0.5641,0.7662,0.65,1.0,0.3344,3.68
WRK-01737,0.6312,129.84,1,1.0,0,0.1885,1.0,0.1697,21.69,11.3,1.0,33.39
WRK-01738,0.7863,73.25,1,0.95,0,0.5907,0.1618,0.7214,1.85,1.0,0.2343,12.52
WRK-01739,0.8565,106.56,1,1.0,0,0.0824,1.0,0.414,0.49,5.0,0.5379,21.12
WRK-01740,0.7099,31.01,0,0.7819,0,0.2468,1.0,0.6511,1.07,2.0,0.0742,5.49
WRK-01741,0.775,77.52,0,0.8521,0,0.2582,1.0,0.5853,1.47,0.0,0.0148,8.43
WRK-01742,0.4021,35.57,1,0.6415,0,0.1432,1.0,0.8082,2.76,6.0,0.3364,8.8
WRK-01743,0.6627,89.65,1,0.7957,0,0.3168,0.9152,0.5661,2.81,3.0,0.3359,14.58
WRK-01744,0.7661,93.3,0,0.9568,0,0.8102,0.4436,0.792,0.01,3.0,0.1168,8.08
WRK-01745,0.6839,36.97,0,0.9339,0,0.7404,0.6909,0.5906,10.56,0.0,0.3185,4.53
WRK-01746,0.4147,15.84,0,0.4099,0,0.7324,0.4872,0.7547,0.03,2.0,0.3546,4.39
WRK-01747,0.4164,5.11,0,0.7169,0,0.7949,0.4957,0.6139,3.03,2.0,0.1814,3.26
WRK-01748,0.6841,83.19,0,0.892,0,0.4702,0.5626,0.7199,6.22,2.0,0.2376,9.1
WRK-01749,0.4238,46.66,0,0.6576,0,1.0,0.9048,0.6318,0.76,0.0,0.0352,4.84
WRK-01750,0.387,45.24,0,0.7193,0,0.5579,0.2658,0.5607,7.65,1.0,0.0242,0.21
WRK-01751,0.3908,39.99,0,0.423,0,0.528,1.0,0.6639,2.75,0.0,0.2246,5.45
WRK-01752,0.5174,25.87,0,0.5509,0,0.414,0.7585,0.7146,2.98,1.0,0.096,1.84
WRK-01753,0.3808,80.26,0,0.7743,0,0.9275,0.8095,0.3023,0.45,4.0,0.2687,5.74
WRK-01754,0.6842,100.35,1,0.8498,0,0.398,0.7704,0.6258,5.13,3.0,0.2978,20.14
WRK-01755,0.3308,46.98,0,0.6404,0,0.4918,1.0,0.9209,0.79,0.0,0.3641,0.88
WRK-01756,0.5373,64.91,0,1.0,0,0.2907,0.9309,0.9069,9.1,1.0,0.0853,4.85
WRK-01757,0.5893,153.35,0,1.0,0,0.4362,0.7959,0.6972,0.92,2.0,0.0134,11.27
WRK-01758,0.78,70.56,1,0.9436,0,0.2844,1.0,0.8626,0.57,3.0,0.3961,17.23
WRK-01759,0.6663,64.13,0,0.8294,0,0.7372,0.354,0.501,0.29,1.0,0.0573,7.49
WRK-01760,0.6959,118.54,1,0.9497,0,0.5152,0.4375,0.7478,2.86,2.0,0.3282,14.28
WRK-01761,0.6677,76.83,0,0.8612,0,0.6432,0.0308,0.5726,2.15,0.0,0.0682,2.61
WRK-01762,0.7222,91.95,0,0.7292,0,0.6171,0.138,0.6521,0.1,1.0,0.3035,8.42
WRK-01763,0.7451,88.47,0,0.9777,0,0.4928,0.4009,0.8311,1.53,2.0,0.2321,9.97
WRK-01764,0.6547,77.82,0,0.8333,0,1.0,0.8847,0.3015,56.32,5.9,0.8261,18.71
WRK-01765,0.661,128.55,0,0.9226,0,0.498,0.9258,0.2909,80.06,4.3,0.7636,22.4
WRK-01766,0.4162,34.45,0,0.6553,0,0.4844,0.4363,0.7024,1.5,0.0,0.0434,5.08
WRK-01767,0.6265,91.09,1,0.9628,0,0.3992,0.6356,0.8323,0.68,4.0,0.1861,14.83
WRK-01768,0.6606,79.07,1,0.8376,0,0.5277,0.5203,0.5874,2.2,2.0,0.1082,14.69
WRK-01769,0.8566,120.28,1,1.0,0,0.7366,0.6166,0.7584,0.92,3.0,0.5613,17.99
WRK-01770,0.7668,41.81,0,0.7439,0,0.4995,0.3824,0.8072,3.21,2.0,0.3469,2.17
WRK-01771,0.3837,67.24,0,0.9442,0,0.5194,0.3508,0.6812,4.67,3.0,0.107,3.72
WRK-01772,0.5792,73.94,1,0.9612,0,0.4093,0.7563,0.1411,73.06,8.5,0.8519,26.26
WRK-01773,0.4034,71.41,0,1.0,0,0.6129,0.1475,0.6236,3.43,0.0,0.0837,6.09
WRK-01774,0.6717,83.62,0,0.9556,0,0.135,1.0,0.7631,0.86,3.0,0.2271,11.31
WRK-01775,0.5217,41.99,0,0.7637,0,0.9163,1.0,0.8437,0.71,0.0,0.286,5.4
WRK-01776,0.5973,49.1,0,0.8508,0,0.2311,1.0,0.7906,0.15,0.0,0.0399,7.4
WRK-01777,0.4938,76.91,0,1.0,0,0.3171,1.0,0.5748,2.36,1.0,0.3635,4.01
WRK-01778,0.5923,32.77,1,0.8665,0,0.3936,0.6802,0.8389,3.49,1.0,0.2628,12.75
WRK-01779,0.4246,85.89,0,1.0,0,0.2965,1.0,0.5148,0.83,2.0,0.1091,9.12
WRK-01780,0.3805,42.96,0,0.713,0,0.2903,1.0,0.7666,0.22,1.0,0.0085,3.73
WRK-01781,0.7184,78.89,0,1.0,0,0.7742,0.3973,0.9184,0.53,1.0,0.3823,7.77
WRK-01782,0.3533,45.65,0,0.9137,0,0.5791,0.1878,0.8037,1.08,0.0,0.1073,9.13
WRK-01783,0.6271,152.79,0,1.0,0,0.8632,0.6505,0.8317,0.32,1.0,0.004,10.82
WRK-01784,0.2903,8.7,0,0.4724,0,0.2518,1.0,0.7081,2.26,0.0,0.2945,4.8
WRK-01785,0.4611,43.81,0,0.6926,0,0.3756,0.7269,0.8923,1.07,2.0,0.1383,3.3
WRK-01786,0.5696,42.39,0,0.9264,1,0.3786,0.9023,0.5579,0.89,2.0,0.3214,4.5
WRK-01787,0.5989,20.01,0,0.7675,0,0.2376,1.0,0.573,6.71,0.0,0.3406,2.88
WRK-01788,0.5728,139.9,0,1.0,1,0.4839,0.4225,0.7221,1.97,6.0,0.1292,12.03
WRK-01789,0.5613,100.47,1,0.9804,1,0.5766,0.2158,0.8076,0.55,5.0,0.3517,14.66
WRK-01790,0.5031,50.74,1,0.7414,0,0.3784,0.7003,0.5199,5.66,2.0,0.2505,12.26
WRK-01791,0.4277,66.27,0,0.9097,0,0.6941,0.2402,0.1954,38.29,7.0,0.938,21.43
WRK-01792,0.478,12.98,0,0.5915,0,0.7922,0.4073,0.7664,0.93,0.0,0.353,6.75
WRK-01793,0.3341,79.67,1,1.0,0,0.05,1.0,0.8984,3.0,3.0,0.0237,12.34
WRK-01794,0.5475,76.83,0,1.0,0,0.3466,0.7746,0.4733,0.49,0.0,0.2278,6.62
WRK-01795,0.6089,83.74,1,0.9438,1,0.468,0.7374,0.6213,0.33,3.0,0.2507,20.28
WRK-01796,0.6339,22.18,0,0.7765,1,0.3499,0.8654,0.2313,106.54,6.7,0.8629,19.8
WRK-01797,0.6367,33.73,0,0.5734,0,0.6119,0.3127,0.7147,5.34,0.0,0.0118,4.93
WRK-01798,0.3681,9.39,1,0.8145,1,0.6098,0.2002,0.5578,0.57,3.0,0.3961,13.05
WRK-01799,0.7356,82.0,0,0.8669,0,0.2455,1.0,0.7065,2.07,0.0,0.3313,9.3
WRK-01800,0.5053,83.41,0,0.9863,0,0.3194,1.0,0.7613,0.59,3.0,0.2281,10.39
WRK-01801,0.7541,150.62,0,1.0,0,0.7066,0.452,0.554,0.11,2.0,0.3889,10.6
WRK-01802,0.6635,104.04,0,1.0,0,0.4509,0.6952,0.5309,0.6,0.0,0.1206,10.6
WRK-01803,0.6904,66.05,1,0.8636,1,0.3116,0.8761,0.8904,1.17,5.0,0.2936,14.13
WRK-01804,0.4071,64.33,1,1.0,0,0.05,1.0,0.7133,1.01,2.0,0.2598,11.15
WRK-01805,0.6124,21.31,0,0.7753,1,0.854,0.7361,0.6197,4.16,1.0,0.0298,3.07
WRK-01806,0.6041,96.38,1,1.0,0,0.3433,1.0,0.6947,1.34,2.0,0.109,12.93
WRK-01807,0.8193,108.13,1,1.0,0,0.5437,0.268,0.6136,2.36,3.0,0.413,17.24
WRK-01808,0.6473,91.41,1,0.868,0,0.5443,0.5148,0.8795,0.47,1.0,0.3864,9.92
WRK-01809,0.6078,104.82,0,1.0,0,0.5348,0.3639,0.6866,0.65,1.0,0.0432,8.61
WRK-01810,0.5076,35.58,0,0.6259,0,0.7165,0.399,0.6015,0.27,1.0,0.2993,1.77
WRK-01811,0.5446,46.67,0,0.8439,1,0.4439,0.9447,0.6348,5.94,1.0,0.1797,7.46
WRK-01812,0.5526,45.53,1,0.6427,0,0.385,0.9447,0.3646,0.19,5.0,0.0185,13.63
WRK-01813,0.4977,54.37,0,0.6898,0,0.8216,0.6462,0.2781,74.16,8.3,0.9457,28.56
WRK-01814,0.6161,77.14,0,0.8896,0,0.5571,0.6607,0.8503,0.2,0.0,0.0301,6.56
WRK-01815,0.3732,31.41,1,0.7185,0,0.7693,0.4256,0.8833,0.12,4.0,0.2656,10.95
WRK-01816,0.7297,91.3,0,1.0,0,0.5061,0.4552,0.7191,0.65,2.0,0.2993,10.02
WRK-01817,0.6721,28.1,0,0.9162,1,0.1602,1.0,0.7886,0.02,1.0,0.1621,5.55
WRK-01818,0.515,63.76,0,1.0,0,0.2637,1.0,0.8035,1.19,1.0,0.3171,4.02
WRK-01819,0.5641,29.37,0,0.8794,0,0.1075,1.0,0.8927,1.13,1.0,0.124,5.49
WRK-01820,0.464,63.93,0,0.9174,0,0.7947,0.4133,0.7099,1.33,1.0,0.2623,5.5
WRK-01821,0.476,76.57,0,1.0,1,0.4089,0.6176,0.7796,2.35,0.0,0.3713,9.26
WRK-01822,0.5544,62.62,0,0.7973,0,0.8823,0.7478,0.6132,0.67,0.0,0.0599,4.48
WRK-01823,0.4803,107.88,0,1.0,0,0.4609,0.8457,0.6158,0.8,4.0,0.2997,12.79
WRK-01824,0.3484,36.06,0,0.7328,0,0.908,0.8798,0.343,29.84,4.3,0.8289,21.71
WRK-01825,0.4048,57.96,0,0.7532,0,0.6524,0.0111,0.8802,0.17,0.0,0.2556,3.99
WRK-01826,0.3357,31.82,0,0.5301,0,0.9825,1.0,0.6918,0.89,0.0,0.054,3.4
WRK-01827,0.6078,90.0,0,1.0,0,0.6905,0.1491,0.7626,5.09,6.0,0.1705,9.91
WRK-01828,0.32,25.99,0,0.5544,0,0.4576,0.6231,0.7091,0.12,1.0,0.3774,2.24
WRK-01829,0.7699,106.28,1,1.0,0,0.3349,0.8206,0.6479,0.04,7.0,0.3153,17.76
WRK-01830,0.3635,9.94,0,0.563,0,0.5559,0.25,0.774,1.1,0.0,0.0556,3.73
WRK-01831,0.5364,103.63,0,1.0,0,0.3197,0.9902,0.8637,1.98,2.0,0.3736,7.44
WRK-01832,0.1817,22.37,1,0.632,0,0.3522,0.9416,0.7179,1.9,2.0,0.0837,9.98
WRK-01833,0.6955,104.26,1,0.9332,1,0.0673,1.0,0.602,0.06,2.0,0.4308,14.65
WRK-01834,0.7071,95.37,1,1.0,0,0.3433,0.8559,0.7394,1.31,8.0,0.3902,18.65
WRK-01835,0.6415,77.96,0,0.9255,0,0.5819,0.2432,0.6249,2.79,0.0,0.0978,7.91
WRK-01836,0.5645,39.32,0,0.8056,0,0.9889,0.9868,0.6535,6.26,0.0,0.1485,8.99
WRK-01837,0.3403,12.36,0,0.415,0,0.5931,0.1443,0.8888,0.96,0.0,0.252,0.0
WRK-01838,0.3101,46.86,0,0.904,0,0.7652,0.4007,0.7947,2.12,0.0,0.021,4.95
WRK-01839,0.6238,45.69,0,0.9714,0,0.445,0.5897,0.8267,3.64,0.0,0.2973,4.2
WRK-01840,0.6694,89.47,0,0.9385,0,0.5513,0.432,0.7273,0.04,2.0,0.1691,10.16
WRK-01841,0.6549,96.38,0,0.9572,0,0.4401,0.7174,0.6838,1.7,3.0,0.3389,9.91
WRK-01842,0.6427,100.94,0,1.0,0,0.7546,0.4008,0.9305,2.12,4.0,0.082,8.92
WRK-01843,0.3324,51.84,0,0.7859,0,0.3582,0.7854,0.8625,3.43,2.0,0.1646,4.19
WRK-01844,0.4679,60.38,0,0.7596,1,0.477,0.6172,0.8155,0.05,0.0,0.3121,1.95
WRK-01845,0.5291,53.91,0,0.7474,0,0.7945,0.719,0.661,0.2,1.0,0.2398,0.65
WRK-01846,0.6663,134.0,0,1.0,0,0.3638,0.8674,0.5627,0.23,2.0,0.2777,14.95
WRK-01847,0.5694,151.0,1,1.0,0,0.05,1.0,0.4095,2.86,4.0,0.3936,20.52
WRK-01848,0.668,98.97,0,0.9547,0,0.2913,0.9375,0.23,38.81,5.5,0.7158,23.07
WRK-01849,0.6457,85.38,1,0.9497,0,0.05,1.0,0.8186,1.41,0.0,0.3296,16.51
WRK-01850,0.6191,40.83,1,0.8507,0,0.2138,1.0,0.8449,4.12,4.0,0.3187,15.38
WRK-01851,0.7685,100.67,1,1.0,0,0.2316,1.0,0.6454,0.29,6.0,0.4499,18.84
WRK-01852,0.2411,75.0,0,1.0,1,0.8486,0.5996,0.5922,0.64,0.0,0.062,9.86
WRK-01853,0.7236,88.67,1,0.8764,0,0.5406,0.5974,0.4943,3.43,5.0,0.3181,22.44
WRK-01854,0.4697,23.93,0,0.8122,1,0.3326,0.8307,0.596,0.96,0.0,0.0069,6.1
WRK-01855,0.6063,134.25,1,1.0,1,0.05,1.0,0.7138,2.08,2.0,0.2777,17.25
WRK-01856,0.4349,55.3,1,0.8065,0,0.7437,0.6073,0.734,0.48,3.0,0.3955,14.68
WRK-01857,0.5129,87.25,0,1.0,0,0.6709,0.1865,0.4279,2.87,0.0,0.194,7.63
WRK-01858,0.5187,72.77,1,0.8474,0,0.5523,0.2645,0.8849,3.46,3.0,0.3438,12.56
WRK-01859,0.7064,90.42,1,0.9782,0,0.4184,0.6228,0.8556,3.49,4.0,0.3116,17.02
WRK-01860,0.4611,58.34,1,0.7787,0,0.2636,1.0,0.4021,0.9,6.0,0.2355,9.61
WRK-01861,0.4038,65.97,0,0.6413,0,0.5071,0.4112,0.6335,2.23,3.0,0.1868,0.24
WRK-01862,0.4106,64.48,0,0.9377,0,0.4188,0.8061,0.3761,0.25,1.0,0.0137,3.7
WRK-01863,0.3716,61.16,0,0.7305,0,0.5003,0.5682,0.6916,5.18,3.0,0.0348,0.48
WRK-01864,0.5621,98.05,1,1.0,0,0.6567,0.0359,0.8652,0.2,5.0,0.2575,16.74
WRK-01865,0.3291,31.67,1,0.5193,0,0.1222,1.0,0.4509,1.57,3.0,0.0083,9.03
WRK-01866,0.7652,94.91,1,0.9807,0,0.05,1.0,0.8088,1.28,2.0,0.2578,23.17
WRK-01867,0.7068,130.15,1,1.0,1,0.6253,0.678,0.8435,1.11,3.0,0.414,15.14
WRK-01868,0.4423,40.99,0,0.5349,0,0.9442,0.7773,0.8143,4.65,2.0,0.1183,5.38
WRK-01869,0.5834,116.55,1,1.0,0,0.1651,1.0,0.7668,5.45,3.0,0.6136,21.05
WRK-01870,0.4383,65.76,0,0.7732,0,0.442,1.0,0.6083,5.9,0.0,0.2578,4.91
WRK-01871,0.7691,84.83,0,0.9127,0,0.6276,0.346,0.7707,3.25,4.0,0.0821,10.22
WRK-01872,0.4431,24.85,0,0.9022,1,0.2286,1.0,0.828,0.96,2.0,0.2261,7.09
WRK-01873,0.6899,102.63,0,1.0,0,0.7305,0.4055,0.7538,1.66,3.0,0.248,9.92
WRK-01874,0.3871,32.12,0,0.6506,0,0.4722,0.5879,0.8231,2.72,1.0,0.2462,2.83
WRK-01875,0.6285,81.41,0,0.8119,0,0.3429,1.0,0.7621,1.11,1.0,0.0438,8.75
WRK-01876,0.7884,83.41,0,1.0,0,0.507,0.4685,0.8752,2.28,2.0,0.1899,8.45
WRK-01877,0.3738,32.98,0,0.7961,0,0.7856,0.3858,0.6615,3.58,2.0,0.1961,0.0
WRK-01878,0.4077,39.01,0,0.6016,1,1.0,0.9909,0.7103,2.1,0.0,0.1991,3.81
WRK-01879,0.5296,47.02,0,0.7193,0,0.6708,0.0828,0.8893,3.88,2.0,0.3468,2.28
WRK-01880,0.8352,93.88,0,1.0,0,0.2006,1.0,0.8762,0.71,0.0,0.2602,11.1
WRK-01881,0.7112,87.26,1,0.9764,0,0.3088,0.918,0.6883,3.25,4.0,0.3303,20.51
WRK-01882,0.4559,70.65,1,1.0,0,0.05,1.0,0.8797,3.48,0.0,0.2432,16.56
WRK-01883,0.4991,46.2,0,0.8516,0,0.2078,1.0,0.8741,4.55,2.0,0.2307,5.39
WRK-01884,0.4258,49.66,0,0.8164,0,0.5443,0.2671,0.7265,1.13,0.0,0.3113,5.05
WRK-01885,0.6935,68.66,1,0.9903,0,0.05,1.0,0.7211,1.31,4.0,0.3497,18.0
WRK-01886,0.4854,24.8,0,0.8314,0,0.5157,0.3668,0.5828,0.54,2.0,0.2965,4.96
WRK-01887,0.4606,48.71,0,0.803,0,0.677,0.0972,0.6245,1.22,0.0,0.0616,8.85
WRK-01888,0.8507,64.57,1,0.8249,0,0.0613,1.0,0.3833,1.19,3.0,0.0523,16.5
WRK-01889,0.715,173.8,1,1.0,0,0.2421,1.0,0.7045,1.25,5.0,0.61,23.33
WRK-01890,0.5724,99.42,0,0.9486,0,0.2904,1.0,0.7206,2.91,3.0,0.2808,9.0
WRK-01891,0.4424,21.69,1,0.8047,0,0.5344,0.294,0.0731,47.07,5.6,0.9019,27.19
WRK-01892,0.6121,22.16,0,0.7916,1,0.5727,0.4737,0.7685,0.96,0.0,0.3431,3.76
WRK-01893,0.3752,20.4,0,0.504,0,0.3487,0.877,0.8486,0.6,1.0,0.0569,4.71
WRK-01894,0.4701,61.78,0,0.6558,0,0.813,0.5289,0.6789,4.41,0.0,0.2245,2.62
WRK-01895,0.5073,30.89,0,0.8515,1,0.5005,0.4176,0.6707,3.13,2.0,0.0832,4.14
WRK-01896,0.5164,47.51,0,0.8384,0,0.8815,0.5923,0.708,0.45,0.0,0.2104,4.96
WRK-01897,0.6373,76.2,0,0.9937,0,0.751,0.4121,0.8266,3.76,2.0,0.3764,5.91
WRK-01898,0.3914,55.79,0,0.7984,0,0.4993,0.5894,0.8009,0.9,0.0,0.3055,2.85
WRK-01899,0.3679,57.92,0,0.8237,0,0.9943,0.8828,0.931,1.55,2.0,0.3397,5.95
WRK-01900,0.3842,94.32,0,1.0,0,0.6569,0.3833,0.2572,19.69,5.8,0.8995,32.24
WRK-01901,0.8091,114.3,0,0.9638,0,0.4369,0.5676,0.808,0.89,0.0,0.0919,8.79
WRK-01902,0.6423,98.13,0,0.9664,0,0.8295,0.7933,0.7353,1.52,2.0,0.1209,14.07
WRK-01903,0.4516,45.41,0,0.6814,0,0.5682,0.4612,0.8196,0.74,0.0,0.0824,2.16
WRK-01904,0.5071,32.08,1,0.8053,0,0.4188,0.585,0.5274,0.82,2.0,0.3749,19.73
WRK-01905,0.3958,121.27,0,1.0,0,0.3834,0.678,0.9074,1.55,3.0,0.2339,10.94
WRK-01906,0.5313,22.02,0,0.8909,0,0.8155,0.4243,0.0996,42.07,6.5,0.6941,17.03
WRK-01907,0.5681,81.36,0,0.9555,0,0.8116,0.439,0.9203,11.75,0.0,0.1005,11.13
WRK-01908,0.5083,19.93,0,0.7981,0,0.4323,1.0,0.3374,52.56,6.3,0.9658,15.55
WRK-01909,0.6504,92.67,1,0.8458,1,0.5292,0.3055,0.7538,2.72,4.0,0.2114,17.98
WRK-01910,0.3924,10.61,0,0.5245,0,0.359,0.7731,0.6659,1.19,0.0,0.3362,4.48
WRK-01911,0.7599,138.54,1,1.0,0,0.5536,0.5699,0.821,0.21,5.0,0.2883,20.66
WRK-01912,0.5114,24.02,0,0.7142,1,0.4059,1.0,0.7962,0.46,1.0,0.2249,1.82
WRK-01913,0.7483,141.85,0,1.0,0,0.1554,1.0,0.5548,1.23,1.0,0.0678,16.53
WRK-01914,0.5015,54.86,0,0.8392,1,0.8361,0.6629,0.7404,0.66,0.0,0.1213,5.79
WRK-01915,0.5375,105.32,0,1.0,0,0.6066,0.1348,0.7536,0.23,2.0,0.3008,9.77
WRK-01916,0.5578,104.8,1,0.933,0,0.2782,0.9332,0.7426,3.93,1.0,0.3825,16.58
WRK-01917,0.4029,49.61,0,0.9111,0,0.5965,0.2349,0.7576,6.8,1.0,0.1541,4.49
WRK-01918,0.5933,69.28,0,0.98,0,0.6993,0.1337,0.6387,4.74,1.0,0.0704,5.02
WRK-01919,0.5734,112.08,1,0.9134,0,0.05,1.0,0.8092,0.71,3.0,0.3819,13.74
WRK-01920,0.7136,112.37,0,1.0,0,0.3019,1.0,0.8654,3.98,0.0,0.3915,9.34
WRK-01921,0.7032,101.51,1,0.8825,0,0.2336,1.0,0.8148,0.67,6.0,0.3226,16.47
WRK-01922,0.6564,91.78,0,0.8747,0,0.6476,0.3463,0.8691,0.02,5.0,0.1166,10.69
WRK-01923,0.2426,64.31,0,0.8195,1,0.6432,0.3537,0.6192,0.75,1.0,0.2867,8.34
WRK-01924,0.8444,77.06,0,0.8935,0,0.5051,0.5412,0.8525,2.47,2.0,0.3663,8.16
WRK-01925,0.4085,72.78,0,0.8904,0,0.6225,0.2577,0.7337,2.7,1.0,0.1916,3.63
WRK-01926,0.7141,39.38,0,0.764,0,0.2805,1.0,0.5099,1.76,2.0,0.2872,6.41
WRK-01927,0.3641,64.04,0,1.0,0,0.3747,0.6949,0.7452,0.44,1.0,0.0457,6.63
WRK-01928,0.485,46.12,0,0.8826,0,0.5593,0.4765,0.5233,1.92,2.0,0.1746,7.46
WRK-01929,0.3738,41.9,0,0.8436,0,0.4566,0.6054,0.5156,0.61,0.0,0.0212,1.91
WRK-01930,0.409,2.76,0,0.5567,0,0.9196,0.9202,0.7818,2.08,0.0,0.1984,4.83
WRK-01931,0.6319,90.98,0,0.9575,0,0.8178,0.4544,0.6149,1.8,0.0,0.2156,11.96
WRK-01932,0.5942,66.51,1,0.8019,0,0.3548,0.748,0.7715,1.64,4.0,0.118,13.48
WRK-01933,0.3402,57.9,0,0.8152,1,0.391,0.9138,0.6158,1.11,0.0,0.1896,6.71
WRK-01934,0.4422,3.22,1,0.4577,0,0.2571,1.0,0.4758,1.34,1.0,0.1377,9.65
WRK-01935,0.6069,31.5,0,0.8695,0,0.4628,0.5629,0.3394,20.07,7.5,0.6815,21.79
WRK-01936,0.695,20.33,0,0.7193,0,1.0,1.0,0.862,1.9,1.0,0.3494,5.04
WRK-01937,0.4251,92.41,0,1.0,0,0.3103,1.0,0.8274,1.95,0.0,0.1544,9.19
WRK-01938,0.6675,106.87,1,0.878,0,0.1574,1.0,0.7796,0.07,3.0,0.2731,14.58
WRK-01939,0.2769,32.23,0,0.4321,0,0.7256,0.2047,0.3069,58.03,5.1,0.8335,20.27
WRK-01940,0.5232,33.97,1,0.8138,0,0.5504,0.5261,0.57,1.31,4.0,0.1,14.17
WRK-01941,0.5085,40.19,0,0.9066,0,0.5404,0.2842,0.8251,1.34,0.0,0.3008,5.79
WRK-01942,0.5172,66.21,0,1.0,1,0.6291,0.0777,0.6027,2.64,1.0,0.3771,6.27
WRK-01943,0.5314,72.98,1,0.9118,0,0.3939,0.7844,0.7645,2.74,6.0,0.3713,13.3
WRK-01944,0.7993,102.43,1,1.0,0,0.2414,1.0,0.6544,0.83,4.0,0.608,19.69
WRK-01945,0.6126,83.85,1,0.732,0,0.2196,1.0,0.7547,0.02,3.0,0.2584,13.73
WRK-01946,0.7999,90.09,1,1.0,0,0.3652,0.9181,0.8036,3.93,6.0,0.114,16.31
WRK-01947,0.5465,32.39,0,0.7609,0,0.7336,0.6224,0.7555,0.97,0.0,0.3476,2.89
WRK-01948,0.354,35.78,0,0.6174,0,0.4658,0.4952,0.6782,1.32,1.0,0.3335,2.91
WRK-01949,0.6633,108.58,0,0.9429,0,0.714,0.4076,0.66,1.6,0.0,0.1619,11.16
WRK-01950,0.4352,47.72,0,0.9712,0,0.6418,0.1409,0.5809,1.05,2.0,0.1621,5.44
WRK-01951,0.5194,0.0,0,0.5562,1,0.6604,0.4977,0.6502,4.22,4.0,0.108,4.83
WRK-01952,0.6746,79.7,0,0.9855,0,0.8708,0.925,0.8998,0.38,1.0,0.3221,7.55
WRK-01953,0.734,123.61,1,1.0,0,0.5311,0.4514,0.5709,3.82,3.0,0.3793,17.97
WRK-01954,0.659,120.42,1,1.0,0,0.4687,0.4558,0.5163,1.38,4.0,0.5776,15.16
WRK-01955,0.5757,28.42,0,0.5455,0,0.8322,0.9595,0.6708,4.8,0.0,0.1654,4.14
WRK-01956,0.7844,95.42,0,0.9124,0,0.5236,0.4361,0.7692,1.2,1.0,0.15,10.58
WRK-01957,0.5923,77.62,0,0.983,0,0.2959,0.9805,0.5235,6.28,2.0,0.086,8.52
WRK-01958,0.6281,91.9,0,0.9157,0,0.4276,0.6038,0.8217,3.5,1.0,0.1952,10.54
WRK-01959,0.3829,54.21,0,0.6605,0,0.683,0.3346,0.6061,2.97,0.0,0.2778,1.28
WRK-01960,0.5617,30.9,0,0.7163,0,0.8447,0.5128,0.6211,3.44,0.0,0.3117,5.36
WRK-01961,0.3939,61.3,0,0.8356,0,0.918,0.6727,0.4834,0.85,1.0,0.1012,6.3
WRK-01962,0.4151,27.8,1,0.5578,1,0.1742,1.0,0.6657,3.08,4.0,0.2334,14.2
WRK-01963,0.6662,38.79,0,0.7653,0,0.7382,0.6545,0.7236,1.45,0.0,0.1915,1.51
WRK-01964,0.3449,71.39,0,0.88,0,0.2945,1.0,0.8323,6.56,2.0,0.2241,5.2
WRK-01965,0.3597,83.71,0,0.8431,0,0.818,0.4511,0.6215,0.69,4.0,0.0271,6.7
WRK-01966,0.3613,66.3,0,0.6852,0,0.5532,0.4068,0.8225,0.96,2.0,0.2916,2.2
WRK-01967,0.4451,62.3,0,1.0,0,0.6762,0.3632,0.8557,1.64,0.0,0.0391,6.88
WRK-01968,0.8399,79.37,1,0.8564,0,0.3222,1.0,0.8488,0.4,3.0,0.3246,11.56
WRK-01969,0.5301,47.76,0,0.6134,0,0.9372,0.8843,0.8428,2.42,0.0,0.0465,5.42
WRK-01970,0.6255,29.17,0,0.9098,1,0.5915,0.3378,0.582,0.28,0.0,0.1089,4.44
WRK-01971,0.4289,54.95,0,0.6933,0,0.5352,0.713,0.7052,0.5,1.0,0.294,2.76
WRK-01972,0.3571,17.47,0,0.7897,1,0.6887,0.1469,0.8208,2.01,2.0,0.2917,1.91
WRK-01973,0.2839,50.73,0,0.6622,0,0.7402,0.318,0.7585,4.46,2.0,0.3932,2.86
WRK-01974,0.5425,55.85,0,0.8519,0,0.4126,0.6164,0.7467,0.34,0.0,0.2283,5.84
WRK-01975,0.6893,93.27,0,1.0,0,0.3534,1.0,0.8908,1.32,2.0,0.0143,11.92
WRK-01976,0.8229,113.46,1,1.0,0,0.6286,0.079,0.6381,0.56,4.0,0.5295,20.29
WRK-01977,0.3631,29.4,0,0.6043,0,0.3926,1.0,0.6647,0.63,0.0,0.2002,5.03
WRK-01978,0.4687,69.04,0,1.0,0,0.2889,1.0,0.8661,0.42,0.0,0.3225,9.62
WRK-01979,0.7336,77.18,0,0.9183,1,0.4867,0.5809,0.8322,1.76,0.0,0.33,4.01
WRK-01980,0.5214,49.84,0,0.5718,0,0.5235,0.3389,0.7327,1.26,0.0,0.3476,1.24
WRK-01981,0.2824,57.21,0,0.8736,0,0.4036,1.0,0.4116,3.11,1.0,0.3725,5.06
WRK-01982,0.7089,154.52,0,1.0,0,0.3212,0.9065,0.8415,0.12,3.0,0.2735,12.64
WRK-01983,0.7184,167.93,0,1.0,1,0.5277,0.3105,0.322,0.77,0.0,0.0311,11.71
WRK-01984,0.3653,64.53,0,0.8314,0,0.5941,0.2901,0.7417,1.46,1.0,0.2276,6.86
WRK-01985,0.2332,63.62,0,0.7505,0,0.6646,0.1158,0.7574,2.07,1.0,0.0393,2.13
WRK-01986,0.4391,53.96,0,0.7201,0,0.3759,0.7017,0.6724,1.01,1.0,0.3414,4.58
WRK-01987,0.5658,76.95,0,1.0,0,0.4452,0.5561,0.5623,2.45,1.0,0.2098,7.05
WRK-01988,0.684,11.27,0,0.7241,1,0.7199,0.248,0.7023,3.56,2.0,0.3265,0.26
WRK-01989,0.5784,43.41,1,0.8227,0,0.4992,0.3784,0.3916,2.85,1.0,0.0629,9.64
WRK-01990,0.537,23.73,0,0.6207,0,0.484,0.4406,0.7348,4.59,0.0,0.1779,3.37
WRK-01991,0.6466,118.66,1,0.9978,0,0.3157,0.8536,0.808,2.27,2.0,0.309,24.61
WRK-01992,0.7563,106.9,1,0.8855,0,0.2013,1.0,0.6659,0.7,5.0,0.2246,19.73
WRK-01993,0.4439,61.28,0,1.0,0,0.213,1.0,0.8027,3.07,1.0,0.0721,6.25
WRK-01994,0.3588,42.56,0,0.7284,0,0.6669,0.0772,0.9386,2.38,2.0,0.2785,0.0
WRK-01995,0.3958,40.77,0,0.8684,0,0.6538,0.2948,0.6007,0.45,2.0,0.0303,3.56
WRK-01996,0.5552,102.23,1,1.0,0,0.591,0.3578,0.4558,8.66,0.0,0.5134,20.09
WRK-01997,0.753,141.87,0,0.9781,0,0.2312,1.0,0.8786,3.71,1.0,0.376,9.13
WRK-01998,0.3287,27.88,0,0.6628,0,0.6509,0.0127,0.7864,0.96,0.0,0.1716,0.0
WRK-01999,0.4159,45.17,0,0.9026,0,0.8494,0.52,0.7787,1.08,1.0,0.2207,1.0
WRK-02000,0.3856,114.29,0,1.0,0,0.5041,0.4629,0.8874,2.67,2.0,0.1875,6.85
WRK-02001,0.3637,8.21,1,0.4773,0,0.698,0.2924,0.6573,5.37,1.0,0.1728,9.59
WRK-02002,0.8611,87.86,0,1.0,0,0.6794,0.5968,0.5626,1.52,1.0,0.2168,10.9
WRK-02003,0.8475,67.56,1,0.7629,0,0.7735,0.4701,0.8349,2.32,5.0,0.0611,9.02
WRK-02004,0.5471,82.76,0,0.7081,0,0.8718,1.0,0.8472,4.61,5.0,0.1415,7.6
WRK-02005,0.4216,46.02,0,0.8496,0,0.4977,0.4211,0.5004,2.6,1.0,0.1122,5.85
WRK-02006,0.4673,37.13,0,0.9291,0,0.7212,0.3503,0.6895,0.13,1.0,0.03,7.43
WRK-02007,0.7591,88.63,1,0.9105,1,0.0969,1.0,0.9176,3.24,8.0,0.2992,24.52
WRK-02008,0.5729,31.99,0,0.7645,0,0.8561,0.5847,0.8579,0.72,2.0,0.2204,2.82
WRK-02009,0.3991,46.67,1,0.8347,0,0.3869,0.6654,0.7696,4.62,1.0,0.1059,8.55
WRK-02010,0.4058,50.95,0,0.6937,0,0.7205,0.2994,0.6019,4.7,0.0,0.0912,1.61
WRK-02011,0.6418,132.07,1,0.9961,0,0.05,1.0,0.6079,1.46,7.0,0.2338,21.7
WRK-02012,0.8091,77.25,1,0.7461,1,0.1419,1.0,0.4853,1.2,1.0,0.0769,12.82
WRK-02013,0.5938,42.38,0,0.9161,0,0.1642,1.0,0.8476,2.09,2.0,0.0283,9.45
WRK-02014,0.4336,0.0,1,0.4692,0,0.3485,0.8921,0.7463,1.05,1.0,0.0204,9.06
WRK-02015,0.1866,64.86,0,0.7614,0,0.4189,0.7623,0.5836,2.65,1.0,0.0783,3.74
WRK-02016,0.4747,54.9,0,1.0,0,0.2151,1.0,0.8582,8.1,2.0,0.1271,7.04
WRK-02017,0.8467,78.44,1,0.9321,0,0.5051,0.5324,0.7457,1.5,1.0,0.1631,15.18
WRK-02018,0.5061,56.86,0,0.7339,1,0.8708,0.8431,0.5495,6.51,1.0,0.208,3.97
WRK-02019,0.2522,62.71,0,0.7097,0,0.7113,0.3952,0.702,0.36,0.0,0.2212,1.22
WRK-02020,0.6549,98.23,0,0.985,0,0.6758,0.1966,0.6819,0.49,4.0,0.3574,10.61
WRK-02021,0.3839,67.74,0,1.0,0,0.3569,0.9854,0.0736,38.17,6.2,0.6345,21.19
WRK-02022,0.5369,65.61,0,0.8665,0,0.7485,0.3168,0.5893,1.52,0.0,0.2726,5.82
WRK-02023,0.4195,68.06,0,0.6605,0,0.6247,0.1526,0.5589,1.46,2.0,0.1633,1.48
WRK-02024,0.5886,142.03,1,1.0,0,0.05,1.0,0.5397,6.17,6.0,0.5148,23.02
WRK-02025,0.7227,114.82,0,1.0,0,0.6211,0.1654,0.8067,0.04,5.0,0.1045,8.33
WRK-02026,0.4714,105.88,0,1.0,0,0.8652,0.9071,0.8715,1.07,1.0,0.3222,11.61
WRK-02027,0.5632,90.39,0,0.9199,0,0.3405,0.7897,0.7966,4.14,7.0,0.3705,13.13
WRK-02028,0.3829,16.47,0,0.6127,0,0.3007,0.8838,0.6402,0.08,1.0,0.3848,4.68
WRK-02029,0.7177,54.78,0,0.9798,0,0.7018,0.318,0.3463,74.72,11.5,0.7388,30.76
WRK-02030,0.3247,69.97,0,1.0,1,0.3753,0.6903,0.4254,0.21,0.0,0.3359,4.05
WRK-02031,0.6195,82.95,0,0.9451,0,0.4317,0.655,0.8374,0.58,8.0,0.3458,9.08
WRK-02032,0.6308,25.72,1,0.8193,1,0.1973,1.0,0.5269,1.4,1.0,0.3166,16.42
WRK-02033,0.6039,91.17,1,1.0,0,0.05,1.0,0.8432,0.94,4.0,0.2396,18.42
WRK-02034,0.4183,61.42,0,0.8242,0,0.7825,0.3317,0.7069,1.91,1.0,0.0151,6.0
WRK-02035,0.3853,37.68,0,0.6044,0,1.0,0.9104,0.8855,0.2,3.0,0.0949,0.0
WRK-02036,0.5872,104.49,1,0.7394,0,0.4119,0.6421,0.8534,7.81,4.0,0.4611,18.36
WRK-02037,0.6316,95.45,0,1.0,0,0.6834,0.151,0.6912,0.28,2.0,0.1727,5.43
WRK-02038,0.7063,89.46,0,1.0,0,0.2839,0.9376,0.4855,3.09,2.0,0.2776,7.74
WRK-02039,0.4484,20.39,0,0.5646,1,0.2884,1.0,0.7022,0.76,2.0,0.3838,3.22
WRK-02040,0.5739,59.06,0,0.7641,0,0.5831,0.1826,0.1603,38.05,6.1,0.7579,18.57
WRK-02041,0.4623,60.06,0,0.9374,0,0.3342,0.8117,0.6364,0.76,2.0,0.0876,6.41
WRK-02042,0.3435,22.81,0,0.5056,0,0.8132,0.7219,0.8722,0.78,1.0,0.2136,2.16
WRK-02043,0.3889,40.8,1,0.6883,0,0.7405,0.2328,0.7787,0.63,3.0,0.2173,10.28
WRK-02044,0.4679,50.94,0,0.5554,0,0.4902,0.4563,0.8179,3.56,0.0,0.052,2.95
WRK-02045,0.5243,58.58,1,1.0,0,0.6452,0.181,0.7156,4.67,5.0,0.2176,8.91
WRK-02046,0.3201,15.26,0,0.5516,0,0.6841,0.4055,0.8112,1.15,0.0,0.2974,0.47
WRK-02047,0.6909,94.6,0,1.0,1,0.2707,0.9535,0.2686,40.94,8.7,0.8521,23.71
WRK-02048,0.7692,77.98,1,0.99,0,0.3202,0.8346,0.8669,1.61,5.0,0.2513,12.06
WRK-02049,0.3835,50.92,0,0.6949,0,0.6927,0.1814,0.7892,2.57,1.0,0.2493,0.0
WRK-02050,0.4116,74.02,0,0.6368,0,0.7863,0.4692,0.8686,1.47,0.0,0.0794,2.42
WRK-02051,0.5345,17.78,0,0.7376,1,0.7465,0.2758,0.9174,6.04,1.0,0.3965,1.31
WRK-02052,0.475,49.49,0,1.0,0,0.5798,0.2682,0.8285,2.89,2.0,0.3635,5.72
WRK-02053,0.3495,68.8,0,1.0,0,0.6131,0.2129,0.6411,4.42,2.0,0.3751,6.14
WRK-02054,0.4929,26.5,0,0.6273,0,0.747,0.4263,0.435,0.47,2.0,0.1809,1.46
WRK-02055,0.3381,47.38,0,0.6418,1,0.4883,0.7526,0.1761,69.21,7.9,0.6933,25.3
WRK-02056,0.5621,73.7,1,1.0,0,0.5624,0.3935,0.2037,82.9,8.5,0.7082,35.1
WRK-02057,0.3503,85.27,0,0.6842,0,0.3983,0.7464,0.6759,0.9,2.0,0.0402,7.38
WRK-02058,0.35,23.19,0,0.6944,0,0.7979,0.4333,0.7247,1.48,0.0,0.3735,1.9
WRK-02059,0.777,92.59,0,0.8353,0,0.8348,0.76,0.1102,62.46,8.8,0.6289,32.03
WRK-02060,0.7595,72.71,0,0.7102,0,0.3348,0.9952,0.5351,2.45,0.0,0.1325,4.83
WRK-02061,0.3967,40.09,0,0.8013,0,0.6311,0.3277,0.838,0.46,1.0,0.0048,3.19
WRK-02062,0.7109,87.08,1,0.972,0,0.05,1.0,0.6608,1.11,7.0,0.2015,16.51
WRK-02063,0.5269,25.95,0,0.8364,1,0.4226,0.6511,0.6819,0.33,0.0,0.3649,9.58
WRK-02064,0.3993,54.22,0,0.5631,1,0.7849,0.4402,0.8358,0.85,3.0,0.1383,3.63
WRK-02065,0.5971,129.55,0,1.0,0,0.7386,0.2898,0.4832,0.12,3.0,0.2949,13.02
WRK-02066,0.7223,104.37,0,1.0,0,0.2965,1.0,0.5416,2.74,3.0,0.2442,10.23
WRK-02067,0.3445,47.94,0,0.6779,0,0.8666,0.649,0.832,0.35,2.0,0.1594,4.59
WRK-02068,0.4988,34.18,0,0.6737,0,0.6804,0.155,0.7298,1.45,0.0,0.29,0.0
WRK-02069,0.4547,37.36,0,1.0,0,0.7513,0.3098,0.32,41.21,8.6,0.9957,27.49
WRK-02070,0.6816,93.47,0,0.9725,0,0.7341,0.2379,0.7132,5.78,1.0,0.0149,9.25
WRK-02071,0.6107,50.39,0,0.7279,0,0.771,0.5486,0.708,1.24,0.0,0.0543,1.45
WRK-02072,0.4019,89.69,0,0.7269,0,0.5448,0.5394,0.7538,5.29,4.0,0.051,4.22
WRK-02073,0.6562,78.09,1,1.0,1,0.3682,0.8369,0.6861,0.75,3.0,0.0229,16.79
WRK-02074,0.4776,74.56,0,1.0,0,0.5779,0.1846,0.6282,7.08,1.0,0.0347,2.6
WRK-02075,0.4715,35.84,0,0.6645,1,0.9486,0.7846,0.8585,0.78,0.0,0.2045,3.6
WRK-02076,0.627,69.64,0,0.7924,0,0.6895,0.2388,0.8541,3.93,0.0,0.3958,1.63
WRK-02077,0.6699,87.0,1,0.86,0,0.5589,0.3288,0.6258,1.03,2.0,0.3843,17.79
WRK-02078,0.6808,80.3,0,0.9863,1,0.4474,0.6056,0.5931,0.96,0.0,0.2804,7.04
WRK-02079,0.5492,89.25,0,1.0,1,0.657,0.122,0.6968,0.25,2.0,0.2779,7.39
WRK-02080,0.542,27.43,0,0.8961,0,0.5525,0.2481,0.8571,10.76,0.0,0.0416,4.05
WRK-02081,0.5947,55.41,0,0.8104,0,0.3067,0.9397,0.8573,0.13,1.0,0.203,3.96
WRK-02082,0.7075,73.79,0,1.0,0,0.5905,0.2141,0.2577,31.31,6.3,0.6505,29.41
WRK-02083,0.461,69.16,0,1.0,0,0.6732,0.0598,0.7116,2.67,2.0,0.1277,5.93
WRK-02084,0.3863,49.4,0,0.6019,0,0.7548,0.8518,0.6834,1.89,0.0,0.3254,3.18
WRK-02085,0.4447,31.41,0,0.7307,0,0.7291,0.2535,0.8176,1.24,0.0,0.2116,2.83
WRK-02086,0.3171,43.03,0,0.7843,0,0.8555,0.5254,0.7944,1.89,0.0,0.065,2.29
WRK-02087,0.3575,51.95,0,0.7032,0,0.8161,0.8545,0.2225,37.32,8.4,0.8433,22.89
WRK-02088,0.4909,55.9,0,0.7559,0,0.5015,0.3763,0.1078,48.23,4.6,0.7836,13.81
WRK-02089,0.4773,88.57,1,1.0,0,0.1048,1.0,0.8827,0.29,1.0,0.3116,26.04
WRK-02090,0.6812,111.34,1,1.0,0,0.6002,0.1614,0.806,1.67,2.0,0.2728,20.8
WRK-02091,0.4781,12.48,1,0.565,0,0.261,0.9875,0.6935,6.3,4.0,0.2837,12.3
WRK-02092,0.6041,82.99,0,1.0,0,0.7033,0.1633,0.5244,3.93,4.0,0.175,7.21
WRK-02093,0.5504,57.73,1,0.7118,0,0.4476,0.5602,0.1731,36.65,10.7,0.6667,31.03
WRK-02094,0.4818,19.87,0,0.9042,1,0.4252,0.6725,0.738,2.42,0.0,0.0096,4.45
WRK-02095,0.5104,31.63,0,0.7859,0,0.7161,0.1711,0.1692,93.51,7.4,0.9203,19.58
WRK-02096,0.5951,66.26,1,0.8179,0,0.6641,0.1071,0.6104,1.72,6.0,0.1213,13.34
WRK-02097,0.3993,28.02,0,0.4894,0,0.5382,0.4757,0.7767,0.87,1.0,0.0311,3.83
WRK-02098,0.4286,43.69,0,0.7177,0,0.2232,1.0,0.7586,5.28,1.0,0.2182,3.06
WRK-02099,0.5075,46.32,1,0.6862,0,0.6676,0.2626,0.7411,5.28,0.0,0.3519,10.11
WRK-02100,0.6306,47.64,0,0.8948,0,0.5898,0.2026,0.6611,0.18,0.0,0.3352,4.55
WRK-02101,0.3343,4.06,0,0.571,0,0.3624,0.8228,0.7906,2.29,1.0,0.3294,0.0
WRK-02102,0.4176,38.03,0,0.6702,0,0.3434,0.8367,0.8378,0.24,3.0,0.0092,2.42
WRK-02103,0.6241,35.96,0,1.0,0,0.6557,0.083,0.5814,1.69,0.0,0.2067,3.6
WRK-02104,0.4572,27.35,0,0.8957,1,0.5874,0.3038,0.7973,1.06,1.0,0.1993,6.15
WRK-02105,0.451,34.62,0,0.6856,0,0.7647,0.5243,0.8097,1.04,0.0,0.0692,0.42
WRK-02106,0.3908,95.91,1,1.0,1,0.5645,0.3092,0.8467,3.46,3.0,0.2534,21.28
WRK-02107,0.3713,68.71,0,0.8363,0,0.7893,0.407,0.9077,2.24,0.0,0.3442,5.17
WRK-02108,0.505,31.32,0,0.9003,0,0.5563,0.5727,0.7637,1.52,0.0,0.1587,7.57
WRK-02109,0.5182,183.38,0,1.0,0,0.4722,0.4656,0.526,1.6,1.0,0.203,9.82
WRK-02110,0.4542,61.94,0,1.0,0,0.5428,0.2801,0.6308,3.14,2.0,0.2834,1.33
WRK-02111,0.4281,63.08,0,0.9426,1,0.8605,0.5325,0.7035,2.6,1.0,0.2157,6.78
WRK-02112,0.4041,26.49,0,0.6727,0,0.3043,1.0,0.8526,2.31,0.0,0.3883,1.57
WRK-02113,0.2882,9.23,0,0.6157,0,0.6926,0.1222,0.7979,2.6,2.0,0.0224,1.89
WRK-02114,0.4143,27.8,0,0.6074,0,0.4102,0.7631,0.8235,1.16,2.0,0.1816,1.58
WRK-02115,0.4905,36.87,0,0.4746,0,0.8213,0.567,0.6082,0.58,3.0,0.1094,2.09
WRK-02116,0.5437,62.14,0,0.7938,0,0.733,0.3229,0.621,0.25,2.0,0.303,2.68
WRK-02117,0.3638,21.44,0,0.6093,0,0.5012,0.6559,0.6503,2.6,0.0,0.2034,3.66
WRK-02118,0.6799,91.76,1,0.779,0,0.6749,0.1681,0.0746,132.09,9.9,0.7016,30.31
WRK-02119,0.4877,114.97,1,1.0,0,0.3924,0.9592,0.6344,0.16,3.0,0.6028,22.93
WRK-02120,0.4429,54.47,0,0.7922,0,0.9905,1.0,0.8577,7.15,0.0,0.3286,3.42
WRK-02121,0.6982,42.45,0,0.8182,0,0.8832,0.6123,0.795,6.0,1.0,0.3398,5.88
WRK-02122,0.3702,31.16,0,0.5742,0,0.7715,0.3469,0.6918,0.4,1.0,0.0363,2.84
WRK-02123,0.6405,101.2,1,1.0,0,0.05,1.0,0.8987,0.3,10.0,0.6526,17.05
WRK-02124,0.7095,102.01,0,1.0,0,0.8226,0.5339,0.6142,1.12,3.0,0.1883,10.27
WRK-02125,0.5316,53.4,0,0.5924,0,0.8499,0.5661,0.7099,0.19,0.0,0.1554,0.88
WRK-02126,0.558,76.57,1,1.0,1,0.5007,0.6222,0.6875,0.03,3.0,0.0326,12.27
WRK-02127,0.3076,66.74,0,1.0,0,0.6152,0.5043,0.8413,1.93,2.0,0.1327,2.58
WRK-02128,0.4451,67.55,0,0.8078,0,0.7554,0.5155,0.8302,1.21,0.0,0.2177,2.58
WRK-02129,0.9258,157.18,0,1.0,1,0.6599,0.3001,0.7706,3.29,1.0,0.2708,14.32
WRK-02130,0.5298,105.65,1,1.0,0,0.05,1.0,0.2319,44.46,13.2,0.926,40.42
WRK-02131,0.3076,42.75,0,0.7821,0,0.5822,0.1877,0.2234,54.08,7.7,0.7286,17.02
WRK-02132,0.4025,20.62,0,0.6552,0,0.4018,0.6581,0.7397,3.29,1.0,0.3396,0.97
WRK-02133,0.5475,91.3,1,1.0,0,0.2406,1.0,0.6854,4.65,7.0,0.0245,16.76
WRK-02134,0.7786,67.49,0,0.7251,0,0.3869,0.8083,0.7729,0.93,1.0,0.0631,4.88
WRK-02135,0.6035,63.83,0,0.8734,1,0.6433,0.029,0.4184,2.3,1.0,0.0667,6.84
WRK-02136,0.4059,47.9,0,0.7453,1,0.8834,0.5877,0.5104,1.99,0.0,0.3787,0.14
WRK-02137,0.5814,97.24,0,1.0,0,0.7412,0.7387,0.6704,3.97,3.0,0.1695,12.31
WRK-02138,0.6763,90.2,0,1.0,1,0.8315,0.6628,0.2206,77.53,6.0,0.6937,34.84
WRK-02139,0.7689,83.37,1,1.0,0,0.05,1.0,0.6577,0.35,5.0,0.3894,20.56
WRK-02140,0.6883,162.7,0,0.9919,0,0.72,0.2253,0.7438,0.8,4.0,0.3282,9.8
WRK-02141,0.3553,28.44,0,0.68,0,0.9385,1.0,0.5889,4.87,1.0,0.1214,0.0
WRK-02142,0.2884,34.82,1,0.6428,0,0.5807,0.1833,0.711,0.21,0.0,0.3215,8.2
WRK-02143,0.2303,6.04,0,0.5904,1,0.4837,0.5407,0.5946,1.68,0.0,0.0266,2.26
WRK-02144,0.5499,67.61,0,1.0,0,0.7848,0.5083,0.9021,0.34,2.0,0.3279,5.37
WRK-02145,0.489,74.77,0,1.0,0,0.48,0.5282,0.8657,0.04,1.0,0.1994,3.76
WRK-02146,0.7584,100.45,1,1.0,0,0.3926,0.8151,0.8526,1.4,2.0,0.332,15.32
WRK-02147,0.5052,28.92,0,0.902,1,0.4101,0.7542,0.5445,0.54,0.0,0.1787,5.05
WRK-02148,0.5056,1.8,0,0.4904,1,0.8267,0.6619,0.6127,4.36,0.0,0.3278,2.2
WRK-02149,0.3926,56.57,1,0.697,0,0.786,0.6001,0.8905,4.23,3.0,0.1655,9.46
WRK-02150,0.431,62.11,0,0.802,0,0.8708,0.7916,0.1855,42.63,5.6,0.9364,30.42
WRK-02151,0.3936,90.68,0,1.0,1,0.2906,1.0,0.6315,0.92,1.0,0.1918,11.76
WRK-02152,0.5593,75.54,0,1.0,0,0.2307,1.0,0.7572,2.24,0.0,0.0098,8.67
WRK-02153,0.6178,46.13,1,0.6882,1,0.7827,0.5529,0.8236,1.25,3.0,0.3639,9.16
WRK-02154,0.5091,194.12,1,1.0,0,0.4827,0.5915,0.6408,1.3,6.0,0.2631,20.88
WRK-02155,0.3723,49.43,0,0.6658,1,0.9199,0.7046,0.6441,0.35,0.0,0.1892,1.82
WRK-02156,0.7812,69.98,0,0.9573,0,0.7061,0.1637,0.9079,0.09,1.0,0.3758,3.41
WRK-02157,0.5642,76.51,0,1.0,0,0.2062,1.0,0.6407,2.23,1.0,0.2518,6.79
WRK-02158,0.4453,33.56,0,0.5857,0,0.6706,0.2525,0.6986,1.44,3.0,0.2112,2.27
WRK-02159,0.5477,68.2,0,0.8094,0,0.3705,0.7247,0.7384,1.74,2.0,0.3193,9.61
WRK-02160,0.4863,51.99,0,1.0,0,0.4421,0.5942,0.7249,2.08,0.0,0.045,2.84
WRK-02161,0.494,59.94,0,0.8019,0,0.434,0.7074,0.3907,4.27,2.0,0.0276,5.63
WRK-02162,0.6909,18.34,0,0.6968,0,0.6243,0.2564,0.1133,51.76,5.6,0.945,17.91
WRK-02163,0.8359,82.74,1,0.9674,0,0.3813,1.0,0.4803,0.59,3.0,0.0313,19.87
WRK-02164,0.375,11.73,0,0.4867,0,0.9267,0.7602,0.232,17.03,4.8,0.6855,12.73
WRK-02165,0.3374,45.71,0,0.6532,0,0.3027,1.0,0.7161,1.02,1.0,0.2252,2.59
WRK-02166,0.3064,16.4,0,0.4697,1,0.977,0.827,0.7466,1.93,1.0,0.2898,6.11
WRK-02167,0.5582,53.92,0,1.0,0,0.2656,1.0,0.7313,3.17,3.0,0.1416,6.21
WRK-02168,0.3403,46.27,0,0.7051,0,1.0,1.0,0.8584,0.94,0.0,0.3136,0.36
WRK-02169,0.3598,3.91,0,0.5838,0,0.7092,0.1679,0.6093,6.75,0.0,0.0461,1.66
WRK-02170,0.3882,34.95,1,0.5877,0,0.1368,1.0,0.4429,0.53,3.0,0.2773,13.25
WRK-02171,0.6798,114.33,1,1.0,0,0.5472,0.457,0.5255,2.66,5.0,0.2415,21.64
WRK-02172,0.4224,75.65,0,0.8099,0,0.3646,0.9541,0.7756,0.84,1.0,0.1748,6.61
WRK-02173,0.5852,31.55,0,0.5087,0,0.7483,0.3029,0.7108,3.46,0.0,0.3152,1.74
WRK-02174,0.4403,61.7,0,0.9289,0,0.738,0.3446,0.7849,4.7,1.0,0.321,5.29
WRK-02175,0.5152,26.55,0,0.8445,1,0.61,0.6456,0.8615,1.18,0.0,0.1011,3.91
WRK-02176,0.5312,60.61,0,0.7365,0,0.8589,0.942,0.8192,2.0,0.0,0.2679,3.03
WRK-02177,0.7392,112.5,1,1.0,0,0.355,1.0,0.8651,2.47,3.0,0.3968,16.83
WRK-02178,0.7951,78.07,1,0.8856,0,0.05,1.0,0.8601,1.26,2.0,0.0411,14.42
WRK-02179,0.4132,71.65,0,0.8446,1,0.7637,0.6825,0.6502,1.34,1.0,0.329,4.75
WRK-02180,0.6601,84.2,1,0.8311,0,0.8112,0.4548,0.5447,1.67,3.0,0.2395,11.64
WRK-02181,0.2573,41.62,0,0.6453,0,0.494,0.6372,0.6263,0.84,0.0,0.2535,0.08
WRK-02182,0.4204,49.03,0,0.8931,0,0.3329,0.8216,0.4835,5.42,1.0,0.272,7.42
WRK-02183,0.5031,108.2,0,1.0,0,0.3947,0.669,0.7809,0.36,2.0,0.323,11.53
WRK-02184,0.4303,50.88,0,0.7826,0,0.6833,0.2927,0.7603,0.27,2.0,0.3334,0.2
WRK-02185,0.291,54.43,0,0.8405,0,1.0,1.0,0.6707,1.59,1.0,0.0504,3.27
WRK-02186,0.5804,56.53,0,1.0,0,0.6698,0.057,0.5712,6.57,1.0,0.0002,8.01
WRK-02187,0.4824,41.45,0,1.0,1,0.6551,0.2384,0.4816,1.33,1.0,0.1884,7.25
WRK-02188,0.4605,49.61,0,1.0,0,0.3788,0.7273,0.8828,0.68,0.0,0.233,5.81
WRK-02189,0.6125,118.26,0,1.0,0,0.5399,0.6505,0.6985,0.67,4.0,0.0876,10.37
WRK-02190,0.6998,95.47,1,1.0,1,0.2692,0.9806,0.8618,0.88,1.0,0.0386,16.75
WRK-02191,0.4156,63.56,0,0.9931,0,0.2038,1.0,0.5457,0.27,1.0,0.0603,7.25
WRK-02192,0.6012,96.72,0,1.0,0,0.5151,0.4963,0.199,20.01,7.4,0.9258,22.49
WRK-02193,0.5751,61.46,0,1.0,0,0.5337,0.509,0.7827,0.02,1.0,0.0866,9.23
WRK-02194,0.5784,29.15,0,0.8822,0,0.7169,0.1717,0.6268,0.22,0.0,0.2108,7.31
WRK-02195,0.3812,34.26,0,0.7069,0,0.8082,0.5025,0.5878,5.48,0.0,0.1832,2.09
WRK-02196,0.5013,104.36,0,0.8034,0,0.6732,0.0908,0.8004,0.02,1.0,0.3226,9.36
WRK-02197,0.4807,60.31,0,1.0,1,0.4808,0.5145,0.8071,1.55,0.0,0.1785,5.84
WRK-02198,0.4806,59.63,0,0.7952,0,0.9246,0.9764,0.2336,135.32,4.6,0.8719,12.07
WRK-02199,0.5847,109.35,1,1.0,0,0.1206,1.0,0.7023,5.61,2.0,0.2864,23.61
WRK-02200,0.7156,34.2,0,0.8494,1,0.5542,0.3815,0.7021,0.53,3.0,0.2886,5.68
WRK-02201,0.4336,63.52,0,1.0,0,0.798,0.5381,0.864,1.25,0.0,0.2877,3.58
WRK-02202,0.8445,131.19,1,1.0,0,0.5413,0.2759,0.8216,0.77,4.0,0.3644,23.24
WRK-02203,0.7049,148.31,1,1.0,0,0.6588,0.187,0.8186,0.08,5.0,0.5428,19.1
WRK-02204,0.5446,97.57,0,1.0,1,0.7806,0.6159,0.8285,1.74,4.0,0.3313,10.4
WRK-02205,0.7387,90.82,1,0.982,0,0.4875,0.7604,0.7877,0.05,3.0,0.2166,16.8
WRK-02206,0.5417,54.44,0,0.8306,0,0.4375,0.8621,0.8251,0.26,1.0,0.2433,5.81
WRK-02207,0.4828,31.94,0,0.8943,0,0.5051,0.5063,0.7573,6.56,1.0,0.1282,5.84
WRK-02208,0.5361,50.17,1,0.8234,0,0.5048,0.3853,0.6705,1.11,0.0,0.2032,11.67
WRK-02209,0.6977,29.71,1,0.8596,0,0.1753,1.0,0.725,2.11,3.0,0.1993,17.54
WRK-02210,0.5293,37.87,0,0.8222,0,0.8173,0.4509,0.6108,0.32,0.0,0.3274,6.19
WRK-02211,0.4028,58.44,1,0.6497,0,0.3022,0.9051,0.7168,2.89,1.0,0.2617,9.55
WRK-02212,0.4081,58.37,0,0.6741,0,0.366,0.767,0.4044,1.71,0.0,0.2473,1.24
WRK-02213,0.6223,166.12,1,1.0,0,0.1348,1.0,0.1228,40.12,9.1,0.8882,37.75
WRK-02214,0.8569,96.9,1,1.0,0,0.4537,0.5226,0.8021,1.67,5.0,0.2818,18.55
WRK-02215,0.6397,120.35,0,1.0,0,0.5216,0.359,0.7183,0.13,4.0,0.2457,11.96
WRK-02216,0.6046,83.96,0,0.9037,0,0.1954,1.0,0.8534,1.04,0.0,0.1735,11.15
WRK-02217,0.8089,105.85,1,0.8831,0,0.4038,0.8163,0.7388,2.45,6.0,0.4015,19.78
WRK-02218,0.43,20.08,0,0.7666,1,0.3713,0.7034,0.5084,0.52,1.0,0.3507,1.88
WRK-02219,0.6496,107.59,1,1.0,0,0.05,1.0,0.5822,15.32,6.0,0.4261,23.0
WRK-02220,0.514,19.17,1,0.8172,0,0.2108,1.0,0.6916,5.77,3.0,0.3083,16.21
WRK-02221,0.3901,35.55,0,0.6869,0,0.7782,0.3938,0.5628,0.54,3.0,0.1404,3.16
WRK-02222,0.4971,18.88,0,0.81,1,0.2837,0.9766,0.8463,6.86,1.0,0.0694,3.74
WRK-02223,0.7315,123.63,0,1.0,0,0.2721,1.0,0.8652,0.81,3.0,0.2062,10.83
WRK-02224,0.5381,74.83,0,0.9392,0,0.305,0.9722,0.8014,1.22,2.0,0.3054,5.44
WRK-02225,0.7348,78.72,0,0.779,0,0.8566,0.7356,0.1801,26.1,3.8,0.6367,17.61
WRK-02226,0.6759,68.44,1,1.0,0,0.2043,1.0,0.6469,5.12,3.0,0.3673,12.66
WRK-02227,0.3754,31.62,0,0.6174,0,0.8209,0.6806,0.6968,0.78,0.0,0.3857,3.33
WRK-02228,0.3488,6.23,0,0.4984,1,0.3831,0.7438,0.4455,4.16,0.0,0.1804,2.85
WRK-02229,0.4084,68.92,0,0.9434,0,0.608,0.3319,0.4957,2.69,2.0,0.0173,5.57
WRK-02230,0.4382,27.02,0,0.4889,0,0.4557,0.5453,0.7153,2.44,1.0,0.1341,3.22
WRK-02231,0.3063,62.58,0,0.7336,0,0.6095,0.1454,0.7501,5.95,1.0,0.1125,1.7
WRK-02232,0.761,80.49,0,1.0,0,0.4166,0.8836,0.6537,3.1,2.0,0.3458,11.38
WRK-02233,0.546,27.48,1,0.6011,0,0.4934,0.4494,0.7711,3.33,1.0,0.33,7.43
WRK-02234,0.6688,35.55,0,0.8844,1,0.2498,1.0,0.8881,3.55,0.0,0.3966,9.22
WRK-02235,0.5296,74.3,0,0.9538,0,0.1634,1.0,0.5887,4.8,3.0,0.24,8.01
WRK-02236,0.4071,61.54,0,0.9737,0,0.4905,0.4412,0.5803,2.23,1.0,0.2447,4.71
WRK-02237,0.5837,25.35,1,0.7907,0,0.7543,0.5409,0.8634,1.14,4.0,0.2822,13.89
WRK-02238,0.4744,75.41,0,1.0,0,0.6876,0.2232,0.5496,0.08,1.0,0.0416,2.47
WRK-02239,0.568,58.07,1,0.7923,0,0.7749,0.4519,0.2968,58.48,3.2,0.6868,26.0
WRK-02240,0.4108,22.67,0,0.5117,1,0.6213,0.2147,0.2368,31.9,7.1,0.6564,14.94
WRK-02241,0.5492,45.0,0,0.8786,0,0.4273,1.0,0.6602,0.65,0.0,0.2774,5.89
WRK-02242,0.5531,61.27,1,0.727,0,0.6592,0.2101,0.5357,0.1,2.0,0.2687,13.42
WRK-02243,0.6597,74.6,1,0.9188,0,0.2205,1.0,0.8259,2.34,6.0,0.2029,12.76
WRK-02244,0.8134,118.92,1,0.9709,0,0.0514,1.0,0.5774,0.48,4.0,0.601,22.21
WRK-02245,0.2986,92.76,0,0.8401,1,0.5235,0.3804,0.6588,0.68,2.0,0.0552,9.41
WRK-02246,0.3678,60.07,0,0.7323,0,0.9519,0.853,0.5409,4.19,3.0,0.2966,4.22
WRK-02247,0.7077,141.95,1,1.0,1,0.4985,0.4176,0.7983,0.49,6.0,0.5632,19.72
WRK-02248,0.6367,24.82,0,0.7208,1,0.5659,0.6301,0.915,0.13,1.0,0.1967,3.15
WRK-02249,0.4734,87.06,0,0.982,0,0.6993,0.8765,0.7662,6.26,4.0,0.3368,8.16
WRK-02250,0.6819,84.26,0,0.8615,0,0.7187,0.1972,0.6492,0.8,2.0,0.2002,8.4
WRK-02251,0.5395,67.81,1,0.8693,0,0.3194,1.0,0.7621,7.78,2.0,0.0611,13.81
WRK-02252,0.6355,120.61,0,0.9307,0,0.1731,1.0,0.8961,4.48,1.0,0.0017,11.89
WRK-02253,0.617,4.27,0,0.7707,1,0.809,0.4454,0.7132,0.2,3.0,0.1496,4.05
WRK-02254,0.6152,91.97,0,0.9126,0,0.3416,0.7834,0.7149,0.99,5.0,0.1184,11.77
WRK-02255,0.4601,33.83,1,0.8207,0,0.2883,0.9353,0.6663,0.68,4.0,0.0563,16.98
WRK-02256,0.3096,43.74,0,0.6374,0,0.626,0.3724,0.0578,147.09,3.2,0.6558,21.26
WRK-02257,0.3981,53.39,1,0.6982,0,0.32,0.8963,0.6541,1.12,4.0,0.0574,14.46
WRK-02258,0.5406,37.21,0,0.6649,0,0.8972,0.6706,0.2583,52.68,8.6,0.7714,15.32
WRK-02259,0.7258,85.99,0,1.0,0,0.2638,0.9667,0.2849,66.88,6.7,0.7785,28.18
WRK-02260,0.2998,22.11,0,0.4504,0,0.9237,0.7481,0.7964,1.15,1.0,0.3945,1.77
WRK-02261,0.6948,86.5,0,0.9884,0,0.4682,0.4703,0.7058,3.09,3.0,0.052,6.23
WRK-02262,0.2522,18.52,0,0.4174,0,0.7138,0.2009,0.5625,1.59,0.0,0.0454,2.32
WRK-02263,0.6389,92.34,0,1.0,0,0.1452,1.0,0.7596,1.28,1.0,0.2786,6.96
WRK-02264,0.7588,76.86,1,1.0,0,0.05,1.0,0.6793,2.73,3.0,0.2887,12.9
WRK-02265,0.7086,96.41,1,1.0,0,0.1615,1.0,0.5831,3.0,5.0,0.1568,16.79
WRK-02266,0.8713,99.47,0,1.0,0,0.3911,0.7441,0.8627,0.26,2.0,0.1453,11.83
WRK-02267,0.3924,69.7,0,0.8629,1,0.3146,0.8831,0.5677,4.51,1.0,0.3134,5.11
WRK-02268,0.3971,43.35,0,0.7126,0,0.6223,0.123,0.6021,0.22,2.0,0.363,0.0
WRK-02269,0.7713,96.89,0,1.0,0,0.5609,0.3852,0.8252,0.73,2.0,0.222,10.45
WRK-02270,0.1662,16.45,0,0.4991,0,0.8878,0.7786,0.8734,2.49,0.0,0.0634,0.32
WRK-02271,0.4964,66.05,0,1.0,0,0.5299,0.4118,0.7245,3.04,1.0,0.1386,6.82
WRK-02272,0.4761,61.74,0,1.0,0,0.4484,0.5615,0.7817,2.36,3.0,0.3815,8.2
WRK-02273,0.5989,64.06,0,1.0,0,0.7796,0.5823,0.4119,1.17,0.0,0.2999,3.17
WRK-02274,0.7572,80.31,1,0.8908,0,0.255,1.0,0.6216,0.26,5.0,0.0947,22.27
WRK-02275,0.4593,33.09,0,0.8214,0,0.5451,0.3249,0.751,2.42,1.0,0.2626,4.28
WRK-02276,0.7794,105.88,0,1.0,0,0.2753,0.9756,0.6027,4.14,1.0,0.1236,10.15
WRK-02277,0.529,24.63,0,0.8148,1,0.3872,0.6931,0.5304,0.01,0.0,0.0509,3.7
WRK-02278,0.6476,95.36,0,1.0,0,0.6932,0.194,0.873,4.55,1.0,0.3811,10.27
WRK-02279,0.4958,75.04,0,1.0,0,0.2505,1.0,0.9072,0.59,0.0,0.256,9.27
WRK-02280,0.3838,69.3,0,0.7488,0,0.5658,0.2449,0.8301,4.07,1.0,0.2496,1.11
WRK-02281,0.5731,146.12,0,0.9294,0,0.1833,1.0,0.5202,4.67,1.0,0.3586,12.52
WRK-02282,0.5072,84.61,0,1.0,1,0.3903,0.6802,0.6327,0.12,1.0,0.1745,11.0
WRK-02283,0.4965,55.32,0,1.0,0,0.5947,0.2986,0.6205,1.69,0.0,0.1081,5.46
WRK-02284,0.5221,53.8,0,0.6294,0,0.3651,1.0,0.7393,0.38,1.0,0.2098,5.34
WRK-02285,0.4874,62.53,0,0.7593,0,0.3389,0.7943,0.5112,2.25,0.0,0.3782,1.44
WRK-02286,0.5127,61.13,0,0.8108,0,0.8695,0.6373,0.7292,3.96,0.0,0.2222,5.19
WRK-02287,0.4936,8.28,0,0.6059,0,0.8026,0.658,0.8326,1.48,0.0,0.1397,2.95
WRK-02288,0.4987,63.78,0,0.8207,0,0.9663,0.9134,0.7502,1.12,0.0,0.394,5.47
WRK-02289,0.3934,23.59,0,0.722,1,0.4313,0.6767,0.9447,0.33,1.0,0.1312,4.17
WRK-02290,0.7791,106.62,1,0.989,0,0.4335,1.0,0.7621,1.73,3.0,0.5296,15.83
WRK-02291,0.6727,112.45,1,1.0,1,0.0727,1.0,0.6128,0.45,4.0,0.4657,22.52
WRK-02292,0.4827,63.73,0,1.0,1,0.496,0.4418,0.6594,5.24,1.0,0.2856,3.12
WRK-02293,0.6877,32.37,0,0.9705,0,0.6209,0.0753,0.1167,29.72,5.2,0.7225,18.8
WRK-02294,0.5298,43.25,0,0.6817,0,0.4188,0.639,0.8484,1.26,1.0,0.1336,1.12
WRK-02295,0.3993,65.38,0,0.778,0,0.66,0.2893,0.2163,59.05,5.0,0.9104,9.06
WRK-02296,0.4137,113.68,0,0.9115,0,0.348,0.7754,0.6858,7.73,3.0,0.1804,13.11
WRK-02297,0.6671,31.86,0,0.8584,0,0.2802,1.0,0.3228,59.29,5.9,0.8004,23.95
WRK-02298,0.744,94.73,1,0.9514,0,0.5088,0.3687,0.5762,0.32,4.0,0.1048,19.17
WRK-02299,0.5752,50.2,0,0.7344,0,0.44,0.6734,0.8346,0.44,2.0,0.1267,2.84
WRK-02300,0.3543,13.47,0,0.529,1,0.6487,0.0677,0.7765,3.1,1.0,0.2941,0.0
WRK-02301,0.5065,69.41,0,1.0,0,0.5448,0.4113,0.6331,0.06,0.0,0.0805,3.34
WRK-02302,0.5483,33.66,0,0.743,1,0.5912,0.1555,0.6862,0.26,1.0,0.2648,0.0
WRK-02303,0.5969,137.71,0,1.0,0,0.2127,1.0,0.5806,1.67,2.0,0.2283,13.9
WRK-02304,0.3903,37.15,0,0.7039,0,0.3412,0.7962,0.7391,1.86,0.0,0.288,4.76
WRK-02305,0.4012,16.95,0,0.6583,0,0.5905,0.1873,0.7428,0.09,2.0,0.1565,3.58
WRK-02306,0.69,99.54,0,1.0,0,0.9184,0.8947,0.7859,0.56,2.0,0.225,12.27
WRK-02307,0.5523,75.34,0,1.0,0,0.8059,0.6072,0.6169,2.22,1.0,0.29,0.74
WRK-02308,0.6531,22.81,0,0.8122,1,0.6336,0.1459,0.743,1.45,0.0,0.3781,5.78
WRK-02309,0.5576,61.77,0,1.0,0,0.4782,0.4524,0.5958,2.18,0.0,0.0454,5.24
WRK-02310,0.6279,113.07,1,0.9965,1,0.5169,0.5569,0.6669,1.15,4.0,0.1754,16.89
WRK-02311,0.5405,81.58,0,1.0,1,0.7546,0.8949,0.5024,0.19,2.0,0.0654,10.62
WRK-02312,0.7262,111.32,1,1.0,0,0.3524,1.0,0.0607,49.43,9.1,1.0,30.37
WRK-02313,0.5511,100.11,0,0.9201,0,0.6632,0.0984,0.939,2.24,4.0,0.1734,10.01
WRK-02314,0.7738,95.91,0,1.0,1,0.1901,1.0,0.5265,3.69,2.0,0.2271,11.14
WRK-02315,0.5617,27.19,0,0.8422,1,0.9836,1.0,0.2862,29.94,7.4,0.8511,22.41
WRK-02316,0.9275,162.67,0,1.0,0,0.5059,0.5636,0.6317,0.4,4.0,0.3344,13.11
WRK-02317,0.8366,119.66,1,1.0,0,0.2591,0.9982,0.5504,2.37,6.0,0.286,18.39
WRK-02318,0.7369,114.45,1,0.9365,0,0.2323,1.0,0.3741,1.75,4.0,0.6552,21.4
WRK-02319,0.4699,41.97,0,0.7733,0,0.3388,0.8145,0.6102,0.32,2.0,0.3543,3.47
WRK-02320,0.4631,70.12,0,0.8701,0,0.4505,0.5228,0.7761,2.2,0.0,0.1231,5.61
WRK-02321,0.6397,81.21,0,1.0,1,0.8148,0.5237,0.6308,3.66,0.0,0.2371,10.96
WRK-02322,0.5809,89.22,0,1.0,0,0.5575,0.2399,0.6206,2.01,3.0,0.2713,7.9
WRK-02323,0.4102,83.68,0,1.0,0,0.377,0.7398,0.5979,0.11,6.0,0.0787,9.85
WRK-02324,0.3962,49.92,0,0.5792,0,0.5329,0.4045,0.8926,0.91,0.0,0.3996,1.67
WRK-02325,0.2316,22.43,0,0.6254,0,0.3521,0.7961,0.6626,0.87,1.0,0.0705,2.44
WRK-02326,0.4065,50.95,0,0.8714,1,0.5487,0.2826,0.6013,0.45,1.0,0.0328,2.18
WRK-02327,0.4602,52.14,0,0.9008,1,0.7543,0.2837,0.8564,0.88,1.0,0.2953,2.73
WRK-02328,0.5328,45.71,1,0.8244,0,0.313,1.0,0.4496,7.01,2.0,0.3265,17.25
WRK-02329,0.6671,135.37,1,1.0,0,0.1511,1.0,0.6925,4.01,3.0,0.2746,14.03
WRK-02330,0.5227,34.07,0,0.8255,0,0.5219,0.4861,0.7952,5.86,0.0,0.0666,3.2
WRK-02331,0.8579,70.85,1,1.0,0,0.2937,0.9929,0.7795,0.63,6.0,0.0904,19.83
WRK-02332,0.503,71.14,0,0.7389,0,0.7974,0.4677,0.7528,0.05,1.0,0.2395,0.96
WRK-02333,0.4352,47.81,0,0.9029,1,0.4943,0.5847,0.6749,0.28,0.0,0.221,4.35
WRK-02334,0.4445,44.66,0,0.7957,1,0.9681,0.8713,0.7855,0.5,2.0,0.2288,4.3
WRK-02335,0.6477,103.44,1,0.9586,0,0.4361,0.5366,0.5904,0.11,4.0,0.2633,17.75
WRK-02336,0.5886,91.67,1,1.0,0,0.0739,1.0,0.6618,3.02,1.0,0.2776,24.09
WRK-02337,0.6185,89.96,0,0.9041,1,0.1942,1.0,0.29,73.61,6.8,0.7887,28.25
WRK-02338,0.5308,74.19,0,0.8593,0,0.4687,0.5461,0.8166,1.17,0.0,0.1817,5.24
WRK-02339,0.6864,134.59,1,1.0,1,0.5045,0.4022,0.7341,1.88,5.0,0.2367,24.63
WRK-02340,0.6324,106.03,0,1.0,0,0.5492,0.2882,0.6361,0.46,2.0,0.2047,7.88
WRK-02341,0.6765,132.1,0,1.0,0,0.7181,0.2414,0.4618,1.66,4.0,0.1052,8.3
WRK-02342,0.6894,81.14,0,0.873,1,0.1128,1.0,0.9337,1.52,0.0,0.2469,7.48
WRK-02343,0.4922,90.8,0,0.8738,0,0.3831,1.0,0.8373,1.92,1.0,0.0815,7.04
WRK-02344,0.3967,63.81,0,0.7588,0,0.2836,0.9413,0.3164,48.22,6.1,0.7093,15.36
WRK-02345,0.7194,98.0,0,1.0,0,0.4004,1.0,0.7522,0.55,1.0,0.3328,9.53
WRK-02346,0.5161,62.94,1,0.9963,0,0.3964,1.0,0.8469,0.69,5.0,0.1857,14.12
WRK-02347,0.6584,66.65,0,1.0,0,0.6732,0.0842,0.8418,5.92,1.0,0.1004,5.91
WRK-02348,0.5501,84.5,0,0.917,0,0.5475,0.4,0.8599,1.16,0.0,0.3569,5.18
WRK-02349,0.6659,24.49,0,0.9603,1,0.3605,0.8984,0.5565,0.4,0.0,0.2732,7.21
WRK-02350,0.874,124.67,0,1.0,0,0.6755,0.151,0.6701,5.33,3.0,0.2298,10.64
WRK-02351,0.7107,82.1,0,0.9646,1,0.6948,0.2804,0.8863,3.29,1.0,0.1352,9.16
WRK-02352,0.463,50.02,0,0.7306,0,0.4047,0.8816,0.7546,2.57,0.0,0.2496,2.72
WRK-02353,0.4779,33.07,0,0.647,0,0.8131,0.5595,0.8226,0.01,0.0,0.0207,1.76
WRK-02354,0.6353,70.95,0,0.7568,0,0.6427,0.7482,0.6256,0.03,2.0,0.3702,2.71
WRK-02355,0.4886,89.53,1,1.0,0,0.2201,1.0,0.9124,0.18,0.0,0.212,17.05
WRK-02356,0.4282,57.97,1,1.0,0,0.6938,0.155,0.6301,0.73,2.0,0.2999,14.98
WRK-02357,0.7118,104.13,1,0.9655,0,0.4557,0.5773,0.7544,0.83,4.0,0.5319,18.89
WRK-02358,0.4978,53.52,0,0.8605,0,0.8104,0.5573,0.6756,0.72,0.0,0.0596,6.39
WRK-02359,0.345,48.42,0,0.6378,0,0.9191,0.7378,0.8916,0.59,1.0,0.0989,4.05
WRK-02360,0.5831,9.28,1,0.7753,0,0.5111,0.8658,0.8034,0.62,1.0,0.0825,12.02
WRK-02361,0.389,41.78,0,0.5766,0,0.3474,0.8258,0.7994,2.75,1.0,0.0108,3.05
WRK-02362,0.2958,44.79,0,0.6617,0,0.5843,0.2836,0.755,5.61,1.0,0.1259,1.18
WRK-02363,0.2636,11.25,0,0.6564,0,0.9229,0.8239,0.8669,0.32,1.0,0.2826,0.0
WRK-02364,0.6282,92.24,0,0.9938,0,0.2514,1.0,0.7089,0.01,6.0,0.1225,10.9
WRK-02365,0.3794,43.9,0,0.6676,0,0.9586,0.7948,0.6681,0.92,2.0,0.331,2.0
WRK-02366,0.7532,141.59,1,1.0,1,0.05,1.0,0.6306,3.86,2.0,0.4787,21.37
WRK-02367,0.4975,49.99,0,0.9646,0,0.5418,0.2824,0.3354,121.15,5.4,0.8491,17.53
WRK-02368,0.6352,42.69,0,0.8851,0,0.1396,1.0,0.5442,0.98,3.0,0.0304,5.02
WRK-02369,0.6102,37.08,0,0.9303,0,0.733,0.2971,0.8265,6.08,0.0,0.1468,5.79
WRK-02370,0.6358,29.53,0,0.7148,1,0.8117,0.5035,0.8067,0.63,0.0,0.1719,2.07
WRK-02371,0.7687,101.18,0,1.0,0,0.4411,0.5422,0.8215,0.09,1.0,0.2659,10.61
WRK-02372,0.4668,36.07,0,0.6616,1,0.3073,1.0,0.6677,0.3,1.0,0.3587,1.71
WRK-02373,0.8079,134.25,1,1.0,0,0.2606,0.98,0.1293,51.18,11.4,0.8889,44.58
WRK-02374,0.7536,104.57,0,1.0,0,0.3493,0.8566,0.9021,0.02,4.0,0.2286,7.93
WRK-02375,0.4301,59.97,0,0.6177,1,0.4186,1.0,0.4333,2.39,1.0,0.1579,1.33
WRK-02376,0.4817,34.11,0,0.6496,0,0.4379,0.5821,0.7128,0.54,0.0,0.0644,1.03
WRK-02377,0.2623,53.57,0,0.851,0,0.776,0.3956,0.8977,0.44,0.0,0.3688,2.66
WRK-02378,0.5268,31.14,0,0.7887,0,0.6004,0.1804,0.7188,0.26,1.0,0.3532,2.78
WRK-02379,0.3555,30.84,0,0.5391,0,0.4009,0.6398,0.5869,0.55,1.0,0.1949,2.7
WRK-02380,0.4922,76.82,0,0.751,0,0.3578,0.8058,0.84,0.7,1.0,0.1368,2.12
WRK-02381,0.6757,42.98,0,0.8238,0,0.7968,0.4857,0.8286,4.88,1.0,0.0388,5.3
WRK-02382,0.564,93.2,1,0.9349,0,0.1945,1.0,0.6803,1.41,1.0,0.1888,22.61
WRK-02383,0.4929,17.62,0,0.6243,0,0.3308,0.8596,0.9057,0.59,1.0,0.1447,1.76
WRK-02384,0.5863,63.08,1,0.8102,0,0.1377,1.0,0.6449,2.94,4.0,0.2963,14.92
WRK-02385,0.4587,28.14,0,0.9087,0,0.1984,1.0,0.7699,3.42,0.0,0.2143,8.43
WRK-02386,0.3613,11.39,0,0.6462,0,0.8667,0.6844,0.8536,1.0,1.0,0.1473,4.91
WRK-02387,0.3545,0.0,0,0.5345,0,0.9198,1.0,0.8899,0.35,1.0,0.1458,1.91
WRK-02388,0.2553,9.61,0,0.5709,1,0.8324,0.7525,0.6122,4.47,1.0,0.3751,2.2
WRK-02389,0.432,21.6,0,0.5173,0,0.6068,0.4322,0.7571,1.86,1.0,0.2285,0.26
WRK-02390,0.5044,51.12,0,0.5435,0,0.6071,0.409,0.6474,2.1,1.0,0.1633,0.9
WRK-02391,0.7643,63.56,0,0.8875,0,0.399,0.8164,0.7186,3.22,0.0,0.3493,6.37
WRK-02392,0.5153,41.47,0,0.9381,0,0.7348,0.2448,0.648,1.21,0.0,0.3938,3.94
WRK-02393,0.6468,117.29,1,1.0,0,0.5106,0.4798,0.1307,33.98,7.1,1.0,43.13
WRK-02394,0.5476,48.83,0,0.9693,0,0.8212,0.5798,0.7313,1.57,0.0,0.2856,5.46
WRK-02395,0.815,74.01,0,0.8282,1,1.0,1.0,0.7125,0.05,0.0,0.3719,7.92
WRK-02396,0.1733,66.99,0,0.7925,0,0.7158,0.2236,0.6429,5.9,1.0,0.0886,0.0
WRK-02397,0.3034,4.83,0,0.6323,0,0.354,0.9017,0.7873,5.05,1.0,0.2965,4.0
WRK-02398,0.4804,70.46,0,1.0,0,0.8603,0.5565,0.8772,3.01,2.0,0.3344,10.51
WRK-02399,0.3932,75.96,0,1.0,1,0.2543,1.0,0.7709,4.32,1.0,0.1729,3.92
WRK-02400,0.3793,50.7,0,0.81,0,0.5628,0.2322,0.7745,5.75,1.0,0.2876,3.3
WRK-02401,0.7099,135.35,1,1.0,0,0.6248,0.2744,0.4258,2.26,3.0,0.257,17.61
WRK-02402,0.5974,67.19,0,0.9591,0,0.4956,0.5247,0.7946,0.04,1.0,0.2608,6.5
WRK-02403,0.4052,43.29,0,0.6293,0,0.4534,0.5159,0.8219,0.63,2.0,0.249,0.84
WRK-02404,0.7003,102.2,0,0.918,0,0.4489,0.5619,0.7282,0.93,1.0,0.0194,11.42
WRK-02405,0.6611,83.38,0,0.8773,0,0.7152,0.178,0.7265,0.6,5.0,0.2659,6.83
WRK-02406,0.4137,53.96,0,0.9022,0,0.2387,1.0,0.7637,0.21,0.0,0.1583,5.82
WRK-02407,0.4667,87.84,0,1.0,0,0.4522,0.5767,0.6826,1.03,4.0,0.074,11.28
WRK-02408,0.3994,41.7,0,0.5344,0,0.5165,0.3655,0.906,1.92,2.0,0.2006,2.81
WRK-02409,0.5408,78.12,1,0.7688,1,0.3456,0.8528,0.8621,6.73,4.0,0.132,8.12
WRK-02410,0.7569,98.8,0,1.0,0,0.296,0.8996,0.5555,4.14,1.0,0.2478,9.4
WRK-02411,0.6139,154.95,1,1.0,0,0.4349,1.0,0.842,0.33,2.0,0.3102,20.88
WRK-02412,0.8209,94.78,1,0.9209,0,0.1143,1.0,0.2799,60.11,10.3,0.7933,41.56
WRK-02413,0.4273,15.38,0,0.4337,0,0.5514,0.3574,0.7076,1.64,0.0,0.0351,0.0
WRK-02414,0.7436,120.67,1,1.0,0,0.5482,0.3303,0.5369,0.88,3.0,0.3438,21.4
WRK-02415,0.3991,82.72,0,1.0,0,0.2402,1.0,0.7614,0.22,3.0,0.0421,9.11
WRK-02416,0.6503,72.62,0,0.8322,0,0.7801,0.3555,0.7279,1.27,1.0,0.3619,6.57
WRK-02417,0.5506,91.4,0,1.0,0,0.3785,0.8091,0.9235,0.96,5.0,0.2462,8.33
WRK-02418,0.4236,70.31,1,1.0,0,0.2878,1.0,0.9139,1.9,2.0,0.2794,13.26
WRK-02419,0.5802,63.28,0,0.9772,0,0.6594,0.0353,0.6628,7.06,2.0,0.0853,4.04
WRK-02420,0.799,94.6,0,0.9241,0,0.7869,0.5015,0.7134,0.11,1.0,0.183,9.48
WRK-02421,0.3881,99.7,0,1.0,0,0.7355,0.3987,0.647,0.8,1.0,0.1288,10.39
WRK-02422,0.4133,37.29,0,0.755,0,0.8798,0.8854,0.2366,88.55,7.6,0.6946,19.14
WRK-02423,0.7139,112.45,1,1.0,1,0.1089,1.0,0.7403,1.8,5.0,0.1187,19.86
WRK-02424,0.4968,54.08,0,0.6652,1,0.645,0.0356,0.7466,1.1,1.0,0.0157,0.0
WRK-02425,0.3392,97.47,0,1.0,1,0.7855,0.3512,0.8081,0.31,0.0,0.1287,8.98
WRK-02426,0.5218,75.01,0,1.0,1,0.7815,0.3538,0.7511,4.47,0.0,0.0751,4.42
WRK-02427,0.5892,42.71,0,0.919,0,0.4298,0.5947,0.6161,4.09,0.0,0.2402,5.98
WRK-02428,0.5241,78.4,1,0.9657,0,0.1407,1.0,0.9333,6.94,2.0,0.0838,17.28
WRK-02429,0.4143,78.49,0,0.909,0,0.5343,0.3542,0.8299,1.83,0.0,0.3918,2.25
WRK-02430,0.493,48.76,0,0.9996,0,0.6544,0.2244,0.8047,2.07,3.0,0.3928,5.33
WRK-02431,0.5833,5.87,0,0.7198,1,0.828,0.5308,0.6724,1.58,2.0,0.3211,4.08
WRK-02432,0.6387,66.44,1,0.8298,1,0.2348,1.0,0.11,54.66,6.6,0.872,31.96
WRK-02433,0.5207,31.56,0,0.7178,1,0.2469,1.0,0.1413,36.44,4.5,0.8701,12.31
WRK-02434,0.5476,81.9,0,1.0,0,0.7055,0.809,0.8004,0.67,1.0,0.3222,6.8
WRK-02435,0.7028,78.97,0,0.8604,0,0.4456,0.9519,0.2472,40.26,8.2,0.843,29.53
WRK-02436,0.5982,98.52,0,0.8592,0,0.7091,0.3226,0.8047,1.3,2.0,0.3312,7.01
WRK-02437,0.403,40.99,0,0.7717,1,0.879,0.6026,0.495,0.36,0.0,0.1934,1.2
WRK-02438,0.4307,64.38,1,0.7507,0,0.7613,0.2887,0.8672,1.48,2.0,0.2711,13.97
WRK-02439,0.5875,69.42,1,0.8857,0,0.1387,1.0,0.4837,0.62,4.0,0.3068,10.09
WRK-02440,0.7829,114.0,1,1.0,0,0.4489,0.5928,0.6855,0.72,3.0,0.5078,17.38
WRK-02441,0.5772,67.17,0,0.988,0,0.5126,0.6102,0.5809,1.46,0.0,0.1938,4.64
WRK-02442,0.6712,115.41,0,1.0,1,0.2063,1.0,0.6485,0.66,1.0,0.0287,11.67
WRK-02443,0.6781,160.18,0,1.0,0,0.4237,0.8228,0.7639,1.1,2.0,0.2581,13.8
WRK-02444,0.5312,33.44,0,0.8279,0,0.5945,0.2711,0.4768,7.99,2.0,0.0054,5.79
WRK-02445,0.6385,65.33,0,1.0,0,0.3266,0.8233,0.6815,0.5,3.0,0.0381,7.31
WRK-02446,0.2994,24.05,0,0.6478,0,0.5587,0.5179,0.5356,5.53,0.0,0.1778,4.46
WRK-02447,0.5513,61.1,0,0.8285,0,0.5252,0.3126,0.5433,1.28,0.0,0.2474,3.36
WRK-02448,0.4707,47.58,0,0.604,0,0.8842,0.6479,0.8193,0.68,0.0,0.3091,1.81
WRK-02449,0.4255,64.96,0,0.6948,0,0.9242,0.7357,0.8456,1.46,0.0,0.0465,4.13
WRK-02450,0.6013,60.09,0,1.0,0,0.623,0.1133,0.7202,10.91,0.0,0.1291,7.92
WRK-02451,0.4678,52.12,0,0.5813,0,0.8721,0.651,0.8392,0.02,1.0,0.1383,2.45
WRK-02452,0.4376,0.0,0,0.4927,0,0.4407,0.6179,0.6213,0.37,0.0,0.2876,0.58
WRK-02453,0.6125,136.8,1,1.0,0,0.2967,1.0,0.2353,50.17,12.9,0.9871,35.2
WRK-02454,0.6683,107.41,0,0.933,0,0.3792,0.8565,0.8429,3.48,1.0,0.25,7.63
WRK-02455,0.4454,55.88,1,0.7648,0,0.4563,0.7109,0.5545,1.32,1.0,0.2988,8.1
WRK-02456,0.7299,114.49,0,1.0,0,0.6509,0.4209,0.7865,2.13,2.0,0.0966,11.59
WRK-02457,0.3997,69.05,1,0.7602,0,0.7014,0.2146,0.7841,2.35,3.0,0.3549,12.52
WRK-02458,0.18,26.63,0,0.6504,1,0.6151,0.0997,0.9025,0.1,1.0,0.2172,0.0
WRK-02459,0.5935,73.26,0,0.9164,0,0.6,0.2128,0.6483,0.4,1.0,0.2455,3.91
WRK-02460,0.7151,108.48,1,1.0,0,0.0524,1.0,0.5516,0.2,6.0,0.4218,22.64
WRK-02461,0.4851,83.1,0,1.0,0,0.6252,0.1871,0.8325,2.2,1.0,0.2686,9.26
WRK-02462,0.6847,63.71,0,0.9339,0,0.3745,0.8282,0.5459,6.43,2.0,0.1696,7.44
WRK-02463,0.7266,79.47,0,1.0,0,0.4358,0.5992,0.8728,1.97,0.0,0.1713,7.77
WRK-02464,0.6565,81.06,1,0.8826,0,0.2209,1.0,0.6372,0.1,6.0,0.3329,15.75
WRK-02465,0.6774,110.57,1,1.0,0,0.05,1.0,0.2995,67.04,11.6,1.0,36.83
WRK-02466,0.6383,62.81,0,0.798,0,0.7347,0.2339,0.17,55.28,4.5,0.7104,24.37
WRK-02467,0.4328,66.65,0,0.9811,1,0.5333,0.3571,0.2404,67.28,3.4,0.7874,31.51
WRK-02468,0.3888,46.06,0,0.6448,0,0.8925,0.7264,0.3099,33.27,6.4,0.6985,21.18
WRK-02469,0.6329,117.39,1,1.0,0,0.6235,0.2262,0.6471,7.63,6.0,0.4731,17.62
WRK-02470,0.6635,24.96,0,0.8293,1,0.6098,0.2045,0.8138,2.29,0.0,0.0116,4.95
WRK-02471,0.4114,30.28,0,0.6957,0,0.811,0.43,0.7364,1.95,0.0,0.3254,3.62
WRK-02472,0.6634,98.78,0,1.0,0,0.3774,0.8597,0.8942,1.21,1.0,0.0286,7.17
WRK-02473,0.6708,73.84,1,0.8672,0,0.2843,1.0,0.8977,6.43,4.0,0.3434,14.26
WRK-02474,0.5908,48.36,0,0.8688,1,0.8531,0.8511,0.893,1.16,1.0,0.0181,7.53
WRK-02475,0.6999,149.67,1,1.0,0,0.5593,0.3662,0.8053,8.8,2.0,0.3134,16.75
WRK-02476,0.6372,98.46,0,0.8557,0,0.4644,0.6071,0.8783,0.54,2.0,0.0925,8.68
WRK-02477,0.5977,87.68,0,0.9224,0,0.7443,0.3373,0.7361,1.32,3.0,0.3711,7.05
WRK-02478,0.5771,19.18,0,0.7293,0,0.8423,0.5009,0.2702,78.62,4.2,0.7942,22.13
WRK-02479,0.6914,117.43,0,1.0,0,0.2155,1.0,0.3342,23.98,6.3,0.7258,23.37
WRK-02480,0.5137,20.21,0,0.7194,1,0.8074,0.4416,0.7483,3.76,1.0,0.1272,1.65
WRK-02481,0.2931,45.01,0,0.8308,0,0.6597,0.0604,0.8879,2.54,0.0,0.2012,3.79
WRK-02482,0.4562,49.12,0,0.7538,0,0.3144,0.9612,0.833,4.16,3.0,0.3226,3.8
WRK-02483,0.5355,28.91,0,0.8697,0,0.4888,0.7729,0.8775,2.23,1.0,0.1279,7.52
WRK-02484,0.4543,54.51,0,1.0,1,0.8487,0.5318,0.6749,9.55,0.0,0.282,5.48
WRK-02485,0.4959,102.18,0,1.0,0,0.649,0.0232,0.6668,1.63,1.0,0.1208,12.56
WRK-02486,0.5398,65.88,0,1.0,0,0.2622,1.0,0.709,0.6,0.0,0.2953,4.86
WRK-02487,0.6061,26.94,0,0.8376,1,0.4252,0.6944,0.7159,0.51,1.0,0.2178,9.21
WRK-02488,0.7642,121.42,0,1.0,0,0.3756,0.8493,0.6782,1.21,0.0,0.3343,13.55
WRK-02489,0.6307,101.7,0,0.9393,0,0.1926,1.0,0.8667,6.72,2.0,0.0058,9.48
WRK-02490,0.4346,50.8,0,0.923,0,0.1857,1.0,0.6182,1.88,1.0,0.2078,8.24
WRK-02491,0.3965,50.09,0,1.0,0,0.6428,0.0519,0.0577,32.27,5.6,0.8955,24.98
WRK-02492,0.4325,77.69,0,1.0,0,0.5381,0.2908,0.7418,1.97,2.0,0.3825,3.76
WRK-02493,0.3816,15.62,0,0.3863,1,0.7498,0.3314,0.6957,9.63,1.0,0.0992,4.06
WRK-02494,0.5871,83.8,1,0.9134,0,0.4214,0.6393,0.4593,1.29,3.0,0.0683,14.38
WRK-02495,0.6877,62.41,0,0.9596,0,0.1782,1.0,0.3057,33.45,8.2,0.9533,28.77
WRK-02496,0.4728,29.33,0,0.8252,0,0.9765,0.8794,0.8693,0.06,0.0,0.2086,8.59
WRK-02497,0.3171,60.41,0,0.7388,0,1.0,1.0,0.7882,2.07,0.0,0.3858,2.55
WRK-02498,0.4456,11.96,0,0.4163,0,0.2616,1.0,0.7681,1.42,2.0,0.2954,1.83
WRK-02499,0.682,100.09,0,1.0,0,0.2094,1.0,0.8496,0.22,1.0,0.3776,11.85
WRK-02500,0.313,37.88,0,0.5206,0,0.8623,0.6943,0.6238,2.2,3.0,0.0407,3.27
WRK-02501,0.3125,82.92,0,0.8331,0,0.7171,0.4897,0.8462,0.21,1.0,0.3871,6.86
WRK-02502,0.7538,122.76,1,1.0,0,0.6198,0.452,0.875,0.28,6.0,0.5806,19.27
WRK-02503,0.56,57.18,0,0.7425,0,0.5299,0.4035,0.7788,4.49,2.0,0.2499,3.46
WRK-02504,0.6878,145.19,0,1.0,0,0.5855,0.5959,0.7649,8.02,1.0,0.1657,10.28
WRK-02505,0.7028,105.69,0,1.0,0,0.4605,0.5681,0.8525,13.44,3.0,0.0581,8.37
WRK-02506,0.8057,110.1,0,1.0,0,0.5931,0.61,0.8218,5.11,2.0,0.0363,9.96
WRK-02507,0.5352,86.03,1,0.852,0,0.1545,1.0,0.8174,5.48,4.0,0.0127,18.08
WRK-02508,0.8073,100.06,1,0.9807,0,0.4627,0.4967,0.5648,0.81,3.0,0.6548,21.63
WRK-02509,0.8755,84.05,0,0.8939,0,0.4528,0.6208,0.5886,0.98,1.0,0.0733,13.18
WRK-02510,0.5035,116.74,1,1.0,0,0.1285,1.0,0.6858,1.18,2.0,0.2514,19.95
WRK-02511,0.5422,10.28,0,0.8553,1,0.6428,0.1659,0.4853,0.65,0.0,0.1771,6.26
WRK-02512,0.3925,81.83,0,0.9139,0,0.3001,0.971,0.8286,0.11,0.0,0.099,8.23
WRK-02513,0.3588,27.08,0,0.7756,1,0.5382,0.2956,0.2064,57.77,3.5,0.6681,15.21
WRK-02514,0.4165,78.5,0,0.7001,0,0.3364,0.9024,0.3409,53.08,6.1,0.8494,22.59
WRK-02515,0.7849,115.25,1,1.0,0,0.4187,0.6583,0.7903,2.31,5.0,0.1102,20.16
WRK-02516,0.441,37.87,0,0.672,0,0.5603,0.2748,0.7131,0.23,2.0,0.3535,0.3
WRK-02517,0.3271,64.75,0,0.905,0,0.8934,0.6301,0.6462,0.24,0.0,0.2458,0.87
WRK-02518,0.6362,75.78,0,0.9414,0,0.6816,0.1892,0.8672,1.73,2.0,0.2107,5.71
WRK-02519,0.5912,45.22,0,0.7233,0,0.9283,0.698,0.3044,103.47,6.6,0.6876,13.9
WRK-02520,0.2853,10.71,0,0.5669,0,0.4739,0.4638,0.842,0.54,3.0,0.1323,0.09
WRK-02521,0.5483,172.39,0,1.0,0,0.5794,0.4048,0.8736,0.82,3.0,0.0613,11.8
WRK-02522,0.8794,118.22,1,1.0,0,0.6181,0.0937,0.8104,1.75,5.0,0.4493,13.38
WRK-02523,0.4986,30.96,0,0.785,1,0.9468,0.8096,0.74,0.48,0.0,0.2289,3.93
WRK-02524,0.669,138.88,0,1.0,0,0.6427,0.0292,0.8815,2.73,1.0,0.3177,10.02
WRK-02525,0.6882,99.1,1,1.0,0,0.6123,0.2272,0.1271,36.24,6.8,0.7813,39.18
WRK-02526,0.5238,75.72,1,1.0,0,0.05,1.0,0.7995,0.92,2.0,0.0443,11.66
WRK-02527,0.8218,72.78,0,0.8958,0,0.1964,1.0,0.7004,0.08,3.0,0.3062,4.28
WRK-02528,0.4264,12.03,0,0.5483,1,0.6059,0.1136,0.801,3.03,1.0,0.2259,0.0
WRK-02529,0.5985,105.05,1,1.0,1,0.2218,1.0,0.7744,1.74,3.0,0.3892,15.2
WRK-02530,0.5393,78.99,1,0.9391,1,0.5485,0.4619,0.8567,2.11,4.0,0.2276,13.68
WRK-02531,0.3481,0.0,0,0.5483,0,0.3225,0.9475,0.2702,54.43,4.1,0.9044,12.13
WRK-02532,0.4285,59.8,0,0.6828,0,0.4853,0.9994,0.8737,1.55,1.0,0.3306,0.89
WRK-02533,0.2422,18.38,0,0.6667,0,0.6049,0.4854,0.551,2.6,0.0,0.1321,2.78
WRK-02534,0.6155,43.14,0,0.8172,0,0.8348,0.6332,0.7915,3.87,0.0,0.0659,5.36
WRK-02535,0.3631,44.61,0,0.8061,0,0.2991,0.9813,0.2578,43.88,7.0,0.7208,19.75
WRK-02536,0.4995,4.55,0,0.5347,0,0.8942,0.7323,0.892,0.03,0.0,0.397,4.87
WRK-02537,0.6257,93.88,1,1.0,1,0.6883,0.1008,0.8958,6.44,5.0,0.0701,17.56
WRK-02538,0.6601,69.25,0,0.9186,0,0.5268,0.5573,0.8978,1.71,1.0,0.0036,7.96
WRK-02539,0.6851,81.76,1,0.7741,1,0.1379,1.0,0.681,0.58,1.0,0.2508,17.96
WRK-02540,0.5814,99.62,0,0.903,0,0.2322,1.0,0.7191,6.7,0.0,0.2677,7.97
WRK-02541,0.5299,58.46,0,1.0,0,0.3028,0.9689,0.9262,2.5,3.0,0.3763,9.49
WRK-02542,0.3401,13.34,1,0.6938,1,0.2019,1.0,0.8037,0.67,3.0,0.1594,10.29
WRK-02543,0.293,10.65,1,0.53,1,0.3472,1.0,0.7687,3.1,2.0,0.1659,12.58
WRK-02544,0.6569,72.09,1,0.6713,1,0.4279,0.6898,0.7448,0.44,1.0,0.2873,14.57
WRK-02545,0.4127,58.65,1,0.7506,1,0.2007,1.0,0.5232,2.46,0.0,0.1659,8.42
WRK-02546,0.654,96.58,1,0.9349,0,0.5228,0.4977,0.8521,3.52,4.0,0.0042,18.43
WRK-02547,0.526,51.11,0,0.8421,0,0.6506,0.0459,0.589,0.44,1.0,0.3642,6.65
WRK-02548,0.5872,83.57,0,0.9546,0,0.5974,0.1837,0.3204,55.93,6.6,0.6141,24.06
WRK-02549,0.8188,97.78,1,0.8412,1,0.5819,0.279,0.8178,0.22,9.0,0.2244,12.15
WRK-02550,0.444,33.63,0,0.928,0,0.6916,0.3337,0.5608,2.19,0.0,0.2005,4.53
WRK-02551,0.5292,53.09,0,0.7547,0,0.7741,0.311,0.6897,0.36,2.0,0.303,1.11
WRK-02552,0.3987,63.31,0,0.984,0,0.2298,1.0,0.5838,1.26,0.0,0.3178,7.07
WRK-02553,0.5499,21.22,0,0.8712,0,0.4794,0.4451,0.7337,0.74,0.0,0.229,3.69
WRK-02554,0.5108,18.9,0,0.763,1,0.6297,0.1837,0.5932,3.18,1.0,0.1396,3.4
WRK-02555,0.3525,26.98,0,0.5571,0,0.4536,0.5531,0.443,4.07,2.0,0.0604,0.78
WRK-02556,0.7841,148.45,1,1.0,0,0.5346,0.4655,0.8347,2.05,7.0,0.56,21.54
WRK-02557,0.57,48.82,0,0.7217,0,0.4806,0.5557,0.7863,1.23,1.0,0.294,2.01
WRK-02558,0.5452,51.34,0,0.8266,1,0.8583,0.6015,0.828,0.26,2.0,0.0023,4.85
WRK-02559,0.6876,107.06,1,0.9783,0,0.6365,0.0886,0.7647,5.88,5.0,0.4393,22.48
WRK-02560,0.6647,84.96,0,1.0,0,0.3364,0.867,0.8822,4.28,2.0,0.0102,10.72
WRK-02561,0.5874,108.62,1,1.0,0,0.3555,0.7603,0.8717,0.34,5.0,0.2108,13.33
WRK-02562,0.4007,107.4,1,1.0,0,0.1061,1.0,0.5902,1.41,6.0,0.3549,14.8
WRK-02563,0.3083,40.39,1,0.6728,0,0.6998,0.1863,0.7526,0.24,3.0,0.3268,13.95
WRK-02564,0.645,96.57,0,0.867,0,0.6909,0.2864,0.9333,0.43,1.0,0.2559,10.41
WRK-02565,0.7,90.24,1,0.7902,0,0.6834,0.3297,0.872,0.56,1.0,0.2627,16.64
WRK-02566,0.5271,130.38,1,0.9707,0,0.05,1.0,0.5455,8.47,4.0,0.4016,16.27
WRK-02567,0.4463,48.32,0,0.5933,0,0.7723,0.4362,0.9034,0.78,1.0,0.2042,1.69
WRK-02568,0.5213,48.03,0,0.5859,0,0.736,0.3701,0.59,7.13,0.0,0.286,2.07
WRK-02569,0.7698,91.0,0,0.7932,0,0.6628,0.161,0.7444,7.02,3.0,0.366,4.9
WRK-02570,0.3332,26.37,1,0.677,0,0.7527,0.5117,0.7493,3.18,5.0,0.3415,12.91
WRK-02571,0.3383,46.14,0,0.6357,0,0.8904,0.6826,0.7652,2.03,2.0,0.2567,0.3
WRK-02572,0.4168,18.3,0,0.5516,0,0.7584,0.3448,0.7053,0.63,0.0,0.2913,4.23
WRK-02573,0.2146,92.63,0,0.9172,0,0.2787,0.9971,0.8347,1.38,3.0,0.3957,8.87
WRK-02574,0.7688,54.69,0,0.8821,0,0.2797,1.0,0.7731,2.5,0.0,0.2435,6.89
WRK-02575,0.4329,56.93,0,0.7472,1,0.4534,0.6663,0.7594,1.06,1.0,0.3345,3.45
WRK-02576,0.6265,70.46,0,1.0,0,0.3478,1.0,0.8374,3.66,3.0,0.1073,2.66
WRK-02577,0.3418,85.49,0,1.0,0,0.6428,0.0191,0.7333,0.71,0.0,0.1344,7.63
WRK-02578,0.7535,97.83,0,1.0,0,0.4581,0.7367,0.7595,0.54,6.0,0.2021,9.49
WRK-02579,0.372,0.0,0,0.533,0,0.4375,0.9063,0.7005,4.3,1.0,0.1798,4.41
WRK-02580,0.6235,101.86,0,1.0,0,0.3268,0.8641,0.8129,3.38,2.0,0.0517,11.42
WRK-02581,0.5704,69.67,0,1.0,0,0.227,1.0,0.6058,1.6,1.0,0.3843,4.89
WRK-02582,0.7277,77.04,0,0.9033,0,0.4249,0.6264,0.4673,1.59,1.0,0.1198,9.09
WRK-02583,0.5341,71.06,0,1.0,0,0.1849,1.0,0.6219,1.03,0.0,0.1878,6.31
WRK-02584,0.5428,57.73,0,0.7614,0,0.6727,0.1638,0.5821,0.8,0.0,0.2419,3.41
WRK-02585,0.5606,76.97,0,1.0,0,0.2317,1.0,0.6963,0.99,2.0,0.0856,4.95
WRK-02586,0.6025,103.78,1,0.9343,0,0.1511,1.0,0.5307,1.1,3.0,0.5649,24.27
WRK-02587,0.3997,90.17,0,1.0,0,0.5259,0.3527,0.7285,0.9,0.0,0.0737,8.52
WRK-02588,0.3705,74.7,0,1.0,1,0.3213,1.0,0.865,1.63,0.0,0.1841,5.58
WRK-02589,0.4979,38.18,0,0.6851,0,0.5528,0.2531,0.6951,0.38,2.0,0.2836,3.92
WRK-02590,0.4177,77.85,0,1.0,0,0.795,0.4845,0.6862,1.52,0.0,0.3283,6.04
WRK-02591,0.8384,106.91,0,1.0,0,0.1862,1.0,0.9168,2.81,4.0,0.0648,13.25
WRK-02592,0.722,94.3,0,0.932,0,0.713,0.166,0.675,3.17,4.0,0.2293,10.96
WRK-02593,0.6764,88.52,0,1.0,0,0.769,0.3391,0.3199,2.81,2.0,0.3767,10.31
WRK-02594,0.6955,105.49,0,1.0,0,0.9271,0.7227,0.1828,37.13,8.7,0.9543,33.91
WRK-02595,0.5329,71.2,1,1.0,0,0.5365,0.2971,0.6519,1.89,3.0,0.1112,9.59
WRK-02596,0.5488,25.33,0,0.8003,0,0.8663,0.7591,0.6112,3.69,2.0,0.2478,6.12
WRK-02597,0.6205,90.6,0,0.853,0,0.27,1.0,0.9152,5.14,2.0,0.2626,9.98
WRK-02598,0.4557,37.53,0,0.6504,0,0.5552,0.3249,0.7337,6.41,3.0,0.3697,3.29
WRK-02599,0.3685,13.3,0,0.5316,0,0.7452,0.3678,0.8417,0.68,1.0,0.0385,1.91
WRK-02600,0.6161,75.71,0,0.9679,0,0.5238,0.3607,0.8013,0.3,1.0,0.3186,8.95
WRK-02601,0.498,64.0,0,0.8906,0,0.7006,0.2393,0.6133,0.46,3.0,0.3495,6.0
WRK-02602,0.5449,29.7,0,0.8507,0,0.25,1.0,0.78,1.68,1.0,0.0211,3.57
WRK-02603,0.4891,48.46,0,0.9104,0,0.3417,1.0,0.567,0.12,1.0,0.0551,4.32
WRK-02604,0.6137,92.09,0,0.9915,0,0.6142,0.1594,0.8725,10.82,0.0,0.1788,9.62
WRK-02605,0.3533,65.64,0,0.8795,0,0.5014,0.4354,0.8123,5.01,1.0,0.2001,5.94
WRK-02606,0.5888,56.61,0,0.7618,0,0.5258,0.3379,0.6326,2.32,0.0,0.1106,4.89
WRK-02607,0.7737,123.09,1,0.978,0,0.05,1.0,0.8563,1.02,3.0,0.4891,21.51
WRK-02608,0.5507,75.18,0,1.0,0,0.7666,0.5814,0.7093,3.08,1.0,0.1838,2.28
WRK-02609,0.619,113.78,1,1.0,0,0.5212,0.4082,0.6403,0.5,11.0,0.5385,18.97
WRK-02610,0.426,61.4,0,0.7631,0,0.4366,0.6046,0.7334,5.17,2.0,0.3678,3.76
WRK-02611,0.4906,18.25,1,0.5174,0,0.6295,0.1445,0.7669,0.11,3.0,0.2548,8.02
WRK-02612,0.3517,36.64,0,0.6096,0,0.3573,0.8778,0.8335,1.42,1.0,0.3572,1.69
WRK-02613,0.4994,34.9,0,0.8235,0,0.6904,0.1427,0.7713,0.17,1.0,0.1815,2.54
WRK-02614,0.7998,87.5,0,1.0,0,0.457,0.5754,0.2714,90.08,8.2,0.7801,23.27
WRK-02615,0.7162,93.72,1,1.0,0,0.259,1.0,0.739,0.97,4.0,0.2388,17.24
WRK-02616,0.5415,72.19,0,0.767,0,0.474,0.4508,0.8489,3.33,1.0,0.3628,8.09
WRK-02617,0.2681,7.38,0,0.5654,0,0.6658,0.0496,0.4707,0.11,0.0,0.1827,0.0
WRK-02618,0.7615,99.44,1,1.0,0,0.3664,0.7293,0.7989,0.04,1.0,0.1363,20.08
WRK-02619,0.5657,51.8,0,0.7141,0,0.6286,0.055,0.7418,0.2,2.0,0.1473,1.32
WRK-02620,0.3824,29.18,0,0.5173,0,0.7403,0.4975,0.8403,2.09,0.0,0.2967,0.6
WRK-02621,0.4289,54.11,0,0.7296,0,0.5402,0.3338,0.6712,4.54,3.0,0.0373,2.47
WRK-02622,0.5866,66.1,0,0.8813,0,0.8583,0.5687,0.6147,0.45,1.0,0.3865,6.21
WRK-02623,0.8066,104.45,1,1.0,0,0.3652,0.9247,0.782,1.12,1.0,0.3334,16.79
WRK-02624,0.3184,25.1,0,0.4319,0,0.8865,0.7383,0.8463,0.85,1.0,0.1177,2.6
WRK-02625,0.3724,22.72,0,0.5332,1,0.6397,0.0772,0.8546,0.96,2.0,0.2334,0.32
WRK-02626,0.5512,93.21,0,0.9207,0,0.3581,1.0,0.8642,1.53,0.0,0.1701,8.61
WRK-02627,0.5046,6.98,0,0.5915,0,0.3549,0.8593,0.5631,4.53,1.0,0.1487,2.61
WRK-02628,0.8124,88.15,0,1.0,0,0.7377,0.6031,0.7833,5.38,1.0,0.0819,12.17
WRK-02629,0.6475,83.26,0,0.9129,0,0.6927,0.131,0.8042,4.05,5.0,0.0237,12.01
WRK-02630,0.6277,135.46,1,1.0,0,0.561,0.3033,0.791,1.72,4.0,0.3669,21.68
WRK-02631,0.5029,17.16,0,0.6148,0,0.6815,0.1929,0.5545,2.41,0.0,0.0053,0.14
WRK-02632,0.3707,33.8,0,0.7289,0,0.3261,0.8553,0.6778,2.22,0.0,0.1442,0.0
WRK-02633,0.2916,7.57,0,0.5622,0,0.5983,0.2525,0.7895,10.66,2.0,0.0966,2.77
WRK-02634,0.509,69.23,1,0.9962,0,0.1195,1.0,0.8001,0.03,3.0,0.1494,11.65
WRK-02635,0.6683,99.78,1,1.0,0,0.2007,1.0,0.7264,1.33,2.0,0.1941,16.0
WRK-02636,0.6036,124.05,1,1.0,0,0.4925,0.5959,0.5156,5.22,6.0,0.5398,17.12
WRK-02637,0.4302,61.34,0,1.0,0,0.5101,0.4166,0.7465,2.74,0.0,0.3905,5.39
WRK-02638,0.4596,54.08,0,0.6826,1,0.7238,0.36,0.7349,2.26,1.0,0.3059,1.68
WRK-02639,0.52,30.48,0,0.7409,0,0.4074,0.7988,0.7364,1.92,0.0,0.0626,1.87
WRK-02640,0.4785,86.82,0,0.8349,1,0.668,0.0596,0.7687,0.85,1.0,0.3828,7.78
WRK-02641,0.4921,28.88,0,0.8951,1,0.3286,0.9202,0.8238,14.42,2.0,0.0688,8.72
WRK-02642,0.6852,99.4,0,1.0,0,0.6047,0.1711,0.4779,2.62,0.0,0.1497,9.65
WRK-02643,0.7037,71.84,0,0.8579,0,0.3297,0.9046,0.4998,3.09,0.0,0.0757,6.66
WRK-02644,0.6521,83.01,1,0.9485,1,0.1282,1.0,0.7624,2.21,3.0,0.1721,21.02
WRK-02645,0.7108,81.87,0,1.0,0,0.7139,0.4314,0.6684,6.81,2.0,0.2395,12.67
WRK-02646,0.5948,112.69,1,1.0,0,0.0667,1.0,0.9171,1.55,4.0,0.5336,19.67
WRK-02647,0.7716,71.54,0,0.6384,0,0.8047,0.5682,0.2041,86.53,7.5,0.906,22.23
WRK-02648,0.4118,64.21,0,0.9669,0,0.6437,0.1168,0.6796,1.64,0.0,0.011,7.63
WRK-02649,0.464,22.53,0,0.6445,0,0.7259,0.9348,0.836,5.9,0.0,0.3747,0.15
WRK-02650,0.4701,90.34,0,0.9364,0,0.7095,0.2166,0.6752,1.16,1.0,0.1904,6.18
WRK-02651,0.4289,13.73,0,0.4799,0,0.6721,0.1692,0.8167,0.49,0.0,0.004,1.8
WRK-02652,0.4337,33.84,0,0.7022,0,0.9774,1.0,0.7034,4.44,1.0,0.0368,3.07
WRK-02653,0.3438,47.43,0,0.6711,0,0.2661,0.998,0.7271,0.45,1.0,0.3213,2.34
WRK-02654,0.5674,61.84,0,0.9896,0,0.2178,1.0,0.8668,3.3,1.0,0.1739,6.47
WRK-02655,0.3893,41.79,0,0.7307,0,0.8265,0.4706,0.4714,0.59,0.0,0.2703,0.25
WRK-02656,0.7122,120.02,1,1.0,0,0.1857,1.0,0.8294,2.63,5.0,0.3176,21.26
WRK-02657,0.6888,142.95,1,1.0,0,0.1659,1.0,0.7134,8.25,3.0,0.3121,21.72
WRK-02658,0.508,66.38,0,1.0,0,0.4453,0.6694,0.8698,0.68,0.0,0.1986,9.81
WRK-02659,0.363,80.87,1,0.8644,0,0.3779,1.0,0.6906,0.2,2.0,0.1347,19.28
WRK-02660,0.554,37.66,0,0.8069,0,1.0,1.0,0.7212,3.47,0.0,0.148,4.11
WRK-02661,0.594,69.28,0,0.7493,1,0.3815,0.8274,0.1601,38.89,4.4,0.934,19.0
WRK-02662,0.4698,58.58,0,0.7247,0,0.5028,0.6451,0.5519,2.62,0.0,0.35,0.41
WRK-02663,0.5535,10.53,0,0.7105,1,0.4301,0.7129,0.81,0.61,1.0,0.0047,4.23
WRK-02664,0.6368,70.98,1,0.8146,0,0.7929,0.4023,0.7794,1.09,1.0,0.2259,17.64
WRK-02665,0.5456,35.0,0,0.7168,0,0.4694,1.0,0.2389,24.82,6.9,0.8302,12.6
WRK-02666,0.6607,93.0,0,0.9979,0,0.1975,1.0,0.753,2.06,3.0,0.2269,8.9
WRK-02667,0.5007,14.4,0,0.8626,1,0.5002,0.3893,0.8472,3.0,1.0,0.3252,5.66
WRK-02668,0.3697,3.2,0,0.4447,0,0.3261,1.0,0.6296,2.14,0.0,0.2424,4.34
WRK-02669,0.6396,102.95,1,1.0,0,0.2816,1.0,0.7003,0.22,3.0,0.2134,14.75
WRK-02670,0.5677,43.28,0,0.6149,0,0.3187,0.8842,0.6355,0.84,0.0,0.3586,3.62
WRK-02671,0.5347,94.62,1,0.811,0,0.4972,0.3961,0.6366,0.56,6.0,0.0423,16.11
WRK-02672,0.4718,66.0,0,0.8767,0,0.3622,0.7672,0.7615,0.08,2.0,0.3146,6.37
WRK-02673,0.5438,47.69,0,0.672,0,0.8228,0.4527,0.7138,0.12,0.0,0.2881,1.38
WRK-02674,0.3917,17.23,1,0.7596,1,0.1921,1.0,0.6592,0.44,2.0,0.3821,7.05
WRK-02675,0.1754,15.46,0,0.4853,0,0.4632,0.8452,0.577,3.31,1.0,0.2915,4.35
WRK-02676,0.6181,162.17,0,1.0,0,0.7432,0.3298,0.7482,0.58,3.0,0.3141,11.17
WRK-02677,0.2697,13.82,0,0.523,0,1.0,0.9914,0.8321,2.98,1.0,0.3578,2.82
WRK-02678,0.3611,21.32,0,0.7234,1,0.4912,0.4904,0.2608,35.34,3.5,0.8308,22.45
WRK-02679,0.6665,82.36,1,0.9754,0,0.3281,0.8051,0.7182,1.26,4.0,0.2888,19.54
WRK-02680,0.5536,53.08,0,1.0,0,0.6656,0.1727,0.7333,2.07,0.0,0.3257,6.71
WRK-02681,0.6289,128.14,1,1.0,0,0.5352,0.3842,0.7147,4.13,3.0,0.2144,21.96
WRK-02682,0.752,138.61,1,1.0,0,0.3923,0.704,0.7205,0.92,4.0,0.6472,18.15
WRK-02683,0.6812,93.78,1,0.9287,0,0.3515,0.7703,0.625,0.31,3.0,0.3434,23.05
WRK-02684,0.4778,48.94,0,0.6925,0,0.8236,0.6099,0.3138,54.86,3.8,0.758,17.48
WRK-02685,0.6084,87.16,0,0.8016,0,0.7177,0.3086,0.8783,0.24,5.0,0.0253,11.21
WRK-02686,0.7907,71.18,0,0.9446,1,0.4717,0.6191,0.6572,0.68,0.0,0.3318,7.17
WRK-02687,0.5417,43.41,0,0.8828,1,0.4314,0.6397,0.689,3.58,1.0,0.1568,8.92
WRK-02688,0.7919,84.73,1,0.8982,0,0.5116,0.3495,0.613,0.58,5.0,0.1102,17.38
WRK-02689,0.3368,52.43,0,0.7374,0,0.5954,0.3342,0.7124,4.37,1.0,0.3953,1.71
WRK-02690,0.4394,40.79,0,0.6261,0,0.7245,0.2023,0.1708,43.68,6.5,0.7892,15.76
WRK-02691,0.3952,31.59,0,0.7575,0,0.7064,0.1936,0.8547,0.89,3.0,0.0159,2.33
WRK-02692,0.6238,97.86,0,1.0,0,0.471,0.4666,0.7203,0.5,2.0,0.1836,8.06
WRK-02693,0.4306,30.05,0,0.5776,1,0.6673,0.4237,0.6781,0.42,0.0,0.0542,4.43
WRK-02694,0.6561,80.34,0,0.9465,0,0.4377,0.7301,0.7852,1.58,5.0,0.1057,11.12
WRK-02695,0.167,32.52,0,0.5947,0,0.383,0.7018,0.5831,0.19,0.0,0.2579,0.67
WRK-02696,0.235,94.62,0,1.0,1,0.7267,0.6412,0.8067,1.75,4.0,0.0659,7.14
WRK-02697,0.6518,27.22,0,0.9298,1,0.1116,1.0,0.7974,0.79,1.0,0.1116,4.33
WRK-02698,0.7784,76.19,0,0.7851,0,0.9386,0.7384,0.8593,0.62,0.0,0.184,4.24
WRK-02699,0.701,47.5,0,0.8234,0,0.9966,1.0,0.7586,4.34,0.0,0.2845,11.59
WRK-02700,0.7186,117.68,1,1.0,0,0.6293,0.1824,0.3929,8.51,2.0,0.3092,18.73
WRK-02701,0.2766,26.81,0,0.5586,0,0.3155,0.8524,0.8709,0.18,2.0,0.1161,4.48
WRK-02702,0.4164,48.46,0,0.8379,1,0.2738,1.0,0.4387,0.29,0.0,0.1256,1.94
WRK-02703,0.5509,4.25,0,0.6496,0,0.7637,0.5672,0.9063,0.59,1.0,0.2465,1.33
WRK-02704,0.3694,72.22,0,0.8143,0,0.4559,0.6183,0.6747,0.94,0.0,0.1183,5.03
WRK-02705,0.8519,90.64,0,1.0,0,0.8551,0.562,0.867,8.28,2.0,0.1622,12.35
WRK-02706,0.6592,86.52,0,1.0,0,0.6211,0.1446,0.1425,69.52,10.4,0.9777,28.45
WRK-02707,0.4383,45.69,0,0.7578,0,0.8748,0.5724,0.8655,1.75,1.0,0.0111,3.31
WRK-02708,0.4791,74.53,0,1.0,0,0.8851,0.6492,0.1915,47.96,5.4,0.9028,24.62
WRK-02709,0.2964,35.81,0,0.7349,1,0.9526,0.798,0.8536,3.45,3.0,0.1264,3.19
WRK-02710,0.5737,40.15,0,0.6149,0,0.4072,0.7176,0.7423,1.37,1.0,0.2885,4.18
WRK-02711,0.7261,84.58,0,1.0,0,0.8118,0.4447,0.6243,0.31,1.0,0.3454,6.83
WRK-02712,0.6969,76.32,1,0.9616,1,0.05,1.0,0.397,0.33,4.0,0.0833,14.92
WRK-02713,0.4185,29.36,0,0.6886,0,0.8717,0.5597,0.7202,0.18,0.0,0.3314,3.42
WRK-02714,0.6031,98.08,1,1.0,0,0.3717,0.7969,0.8865,0.51,2.0,0.3159,18.01
WRK-02715,0.6618,95.65,0,1.0,0,0.366,0.7512,0.6845,2.56,0.0,0.351,8.69
WRK-02716,0.5646,76.6,0,0.977,1,0.4151,0.7657,0.8154,0.2,0.0,0.0237,5.23
WRK-02717,0.767,78.73,1,0.9659,0,0.2505,1.0,0.705,2.17,1.0,0.3869,14.86
WRK-02718,0.3916,43.5,0,0.6891,0,0.6568,0.2333,0.248,71.91,7.1,0.8744,10.85
WRK-02719,0.7427,85.03,1,0.9214,0,0.421,0.8439,0.7868,1.52,5.0,0.2209,22.29
WRK-02720,0.5339,22.42,0,0.8271,1,0.3396,0.7951,0.6646,1.4,0.0,0.2015,4.51
WRK-02721,0.3891,66.59,0,0.7415,0,0.6829,0.0919,0.6317,1.27,0.0,0.1623,0.22
WRK-02722,0.303,61.2,0,0.7619,0,0.844,0.4875,0.4485,3.21,2.0,0.3637,3.22
WRK-02723,0.7808,75.62,1,1.0,1,0.05,1.0,0.7487,3.81,2.0,0.0245,14.05
WRK-02724,0.6099,79.55,1,0.9261,0,0.4079,0.6261,0.2469,72.38,11.4,0.7496,27.98
WRK-02725,0.4111,21.56,0,0.6795,1,0.692,0.1895,0.431,3.19,1.0,0.2638,0.0
WRK-02726,0.6501,59.69,0,0.8267,1,0.866,0.5408,0.8335,0.99,0.0,0.1567,5.16
WRK-02727,0.5597,32.38,0,0.8731,0,0.9549,1.0,0.7598,9.67,0.0,0.2161,9.59
WRK-02728,0.5835,86.06,1,0.9225,0,0.4346,0.8858,0.7051,1.96,5.0,0.3858,18.17
WRK-02729,0.6315,111.15,1,0.9697,0,0.4176,1.0,0.763,0.56,7.0,0.4873,14.41
WRK-02730,0.7436,77.3,1,0.9304,0,0.279,1.0,0.7492,2.62,5.0,0.0238,19.55
WRK-02731,0.3497,13.46,0,0.6112,0,0.6406,0.3703,0.8704,0.42,1.0,0.3624,0.66
WRK-02732,0.632,65.75,0,0.8956,0,0.6357,0.1064,0.8679,7.11,1.0,0.373,3.81
WRK-02733,0.393,4.23,0,0.5288,0,0.3899,0.6647,0.6164,2.84,1.0,0.282,0.0
WRK-02734,0.5399,14.69,0,0.8237,1,0.5147,0.6023,0.8224,0.15,0.0,0.2622,4.56
WRK-02735,0.5976,82.75,0,0.9528,0,0.4688,0.4561,0.5109,5.3,4.0,0.3512,9.65
WRK-02736,0.5471,35.4,1,0.8401,0,0.3063,0.9006,0.892,0.76,3.0,0.053,9.93
WRK-02737,0.7295,85.6,1,0.8782,0,0.3512,1.0,0.4968,3.43,2.0,0.0763,21.14
WRK-02738,0.4659,30.6,0,0.8728,0,0.3191,0.9248,0.8109,0.53,1.0,0.1342,1.69
WRK-02739,0.65,117.16,1,1.0,0,0.2451,1.0,0.7888,0.76,1.0,0.4316,21.27
WRK-02740,0.3695,81.9,0,1.0,0,0.2852,1.0,0.7836,0.13,1.0,0.3709,8.21
WRK-02741,0.6253,38.34,0,0.8549,0,0.5334,0.3136,0.6282,0.34,0.0,0.2216,3.31
WRK-02742,0.7126,186.83,1,1.0,0,0.1325,1.0,0.5701,1.6,2.0,0.358,26.29
WRK-02743,0.582,87.46,1,1.0,0,0.3286,0.8907,0.5009,0.65,3.0,0.302,20.34
WRK-02744,0.3874,4.62,0,0.437,0,0.8573,1.0,0.5014,1.02,1.0,0.0659,2.54
WRK-02745,0.4537,34.73,0,0.8413,0,0.7163,0.1899,0.6866,5.92,0.0,0.3737,3.08
WRK-02746,0.5973,86.77,1,0.8811,0,0.1862,1.0,0.5775,1.5,5.0,0.3799,20.17
WRK-02747,0.4332,45.53,0,0.7863,0,0.7008,0.2812,0.8675,1.79,0.0,0.3525,0.43
WRK-02748,0.3647,39.53,0,0.6139,0,0.5981,0.2298,0.6971,3.87,0.0,0.0521,3.43
WRK-02749,0.7886,84.81,0,0.9499,0,0.6616,0.1897,0.6136,0.95,3.0,0.004,10.31
WRK-02750,0.3214,13.32,1,0.5967,0,0.6974,0.2063,0.5839,1.22,2.0,0.044,10.62
WRK-02751,0.5873,33.95,1,0.8071,0,0.5538,0.2773,0.347,52.08,4.2,0.8349,22.69
WRK-02752,0.6531,91.37,0,1.0,0,0.7582,0.8675,0.7036,7.61,2.0,0.1167,14.23
WRK-02753,0.7108,105.31,1,0.8359,0,0.3246,0.9181,0.6789,1.04,3.0,0.6099,17.71
WRK-02754,0.3179,29.82,0,0.5388,0,0.9396,0.7927,0.7637,1.39,0.0,0.3678,1.92
WRK-02755,0.3831,35.42,0,0.5403,0,0.5451,0.3235,0.8083,3.27,1.0,0.2232,2.05
WRK-02756,0.4542,25.39,0,0.6754,0,0.4132,0.6291,0.5966,3.75,0.0,0.165,2.78
WRK-02757,0.5662,14.11,0,0.5063,0,0.7852,0.3629,0.6966,0.86,0.0,0.3936,1.61
WRK-02758,0.4504,31.03,1,0.627,0,0.4801,0.5895,0.5,4.6,2.0,0.2927,13.61
WRK-02759,0.4326,67.45,0,1.0,0,0.6864,0.1431,0.7071,3.54,1.0,0.1807,5.81
WRK-02760,0.7348,83.4,0,1.0,0,0.7403,0.232,0.6402,1.35,1.0,0.0279,11.64
WRK-02761,0.7211,37.52,0,0.9268,0,0.887,0.7765,0.0646,23.31,6.9,0.6495,15.08
WRK-02762,0.5496,72.51,0,0.872,0,0.7048,0.1446,0.8064,3.34,2.0,0.0754,5.66
WRK-02763,0.4126,75.17,0,1.0,0,0.5355,0.3116,0.7838,1.44,2.0,0.2301,7.78
WRK-02764,0.701,78.35,1,1.0,0,0.05,1.0,0.9261,1.17,3.0,0.0639,12.85
WRK-02765,0.5166,34.47,0,1.0,0,0.2063,1.0,0.7603,1.11,0.0,0.3069,4.35
WRK-02766,0.6234,93.43,0,1.0,0,0.2074,1.0,0.7849,1.05,1.0,0.3665,9.12
WRK-02767,0.3757,70.25,0,1.0,0,0.3156,0.8437,0.7933,0.19,1.0,0.0501,4.97
WRK-02768,0.4923,11.96,0,0.5566,0,0.8988,0.7296,0.6707,2.67,1.0,0.0016,3.21
WRK-02769,0.5662,101.3,1,1.0,0,0.4601,0.6734,0.8679,0.11,1.0,0.444,18.46
WRK-02770,0.364,0.0,0,0.4556,0,0.7375,0.5311,0.5044,7.11,0.0,0.0475,1.34
WRK-02771,0.4837,41.46,0,0.7436,0,0.4448,0.6642,0.7907,3.82,2.0,0.1235,1.11
WRK-02772,0.7176,97.04,1,1.0,0,0.3705,0.8375,0.6045,2.42,3.0,0.1599,16.05
WRK-02773,0.4716,36.18,0,0.9517,0,0.5776,0.2553,0.4451,5.19,1.0,0.1955,4.21
WRK-02774,0.2921,44.86,0,0.6065,1,0.4909,0.5418,0.5199,2.26,1.0,0.2703,0.79
WRK-02775,0.6316,135.76,1,0.968,0,0.0899,1.0,0.8574,1.86,5.0,0.2826,19.06
WRK-02776,0.4194,62.36,0,1.0,0,0.7042,0.2721,0.5166,1.74,0.0,0.3957,2.28
WRK-02777,0.6664,130.75,0,1.0,0,0.2765,1.0,0.6814,2.86,0.0,0.1507,11.98
WRK-02778,0.2679,14.42,0,0.3992,0,0.772,0.5933,0.6986,2.72,0.0,0.2123,1.38
WRK-02779,0.745,72.97,0,0.8202,0,1.0,1.0,0.5836,5.31,1.0,0.1521,7.74
WRK-02780,0.7292,225.61,0,1.0,1,0.0687,1.0,0.7405,3.12,0.0,0.3877,16.78
WRK-02781,0.4952,77.72,0,1.0,0,0.2351,1.0,0.8605,1.02,4.0,0.1396,7.93
WRK-02782,0.4953,41.73,0,0.6363,1,0.5962,0.1935,0.9003,1.02,0.0,0.3474,2.13
WRK-02783,0.415,92.47,0,0.793,1,0.428,0.5627,0.5811,0.84,1.0,0.2173,5.01
WRK-02784,0.3919,62.2,0,0.8866,0,0.6874,0.124,0.1689,150.0,7.9,0.7741,19.13
WRK-02785,0.3362,0.0,0,0.4666,0,0.3764,0.8206,0.7362,0.38,1.0,0.0112,3.8
WRK-02786,0.7046,92.32,0,1.0,0,0.2557,1.0,0.5959,2.96,3.0,0.2819,13.66
WRK-02787,0.4727,63.6,1,1.0,0,0.3106,0.8575,0.4349,0.52,1.0,0.1619,15.82
WRK-02788,0.6535,127.53,0,1.0,0,0.6778,0.3133,0.6232,2.37,0.0,0.3444,9.09
WRK-02789,0.5582,115.17,0,1.0,1,0.4394,0.6643,0.8184,4.7,2.0,0.0515,10.74
WRK-02790,0.4051,57.79,0,0.8194,0,0.3447,0.8502,0.4738,0.45,2.0,0.2786,9.31
WRK-02791,0.4088,1.63,0,0.532,1,0.5782,0.2247,0.8286,1.17,2.0,0.3736,0.0
WRK-02792,0.5609,13.16,0,0.7826,0,0.3725,0.7512,0.8137,0.21,2.0,0.3607,6.47
WRK-02793,0.496,63.46,0,0.7749,0,0.4731,0.4444,0.6896,0.11,1.0,0.1328,3.17
WRK-02794,0.8064,166.09,1,1.0,0,0.3035,0.8807,0.8041,0.3,4.0,0.2702,22.98
WRK-02795,0.7807,91.99,1,1.0,0,0.6217,0.0745,0.7674,0.93,6.0,0.3404,20.8
WRK-02796,0.4906,20.34,0,0.5337,0,0.9625,0.8547,0.5972,2.78,1.0,0.0881,1.77
WRK-02797,0.5113,34.9,0,0.6647,0,0.7672,0.4318,0.7437,0.89,0.0,0.2369,3.3
WRK-02798,0.7868,107.27,1,0.9485,0,0.5641,0.3165,0.6636,3.23,2.0,0.2556,18.76
WRK-02799,0.5481,34.59,0,0.6321,0,0.6899,0.1774,0.7916,4.37,0.0,0.3456,5.04
WRK-02800,0.7561,70.76,0,0.8353,0,0.9594,0.8086,0.566,1.46,0.0,0.2042,7.02
WRK-02801,0.5065,116.3,1,1.0,0,0.5334,0.3481,0.6301,2.69,9.0,0.4769,20.03
WRK-02802,0.6636,100.22,1,1.0,0,0.4603,0.4882,0.687,1.46,1.0,0.2575,22.45
WRK-02803,0.3767,21.97,0,0.5552,0,0.4908,0.6857,0.7143,7.62,2.0,0.3177,2.22
WRK-02804,0.693,136.51,1,1.0,0,0.5293,0.6199,0.6547,0.95,2.0,0.195,19.52
WRK-02805,0.5997,44.85,0,0.9338,0,0.7646,0.3834,0.4884,0.61,0.0,0.3917,5.4
WRK-02806,0.3224,23.81,0,0.7268,1,0.6925,0.2279,0.6379,1.01,3.0,0.3047,0.87
WRK-02807,0.4647,121.32,1,1.0,0,0.2431,1.0,0.6892,0.15,3.0,0.2615,21.98
WRK-02808,0.2916,116.14,0,1.0,0,0.365,0.8545,0.776,1.3,1.0,0.1946,12.56
WRK-02809,0.5878,85.06,0,0.9242,0,0.6586,0.2209,0.8895,4.65,1.0,0.1144,8.22
WRK-02810,0.5324,23.3,0,0.9031,1,0.7725,0.3935,0.8502,1.96,0.0,0.2127,6.41
WRK-02811,0.6864,90.39,0,1.0,1,0.3764,0.7624,0.8096,0.28,3.0,0.2322,8.81
WRK-02812,0.5966,63.83,0,1.0,0,0.3585,1.0,0.8906,0.5,1.0,0.1109,2.81
WRK-02813,0.574,39.89,0,0.8808,0,0.2629,0.982,0.5673,2.1,0.0,0.3231,5.8
WRK-02814,0.4955,29.21,0,0.6236,0,0.9399,0.8347,0.5469,4.44,0.0,0.1033,6.76
WRK-02815,0.4507,19.47,0,0.7473,0,0.54,0.417,0.825,4.59,1.0,0.3411,0.0
WRK-02816,0.9118,81.24,1,0.9754,0,0.499,0.4343,0.734,7.29,7.0,0.0734,21.27
WRK-02817,0.487,38.76,1,0.6982,0,0.1257,1.0,0.3965,0.47,4.0,0.044,11.42
WRK-02818,0.4667,41.92,0,0.6023,0,0.3171,0.8769,0.192,58.11,6.2,0.6151,19.51
WRK-02819,0.664,88.19,0,0.9092,0,0.3307,0.843,0.5138,2.0,1.0,0.2787,10.25
WRK-02820,0.3065,55.67,0,0.7823,0,0.5567,0.2629,0.6818,7.7,1.0,0.0403,1.77
WRK-02821,0.6269,93.56,0,1.0,0,0.8559,0.5702,0.7219,2.16,2.0,0.0521,10.18
WRK-02822,0.5655,50.4,1,0.8512,0,0.16,1.0,0.0728,59.21,3.3,0.8274,38.19
WRK-02823,0.4006,13.01,0,0.8261,1,0.8311,0.5809,0.5466,2.33,2.0,0.3819,0.69
WRK-02824,0.4248,28.03,0,0.5849,0,0.8601,0.5775,0.6733,1.68,0.0,0.1317,4.2
WRK-02825,0.6926,75.27,0,1.0,1,0.6892,0.1733,0.794,7.28,1.0,0.0831,6.31
WRK-02826,0.6075,62.89,0,0.7548,0,1.0,1.0,0.0893,58.32,7.8,0.9053,25.26
WRK-02827,0.3534,78.63,0,1.0,0,0.281,1.0,0.4264,4.22,0.0,0.1154,4.88
WRK-02828,0.5088,31.84,1,0.5904,0,0.5507,0.4598,0.6797,0.0,4.0,0.0559,6.3
WRK-02829,0.3552,29.03,0,0.6731,0,0.6409,0.1163,0.6112,1.12,0.0,0.1017,1.42
WRK-02830,0.5142,26.85,0,0.8252,1,0.8757,0.7653,0.867,7.73,0.0,0.164,5.7
WRK-02831,0.2822,36.23,0,0.4899,0,0.7366,0.2624,0.7092,2.8,0.0,0.3959,0.0
WRK-02832,0.363,40.0,0,0.6987,1,0.8438,0.7579,0.9235,0.19,1.0,0.0861,4.58
WRK-02833,0.5123,85.9,0,1.0,0,0.4594,0.6282,0.6469,0.86,2.0,0.1338,6.74
WRK-02834,0.561,84.4,0,0.9624,0,0.6,0.6707,0.7896,0.2,4.0,0.1731,10.58
WRK-02835,0.7392,67.04,0,0.8152,0,0.8548,0.6491,0.7846,1.19,0.0,0.2188,8.1
WRK-02836,0.597,163.38,0,1.0,0,0.3378,0.8367,0.7543,0.51,4.0,0.1433,15.87
WRK-02837,0.283,15.91,0,0.4189,1,0.3901,1.0,0.8574,0.58,2.0,0.3678,0.58
WRK-02838,0.3378,18.76,1,0.5895,0,0.296,1.0,0.7924,6.67,2.0,0.3186,12.24
WRK-02839,0.5769,65.15,0,1.0,0,0.7073,0.5421,0.7945,3.24,0.0,0.081,8.05
WRK-02840,0.3578,12.24,0,0.4882,0,0.6181,0.0929,0.7241,0.74,0.0,0.2964,0.0
WRK-02841,0.6827,87.31,0,0.9165,0,0.3439,1.0,0.654,1.71,2.0,0.1561,8.38
WRK-02842,0.4557,34.83,0,0.6347,0,0.9151,0.7343,0.7044,4.43,0.0,0.1899,3.44
WRK-02843,0.5366,52.06,0,0.7378,0,0.251,1.0,0.8312,3.94,1.0,0.0133,1.92
WRK-02844,0.6552,87.43,0,0.83,0,0.9126,0.7905,0.274,63.35,12.0,0.7673,18.88
WRK-02845,0.5965,77.87,1,1.0,0,0.5215,0.6996,0.6323,1.52,2.0,0.0127,14.26
WRK-02846,0.6861,92.35,1,0.9579,1,0.3908,0.8072,0.7841,1.29,2.0,0.2518,17.81
WRK-02847,0.4877,95.03,0,0.8314,0,0.4868,0.409,0.7638,2.69,2.0,0.3672,12.92
WRK-02848,0.5631,87.23,1,0.8489,1,0.4778,0.4492,0.6962,2.7,6.0,0.2824,19.11
WRK-02849,0.4088,105.91,0,1.0,0,0.3866,0.7184,0.7749,1.08,0.0,0.1406,10.26
WRK-02850,0.4225,50.21,0,0.8272,0,0.369,0.8611,0.0852,52.75,6.6,0.7604,23.21
WRK-02851,0.5334,53.52,0,0.9948,0,0.5415,0.3435,0.7829,0.01,0.0,0.2832,1.91
WRK-02852,0.6191,96.23,0,0.8976,0,0.3782,1.0,0.5453,1.49,2.0,0.0505,11.13
WRK-02853,0.7766,109.31,1,1.0,0,0.6379,0.1295,0.679,0.37,3.0,0.5636,17.54
WRK-02854,0.5916,89.61,1,1.0,0,0.4312,0.7201,0.791,4.08,4.0,0.1336,15.07
WRK-02855,0.2736,81.88,0,0.8729,0,0.2088,1.0,0.7037,0.61,1.0,0.0584,7.66
WRK-02856,0.6933,144.89,0,1.0,0,0.511,0.6785,0.76,4.68,2.0,0.1565,12.78
WRK-02857,0.6359,94.71,0,1.0,0,0.451,0.5817,0.4345,0.03,4.0,0.2561,8.22
WRK-02858,0.3336,49.2,0,0.8291,0,0.3979,0.6573,0.7799,0.19,0.0,0.3754,4.6
WRK-02859,0.3515,41.33,0,0.6476,0,0.5232,0.3247,0.8336,2.36,0.0,0.103,0.0
WRK-02860,0.6479,88.54,0,1.0,0,0.3392,0.819,0.7663,0.57,2.0,0.215,7.9
WRK-02861,0.5185,11.21,1,0.8118,0,0.5172,0.4589,0.864,2.28,3.0,0.1483,11.38
WRK-02862,0.3922,23.28,0,0.5676,0,0.5754,0.1912,0.629,0.27,3.0,0.3113,2.04
WRK-02863,0.3971,50.76,0,0.685,1,0.3462,1.0,0.5344,0.55,0.0,0.303,6.7
WRK-02864,0.7682,100.15,1,0.9839,0,0.5285,0.355,0.6118,2.08,4.0,0.2263,16.0
WRK-02865,0.7591,73.64,0,1.0,0,0.3321,0.8027,0.8862,0.16,1.0,0.0925,4.28
WRK-02866,0.6554,161.71,1,1.0,0,0.1902,1.0,0.856,2.24,6.0,0.3826,23.94
WRK-02867,0.4876,58.26,0,1.0,0,0.4756,0.4883,0.8988,0.03,0.0,0.2123,5.83
WRK-02868,0.5599,60.59,0,0.9006,1,0.6852,0.1466,0.654,1.3,0.0,0.1219,5.66
WRK-02869,0.5472,77.6,0,0.8872,0,0.6277,0.2665,0.649,0.24,1.0,0.0166,7.18
WRK-02870,0.502,48.5,0,0.8055,0,0.3511,0.8707,0.2071,46.99,3.3,0.8845,18.76
WRK-02871,0.5414,65.16,1,1.0,0,0.3008,0.9233,0.9025,1.23,0.0,0.0658,16.41
WRK-02872,0.3833,25.79,0,0.4819,0,0.7634,0.285,0.6959,1.58,1.0,0.3754,1.67
WRK-02873,0.5693,80.54,0,1.0,0,0.2242,1.0,0.887,5.28,0.0,0.3624,8.84
WRK-02874,0.6533,36.36,0,0.8482,0,0.2924,1.0,0.6675,0.93,0.0,0.3417,8.15
WRK-02875,0.6958,82.62,0,0.7191,0,0.8252,0.6067,0.7233,2.53,2.0,0.2344,4.13
WRK-02876,0.629,124.72,0,1.0,0,0.5651,0.5034,0.7963,1.48,5.0,0.3754,11.27
WRK-02877,0.4405,43.41,0,0.6868,0,0.4351,0.5616,0.6149,0.32,1.0,0.3317,5.42
WRK-02878,0.3656,14.13,0,0.5061,0,0.8268,0.4742,0.8162,1.61,0.0,0.0131,0.2
WRK-02879,0.5844,44.82,0,0.7858,0,0.3033,0.9764,0.8229,0.85,1.0,0.2173,4.66
WRK-02880,0.3863,23.21,0,0.6228,0,0.6071,0.1426,0.6755,0.11,3.0,0.168,5.86
WRK-02881,0.6875,110.08,0,1.0,0,0.6915,0.2612,0.8169,2.1,4.0,0.0924,7.61
WRK-02882,0.5132,17.31,0,0.8927,1,0.2409,1.0,0.7131,3.99,1.0,0.2842,4.15
WRK-02883,0.553,97.58,0,1.0,0,0.4838,0.4497,0.3215,34.49,6.9,0.8269,21.83
WRK-02884,0.7645,75.31,1,1.0,0,0.2136,1.0,0.7771,0.69,1.0,0.23,12.1
WRK-02885,0.4144,82.22,0,1.0,0,0.8224,0.4582,0.7552,4.04,8.0,0.2123,8.99
WRK-02886,0.6379,18.95,1,0.8681,1,0.4659,0.6775,0.5259,0.57,4.0,0.3711,10.19
WRK-02887,0.2766,15.48,0,0.5051,0,0.4986,0.7122,0.2995,21.71,7.3,0.6908,23.48
WRK-02888,0.7302,95.2,0,0.9956,1,0.4685,0.7931,0.7631,2.77,1.0,0.3213,11.03
WRK-02889,0.642,47.25,0,0.8752,0,0.4812,0.6082,0.784,5.27,1.0,0.1586,5.4
WRK-02890,0.3778,31.47,0,0.8223,0,0.9486,0.7486,0.1764,98.22,4.6,0.6418,25.29
WRK-02891,0.7115,37.82,0,0.9377,0,0.6569,0.1701,0.348,119.31,5.2,0.7254,25.62
WRK-02892,0.616,110.32,0,0.9147,1,0.6508,0.1663,0.8998,1.71,1.0,0.1537,12.5
WRK-02893,0.4913,58.59,0,1.0,0,0.8241,0.7865,0.7115,2.8,2.0,0.124,3.56
WRK-02894,0.4257,35.85,0,0.5577,0,0.3376,1.0,0.6622,0.36,0.0,0.02,3.52
WRK-02895,0.5381,70.34,0,0.8638,0,0.5255,0.4666,0.8924,0.97,2.0,0.2964,8.75
WRK-02896,0.6719,94.08,0,0.8857,1,0.8321,0.5452,0.6448,1.1,1.0,0.3002,7.88
WRK-02897,0.4798,41.37,0,0.6495,1,0.9163,0.6725,0.4722,1.88,1.0,0.0374,2.96
WRK-02898,0.4415,51.36,0,0.7396,0,0.466,0.5574,0.7896,0.96,1.0,0.3141,1.7
WRK-02899,0.5909,61.09,0,0.7726,0,0.6258,0.1946,0.8844,3.52,2.0,0.158,2.19
WRK-02900,0.5918,62.32,0,0.8402,0,0.4392,0.5693,0.798,0.06,0.0,0.1732,6.95
WRK-02901,0.8072,90.75,0,0.91,0,0.5988,0.1606,0.8197,1.59,0.0,0.3261,10.0
WRK-02902,0.5221,84.52,0,0.7581,0,0.8079,0.4425,0.906,3.66,1.0,0.3475,9.23
WRK-02903,0.3055,60.21,0,0.8013,0,0.7388,0.2404,0.8276,0.53,1.0,0.2841,4.53
WRK-02904,0.8589,72.36,0,0.9098,0,0.7373,0.5215,0.8478,1.43,1.0,0.3686,1.46
WRK-02905,0.3541,32.04,0,0.6952,0,0.3261,1.0,0.7591,1.72,1.0,0.0191,4.04
WRK-02906,0.5696,54.14,1,0.6208,0,0.8578,1.0,0.7788,1.23,3.0,0.0123,8.47
WRK-02907,0.6521,138.89,1,1.0,0,0.2811,0.9349,0.5122,1.41,4.0,0.466,26.54
WRK-02908,0.4649,21.74,0,0.7275,0,0.285,1.0,0.8187,0.39,1.0,0.217,5.59
WRK-02909,0.4949,35.54,0,0.9079,0,0.7638,0.3032,0.5675,0.54,3.0,0.2112,4.67
WRK-02910,0.5301,85.6,0,1.0,0,0.8244,0.5126,0.8083,7.04,2.0,0.0431,11.39
WRK-02911,0.6997,86.14,0,0.9794,0,0.7868,0.5085,0.5001,1.25,3.0,0.0195,8.3
WRK-02912,0.8463,92.25,0,1.0,0,0.741,0.4109,0.8972,3.88,2.0,0.2097,9.87
WRK-02913,0.7151,83.43,0,1.0,0,0.4604,0.4881,0.8906,0.78,1.0,0.1347,9.48
WRK-02914,0.6249,22.48,1,0.7256,0,0.222,1.0,0.8582,1.11,4.0,0.0322,9.73
WRK-02915,0.5069,70.21,1,0.7763,0,0.3093,1.0,0.8773,2.33,1.0,0.0529,13.78
WRK-02916,0.6732,64.67,0,0.8663,1,0.311,1.0,0.6754,2.35,0.0,0.1829,5.84
WRK-02917,0.6828,86.97,1,0.9907,0,0.4976,0.6014,0.7774,0.3,7.0,0.3494,11.37
WRK-02918,0.3979,24.94,0,0.6134,0,0.7002,0.1626,0.746,1.19,2.0,0.0741,0.0
WRK-02919,0.5269,72.16,0,0.9639,0,0.3811,0.8059,0.7688,3.37,2.0,0.0236,7.67
WRK-02920,0.6507,71.23,0,0.786,0,0.7712,0.4634,0.7653,2.25,1.0,0.3568,3.39
WRK-02921,0.4839,79.86,0,1.0,0,0.5853,0.3897,0.9009,1.16,0.0,0.1796,5.64
WRK-02922,0.5445,89.68,0,0.9267,0,0.4246,0.7364,0.7257,3.19,2.0,0.0616,10.93
WRK-02923,0.5377,68.87,0,1.0,0,0.8187,0.578,0.488,0.11,1.0,0.199,4.16
WRK-02924,0.6971,125.44,1,1.0,0,0.4723,0.7887,0.8876,0.18,4.0,0.3552,20.6
WRK-02925,0.6533,78.09,1,0.8356,0,0.5027,0.4018,0.8122,1.99,4.0,0.3666,18.44
WRK-02926,0.477,29.83,0,0.8028,0,0.3497,0.8396,0.6035,0.57,1.0,0.2664,6.8
WRK-02927,0.6769,86.08,1,1.0,0,0.3845,1.0,0.7432,4.2,2.0,0.2243,18.89
WRK-02928,0.5782,58.66,1,0.9477,0,0.2241,1.0,0.6925,0.98,5.0,0.2958,17.81
WRK-02929,0.6331,43.63,0,0.855,0,0.6744,0.2791,0.5898,2.12,0.0,0.1997,4.03
WRK-02930,0.3892,43.25,0,0.7418,1,0.3512,1.0,0.7936,2.64,1.0,0.0239,3.21
WRK-02931,0.6201,8.11,0,0.6872,0,0.5706,0.2635,0.3104,0.23,0.0,0.101,1.86
WRK-02932,0.4694,60.79,0,0.753,1,0.3597,0.8054,0.7556,6.58,1.0,0.1909,3.53
WRK-02933,0.543,30.5,0,0.6896,1,0.9479,1.0,0.9359,0.33,0.0,0.1796,3.38
WRK-02934,0.6246,80.92,1,0.9082,1,0.1971,1.0,0.7083,3.81,3.0,0.2094,20.29
WRK-02935,0.3992,29.16,0,0.6917,0,0.4387,0.6419,0.0872,42.81,8.2,0.9252,23.4
WRK-02936,0.617,49.78,0,0.9124,0,0.7216,0.3753,0.7505,1.15,0.0,0.0894,4.56
WRK-02937,0.4466,41.62,0,0.6554,0,0.9664,0.8469,0.5389,0.98,1.0,0.2901,1.71
WRK-02938,0.3163,33.81,0,0.6696,0,0.8765,0.6415,0.7397,0.71,1.0,0.1145,0.68
WRK-02939,0.2452,18.25,0,0.5516,0,0.8566,0.6583,0.608,3.09,1.0,0.1193,3.65
WRK-02940,0.6165,24.88,0,0.9286,1,0.6952,0.4739,0.8516,0.33,0.0,0.1839,5.38
WRK-02941,0.3563,52.39,0,0.7582,0,1.0,0.8942,0.8441,7.59,2.0,0.3858,1.83
WRK-02942,0.4064,24.18,0,0.4566,0,0.4941,0.4423,0.6467,1.92,1.0,0.3819,0.0
WRK-02943,0.5492,84.44,1,0.7867,0,0.3097,0.8514,0.215,33.27,5.2,0.8995,25.72
WRK-02944,0.4453,33.56,0,0.8014,0,0.4854,0.5145,0.7152,1.03,0.0,0.2568,6.86
WRK-02945,0.4464,59.82,1,0.7939,0,0.7257,0.2122,0.6221,1.41,3.0,0.2308,15.36
WRK-02946,0.7063,112.35,0,1.0,0,0.8093,0.4105,0.4246,0.58,5.0,0.0791,10.62
WRK-02947,0.6804,83.64,1,0.9371,0,0.055,1.0,0.5747,0.21,3.0,0.1908,20.23
WRK-02948,0.7791,78.12,1,1.0,0,0.347,0.8517,0.6321,2.78,5.0,0.184,17.94
WRK-02949,0.5436,65.85,0,0.8565,0,0.3633,1.0,0.6756,1.94,1.0,0.2406,4.55
WRK-02950,0.6956,105.41,0,1.0,1,0.6792,0.117,0.8661,1.85,3.0,0.2625,7.74
WRK-02951,0.8025,108.65,1,1.0,0,0.05,1.0,0.7545,0.04,4.0,0.4345,20.21
WRK-02952,0.6351,64.14,0,0.7181,0,0.7175,0.1816,0.7259,0.89,0.0,0.0662,4.67
WRK-02953,0.369,23.76,0,0.5866,0,0.6489,0.4951,0.9236,0.44,0.0,0.2683,3.22
WRK-02954,0.7135,108.19,0,1.0,1,0.2716,1.0,0.917,0.96,3.0,0.178,11.58
WRK-02955,0.5076,63.47,0,1.0,1,0.8009,0.4945,0.6944,8.89,0.0,0.346,5.05
WRK-02956,0.4266,16.66,0,0.5705,1,0.5507,0.4083,0.6651,0.06,1.0,0.1382,2.28
WRK-02957,0.7649,110.39,1,1.0,0,0.313,0.8879,0.4631,0.59,8.0,0.5301,19.47
WRK-02958,0.6014,83.22,0,0.8601,0,0.2402,1.0,0.6378,3.27,3.0,0.197,11.29
WRK-02959,0.7292,94.96,1,1.0,1,0.2483,1.0,0.7364,0.2,5.0,0.228,20.53
WRK-02960,0.7733,67.71,1,0.8184,0,0.2346,1.0,0.7485,0.25,4.0,0.185,13.67
WRK-02961,0.3949,8.97,0,0.4757,0,0.6993,0.2333,0.5956,2.22,1.0,0.1423,0.62
WRK-02962,0.5605,113.04,0,1.0,0,0.5503,0.4937,0.7759,1.97,3.0,0.0699,12.2
WRK-02963,0.3708,24.79,0,0.5504,0,0.4675,0.4594,0.7244,5.54,1.0,0.0974,3.01
WRK-02964,0.7356,107.85,1,1.0,1,0.6251,0.1087,0.9117,0.77,3.0,0.4588,20.78
WRK-02965,0.3084,93.7,1,0.8685,0,0.1074,1.0,0.6511,0.35,2.0,0.069,16.08
WRK-02966,0.6212,83.08,0,0.887,0,0.5882,0.4579,0.8394,2.17,1.0,0.1469,7.71
WRK-02967,0.4373,55.52,0,0.825,1,1.0,1.0,0.7309,0.06,1.0,0.1763,9.2
WRK-02968,0.5986,27.26,0,0.7859,1,0.8868,0.6011,0.4546,2.25,0.0,0.1758,6.6
WRK-02969,0.4133,99.5,1,1.0,0,0.5348,0.3395,0.6192,0.54,1.0,0.0891,12.06
WRK-02970,0.2683,74.55,0,0.7547,1,0.3585,0.789,0.8372,4.21,2.0,0.3537,2.09
WRK-02971,0.6781,101.35,0,1.0,0,0.4803,0.4418,0.5943,0.46,2.0,0.203,13.38
WRK-02972,0.7155,100.01,1,0.9956,0,0.4625,0.5531,0.8944,0.14,5.0,0.6413,18.79
WRK-02973,0.6913,102.89,0,0.922,0,0.5252,0.3624,0.775,0.01,1.0,0.0433,11.25
WRK-02974,0.3487,21.18,0,0.5485,0,0.7661,0.3405,0.6604,4.39,0.0,0.398,2.29
WRK-02975,0.6559,70.01,0,1.0,0,0.8395,0.6014,0.8228,3.74,0.0,0.3397,3.89
WRK-02976,0.6183,82.14,1,0.7932,0,0.4499,0.6687,0.6378,5.49,4.0,0.3615,19.36
WRK-02977,0.6369,84.55,0,0.8533,1,0.7746,0.3133,0.8606,1.75,1.0,0.1573,8.61
WRK-02978,0.3815,21.71,0,0.6373,0,0.9538,0.7708,0.7343,4.66,1.0,0.3315,2.69
WRK-02979,0.4918,72.5,0,1.0,0,0.7042,0.1993,0.0912,66.62,4.1,0.6182,14.74
WRK-02980,0.6647,77.6,0,0.9178,1,0.2787,1.0,0.8724,0.28,1.0,0.0983,5.54
WRK-02981,0.3661,43.66,0,0.735,1,0.871,0.568,0.4653,0.65,1.0,0.1444,2.98
WRK-02982,0.6919,94.91,0,1.0,0,0.7203,0.3417,0.859,6.64,3.0,0.0443,11.96
WRK-02983,0.6506,81.76,0,0.7395,0,0.7791,0.3502,0.7427,1.73,5.0,0.2838,7.0
WRK-02984,0.3883,67.7,0,0.7114,0,0.5643,0.3028,0.5959,0.01,2.0,0.3077,2.97
WRK-02985,0.3554,67.47,0,0.6825,0,0.4739,0.9194,0.6755,1.37,2.0,0.1094,0.61
WRK-02986,0.6635,36.42,0,0.6773,1,0.801,0.7441,0.8793,3.43,1.0,0.1418,1.9
WRK-02987,0.4337,67.98,0,0.6564,0,0.9099,1.0,0.8408,0.2,1.0,0.0558,4.08
WRK-02988,0.3396,70.03,0,0.8301,1,0.888,0.7696,0.7186,2.56,0.0,0.3197,6.62
WRK-02989,0.4474,17.18,0,0.5263,0,0.5407,0.2736,0.7823,0.33,0.0,0.3661,1.82
WRK-02990,0.6072,108.71,0,0.9311,1,0.3197,0.9129,0.6743,0.37,1.0,0.1835,13.35
WRK-02991,0.7527,125.8,1,1.0,0,0.4965,0.4204,0.9184,6.0,5.0,0.3562,20.24
WRK-02992,0.3831,38.21,0,0.5879,0,1.0,0.9355,0.9306,1.35,3.0,0.2742,2.64
WRK-02993,0.5148,19.88,0,0.9245,0,0.3601,0.7838,0.6025,0.01,0.0,0.2168,6.07
WRK-02994,0.5787,81.18,1,0.91,0,0.1124,1.0,0.6921,2.42,2.0,0.3757,21.53
WRK-02995,0.4953,92.53,1,0.7984,0,0.7019,0.2313,0.8942,0.75,3.0,0.1794,11.53
WRK-02996,0.4778,45.18,0,0.7817,0,0.4473,0.5437,0.8548,2.8,0.0,0.3601,2.27
WRK-02997,0.5148,52.97,0,0.9203,0,0.3547,0.8459,0.7979,3.59,1.0,0.1209,4.14
WRK-02998,0.4444,69.74,0,1.0,1,0.9059,0.7504,0.8817,1.38,0.0,0.3488,8.59
WRK-02999,0.7289,91.03,1,0.9497,0,0.544,0.4197,0.6515,5.03,4.0,0.2437,13.51
WRK-03000,0.4967,50.87,0,0.5763,0,0.5394,0.3731,0.129,63.67,4.4,0.7361,25.05
WRK-03001,0.4608,42.65,0,0.6243,1,0.9493,0.8755,0.704,0.89,1.0,0.1843,3.32
WRK-03002,0.5441,62.21,0,0.7042,1,0.915,0.6638,0.8709,1.18,1.0,0.2297,2.8
WRK-03003,0.448,23.45,0,0.6398,0,0.9394,0.8574,0.4937,0.03,1.0,0.2409,3.46
WRK-03004,0.397,24.16,0,0.5588,0,0.5537,0.2591,0.6402,0.62,3.0,0.3483,4.76
WRK-03005,0.4201,56.08,0,0.7026,0,0.8695,0.6364,0.6647,0.09,1.0,0.1776,2.12
WRK-03006,0.491,88.8,0,1.0,0,0.3986,0.8146,0.6589,3.0,3.0,0.179,11.49
WRK-03007,0.5499,94.67,0,0.8244,1,0.6568,0.0596,0.8774,0.56,1.0,0.3351,7.31
WRK-03008,0.6728,60.77,0,0.8982,1,0.6324,0.1656,0.3632,1.22,2.0,0.1247,3.53
WRK-03009,0.4177,37.84,0,0.7707,0,0.5205,0.3439,0.8303,0.51,1.0,0.0966,0.08
WRK-03010,0.4167,56.19,0,0.8317,0,0.5866,0.2232,0.8036,0.14,1.0,0.3484,4.02
WRK-03011,0.507,87.29,0,1.0,0,0.5482,0.5994,0.8789,0.82,3.0,0.0049,11.13
WRK-03012,0.6517,84.91,0,0.8839,0,0.2606,1.0,0.8355,2.03,2.0,0.123,11.79
WRK-03013,0.7819,117.14,1,1.0,0,0.5508,0.3651,0.8451,2.01,5.0,0.1332,17.62
WRK-03014,0.453,41.0,0,0.5824,0,0.8306,0.5181,0.8206,0.97,0.0,0.0939,1.02
WRK-03015,0.6934,65.55,0,1.0,0,0.5032,0.3728,0.6713,0.15,2.0,0.005,5.55
WRK-03016,0.5706,89.65,1,0.9126,1,0.4321,0.5742,0.6858,1.3,3.0,0.3343,17.01
WRK-03017,0.7933,81.69,0,1.0,0,0.9092,0.8144,0.7103,0.01,2.0,0.1931,11.86
WRK-03018,0.5386,38.21,0,0.9326,0,0.5084,0.6574,0.1635,68.34,8.0,0.8925,18.15
WRK-03019,0.6435,58.11,1,0.8857,0,0.4809,0.6008,0.8201,4.95,7.0,0.0742,17.12
WRK-03020,0.3726,108.08,0,0.7997,1,0.4243,0.7885,0.7768,1.23,1.0,0.3501,5.07
WRK-03021,0.4409,112.74,1,1.0,0,0.5586,0.2763,0.3011,58.76,12.8,1.0,38.34
WRK-03022,0.6735,43.75,0,0.7947,0,0.4392,0.6664,0.7951,2.77,2.0,0.092,4.03
WRK-03023,0.7909,100.61,1,1.0,0,0.5174,0.4278,0.6328,5.73,7.0,0.202,18.48
WRK-03024,0.5856,50.62,0,0.8189,0,0.6496,0.0471,0.6035,1.79,1.0,0.0177,3.73
WRK-03025,0.4714,62.54,0,1.0,0,0.5899,0.3003,0.7764,1.51,0.0,0.3816,6.05
WRK-03026,0.4495,51.83,0,0.6705,0,0.7252,0.2666,0.2396,72.57,9.1,0.7392,16.12
WRK-03027,0.7259,155.79,1,1.0,0,0.0945,1.0,0.6841,0.43,3.0,0.3216,26.74
WRK-03028,0.3848,45.21,0,0.4909,0,1.0,1.0,0.5214,0.48,2.0,0.291,5.68
WRK-03029,0.577,29.08,1,1.0,0,0.1003,1.0,0.7203,1.93,1.0,0.2052,14.29
WRK-03030,0.3447,34.69,0,0.5396,0,0.5505,0.319,0.6612,2.71,1.0,0.1164,0.0
WRK-03031,0.4202,59.74,0,0.7194,0,0.8785,0.6964,0.7714,5.04,0.0,0.2489,1.63
WRK-03032,0.4963,54.9,0,1.0,0,0.3063,0.9113,0.6503,6.77,1.0,0.186,2.89
WRK-03033,0.6982,118.0,0,1.0,0,0.2457,1.0,0.644,1.48,3.0,0.0836,11.11
WRK-03034,0.6705,105.07,0,1.0,0,0.2732,0.9646,0.7941,4.5,1.0,0.0224,14.34
WRK-03035,0.7768,109.27,1,1.0,0,0.2225,1.0,0.5503,1.04,1.0,0.2315,16.77
WRK-03036,0.3075,27.93,0,0.7468,1,0.933,0.7495,0.7755,0.98,0.0,0.3502,3.04
WRK-03037,0.4042,55.0,0,0.8235,0,0.7576,0.4552,0.8816,0.07,0.0,0.3978,8.53
WRK-03038,0.5077,46.09,0,0.8789,0,0.2203,1.0,0.8004,3.04,2.0,0.3516,6.88
WRK-03039,0.3942,56.99,0,0.9767,0,0.5538,0.3655,0.7209,3.07,1.0,0.2183,5.89
WRK-03040,0.6313,17.78,0,0.757,1,0.7014,0.9059,0.7866,2.42,1.0,0.1552,5.18
WRK-03041,0.6025,87.74,1,1.0,0,0.5216,0.5377,0.6972,1.08,2.0,0.3582,13.81
WRK-03042,0.4241,56.43,0,1.0,0,0.4598,0.5535,0.6894,0.01,3.0,0.2532,5.83
WRK-03043,0.5804,63.89,0,1.0,0,0.4031,0.6531,0.5954,1.05,0.0,0.1319,9.72
WRK-03044,0.6044,94.65,0,0.7308,0,1.0,0.8789,0.1599,111.1,5.1,0.9218,32.86
WRK-03045,0.5349,22.94,0,0.6391,0,0.4797,0.4988,0.9073,3.17,0.0,0.2396,4.79
WRK-03046,0.299,30.65,0,0.5913,0,1.0,1.0,0.5636,9.22,3.0,0.3039,2.9
WRK-03047,0.4666,84.83,0,0.7912,1,0.5212,0.4186,0.626,1.38,1.0,0.2212,6.65
WRK-03048,0.5177,48.24,0,0.7463,0,0.7083,0.2658,0.7052,0.83,2.0,0.0566,2.04
WRK-03049,0.6091,20.41,0,0.9114,1,0.272,0.9734,0.5275,2.65,0.0,0.2956,5.67
WRK-03050,0.443,67.05,0,0.8473,0,0.9304,0.7432,0.8316,0.7,0.0,0.3499,3.43
WRK-03051,0.4559,107.48,1,0.9364,0,0.3079,0.9891,0.715,4.06,6.0,0.3926,19.73
WRK-03052,0.508,26.54,0,0.7077,0,0.9404,0.8184,0.7687,1.36,1.0,0.2611,3.91
WRK-03053,0.3848,55.86,1,0.6692,0,0.7076,0.6463,0.8901,3.16,3.0,0.3135,12.22
WRK-03054,0.5832,52.67,0,1.0,0,0.2866,1.0,0.7289,0.26,0.0,0.2452,7.42
WRK-03055,0.5112,63.93,0,0.8251,0,0.3681,0.8286,0.6891,0.29,1.0,0.3352,8.06
WRK-03056,0.6245,96.17,1,0.8411,0,0.7449,0.5038,0.2721,0.59,7.0,0.2873,19.57
WRK-03057,0.4532,84.27,0,0.9057,0,0.5646,0.715,0.7042,1.14,1.0,0.0572,11.91
WRK-03058,0.526,39.04,0,0.7269,0,0.9427,0.9638,0.7331,0.61,1.0,0.2322,5.99
WRK-03059,0.5897,94.19,0,0.7195,0,0.7501,0.3348,0.73,1.14,2.0,0.31,4.21
WRK-03060,0.4942,63.0,0,0.969,0,0.6953,0.1815,0.8513,5.8,0.0,0.268,4.46
WRK-03061,0.5168,31.07,1,0.9531,1,0.2921,1.0,0.5897,3.37,1.0,0.3084,17.41
WRK-03062,0.4038,61.76,0,1.0,0,0.6124,0.2593,0.7188,2.28,0.0,0.2515,4.5
WRK-03063,0.5617,59.45,0,0.7008,0,1.0,0.9408,0.7744,1.09,2.0,0.3301,7.68
WRK-03064,0.4249,41.26,0,0.7523,0,0.7552,0.2855,0.1269,32.84,10.5,0.787,13.78
WRK-03065,0.3703,51.17,0,0.7644,0,1.0,1.0,0.4056,0.18,1.0,0.3455,4.3
WRK-03066,0.6432,81.42,1,0.909,0,0.0519,1.0,0.7285,0.32,2.0,0.151,16.51
WRK-03067,0.38,44.68,0,0.8434,0,0.7872,0.666,0.7083,0.71,1.0,0.0771,4.73
WRK-03068,0.4521,50.27,0,0.7604,0,0.654,0.0242,0.424,1.53,1.0,0.0686,3.11
WRK-03069,0.5448,13.58,0,0.8641,1,0.2124,1.0,0.5427,0.18,0.0,0.114,8.08
WRK-03070,0.7662,123.57,1,1.0,0,0.4214,0.6277,0.6868,0.15,5.0,0.4011,15.28
WRK-03071,0.6654,116.59,0,1.0,0,0.6538,0.0506,0.6506,2.26,5.0,0.3504,8.85
WRK-03072,0.617,84.43,0,1.0,0,0.8051,0.4564,0.7377,0.82,3.0,0.1738,14.03
WRK-03073,0.5591,37.19,0,0.8729,0,0.6512,0.0423,0.556,3.69,0.0,0.2308,6.22
WRK-03074,0.349,42.61,0,0.7242,0,0.3086,0.857,0.7234,2.23,0.0,0.0255,0.0
WRK-03075,0.6932,97.64,0,0.9581,0,0.7955,0.5847,0.5061,1.66,0.0,0.0866,12.5
WRK-03076,0.325,47.25,0,0.5636,0,0.5072,0.479,0.8494,3.15,0.0,0.0116,2.0
WRK-03077,0.7935,99.33,1,1.0,0,0.3831,0.758,0.8049,0.44,7.0,0.2573,22.74
WRK-03078,0.4229,59.16,0,0.7061,0,0.7461,0.4578,0.6145,1.02,0.0,0.2893,3.59
WRK-03079,0.635,37.3,0,0.7304,0,0.5163,0.4621,0.7974,1.74,0.0,0.3538,1.69
WRK-03080,0.5902,68.56,0,0.7322,0,0.6348,0.2136,0.7255,0.79,0.0,0.1426,0.98
WRK-03081,0.6258,91.96,0,0.73,0,0.8005,0.4704,0.7893,8.19,0.0,0.0733,5.54
WRK-03082,0.4805,39.3,0,0.6553,0,0.8764,0.6682,0.3271,56.98,7.0,0.7588,25.64
WRK-03083,0.5736,50.95,0,1.0,0,0.795,0.4822,0.808,0.01,0.0,0.136,4.41
WRK-03084,0.6833,26.64,0,0.8046,1,0.9892,1.0,0.6143,1.1,2.0,0.2219,7.7
WRK-03085,0.4833,67.55,0,1.0,0,0.2994,0.8835,0.7367,0.53,0.0,0.2474,5.27
WRK-03086,0.627,97.5,0,1.0,0,0.2344,1.0,0.8743,2.83,1.0,0.1146,10.5
WRK-03087,0.5268,35.91,0,0.9928,0,0.1752,1.0,0.8129,1.18,1.0,0.3697,9.61
WRK-03088,0.6379,30.55,0,1.0,1,0.8101,0.6836,0.5952,11.9,3.0,0.1942,6.75
WRK-03089,0.4746,47.2,1,0.9032,1,0.05,1.0,0.8102,4.68,2.0,0.3515,15.93
WRK-03090,0.7136,91.68,1,0.9025,1,0.3614,0.856,0.4102,1.04,2.0,0.1361,16.28
WRK-03091,0.2927,112.55,1,1.0,0,0.6186,0.1153,0.7525,0.03,1.0,0.3951,13.74
WRK-03092,0.5903,165.81,1,1.0,0,0.294,1.0,0.5931,7.78,5.0,0.3298,18.14
WRK-03093,0.4373,56.9,0,0.7082,0,0.3224,1.0,0.7498,0.69,1.0,0.2328,4.37
WRK-03094,0.445,26.72,0,0.8179,1,0.2858,1.0,0.5682,1.11,0.0,0.1301,5.33
WRK-03095,0.4142,32.04,0,0.5892,0,0.9445,0.8531,0.7133,1.53,1.0,0.3339,2.72
WRK-03096,0.5225,68.87,0,0.7312,0,0.6318,0.082,0.7045,5.2,1.0,0.3864,3.12
WRK-03097,0.5099,39.69,1,0.6825,0,0.4173,0.7307,0.7026,3.73,2.0,0.0832,17.32
WRK-03098,0.4025,37.43,0,0.9087,0,0.1431,1.0,0.2869,58.37,3.4,0.8469,20.38
WRK-03099,0.5121,21.38,0,0.9307,0,0.7693,0.305,0.6428,6.68,1.0,0.0473,3.77
WRK-03100,0.4027,68.36,0,1.0,0,0.8206,0.5107,0.6171,0.88,1.0,0.2721,1.57
WRK-03101,0.4719,77.0,0,1.0,0,0.5491,0.6092,0.8116,4.58,0.0,0.2448,2.46
WRK-03102,0.5582,35.84,0,0.818,0,0.5753,0.2078,0.5318,2.62,0.0,0.2592,11.06
WRK-03103,0.6955,125.82,0,1.0,0,0.353,0.8548,0.4176,0.11,1.0,0.0449,14.74
WRK-03104,0.8139,128.77,1,1.0,0,0.0876,1.0,0.5694,2.54,5.0,0.573,24.26
WRK-03105,0.3424,47.9,0,0.607,0,0.9216,0.7281,0.1731,61.18,3.1,0.7182,12.69
WRK-03106,0.5913,46.86,0,0.9937,0,0.5067,0.3586,0.6413,1.29,0.0,0.0712,7.39
WRK-03107,0.3667,61.23,1,0.9188,0,0.05,1.0,0.8079,2.56,4.0,0.3867,15.99
WRK-03108,0.4858,100.52,0,1.0,0,0.7285,0.2121,0.8463,1.73,2.0,0.2659,7.29
WRK-03109,0.4746,25.57,0,0.5532,0,0.9642,1.0,0.8727,2.03,1.0,0.2877,5.06
WRK-03110,0.6405,41.11,0,0.9661,0,0.26,0.9819,0.6706,3.77,0.0,0.1644,6.3
WRK-03111,0.6164,126.96,1,1.0,0,0.4491,0.5865,0.0902,50.8,8.3,1.0,29.77
WRK-03112,0.4944,39.63,0,0.7346,0,1.0,0.9009,0.3205,38.12,3.5,0.9906,16.88
WRK-03113,0.7537,84.63,1,1.0,0,0.05,1.0,0.8842,1.45,4.0,0.0142,22.08
WRK-03114,0.3368,17.42,0,0.3487,0,0.9012,0.726,0.2142,75.52,5.1,0.897,20.04
WRK-03115,0.5293,92.48,0,1.0,1,0.4305,0.5503,0.8526,1.76,2.0,0.2209,8.75
WRK-03116,0.829,98.22,0,0.8833,0,0.5038,0.4116,0.5023,0.84,5.0,0.0616,12.94
WRK-03117,0.4377,33.93,0,0.6352,0,0.418,0.7512,0.8605,1.72,0.0,0.304,3.71
WRK-03118,0.4453,44.85,1,0.6936,0,0.2082,1.0,0.8026,3.8,2.0,0.3264,10.77
WRK-03119,0.7738,78.98,0,0.9829,0,0.4769,0.4508,0.6335,0.61,0.0,0.1136,7.29
WRK-03120,0.3331,42.18,0,0.7448,0,0.5039,0.5008,0.4978,0.8,2.0,0.0583,1.5
WRK-03121,0.6868,104.92,0,1.0,0,0.5785,0.3704,0.8289,2.06,1.0,0.0839,12.45
WRK-03122,0.2987,28.12,0,0.6006,0,0.4434,0.5594,0.2264,80.81,5.4,0.6592,19.26
WRK-03123,0.6328,70.38,0,0.87,0,0.7182,0.3287,0.5742,3.15,1.0,0.1044,4.74
WRK-03124,0.823,89.5,0,0.9591,0,0.3694,0.7878,0.5586,0.68,1.0,0.2535,13.17
WRK-03125,0.6597,74.83,0,0.8667,0,0.6222,0.1295,0.5775,3.1,1.0,0.1493,6.51
WRK-03126,0.3208,9.27,1,0.5341,0,0.1071,1.0,0.8481,0.72,4.0,0.0166,12.84
WRK-03127,0.5422,77.68,0,0.7576,0,0.9586,0.7869,0.5418,1.28,2.0,0.313,7.3
WRK-03128,0.3042,14.81,0,0.646,0,0.3341,1.0,0.5157,0.99,1.0,0.1228,2.76
WRK-03129,0.6142,95.83,0,0.9802,0,0.3498,0.8254,0.6681,0.01,1.0,0.1634,10.13
WRK-03130,0.5499,56.0,0,0.7357,0,0.4774,0.453,0.7483,2.38,1.0,0.094,1.77
WRK-03131,0.4834,73.11,0,1.0,0,0.7463,0.3515,0.7334,0.23,1.0,0.0222,1.12
WRK-03132,0.5551,85.59,1,0.8976,0,0.05,1.0,0.8689,4.02,3.0,0.3557,14.33
WRK-03133,0.4935,56.5,0,0.8689,0,0.7213,0.2109,0.7878,5.75,0.0,0.2965,4.1
WRK-03134,0.6883,107.99,0,1.0,0,0.3438,0.9991,0.5838,0.9,0.0,0.0207,12.52
WRK-03135,0.5232,52.85,0,0.716,0,0.9862,0.8512,0.8072,2.37,1.0,0.3458,6.56
WRK-03136,0.6715,109.63,0,1.0,0,0.3649,0.7239,0.5308,1.01,0.0,0.168,11.07
WRK-03137,0.7341,87.41,0,0.9811,0,0.2344,1.0,0.306,1.15,1.0,0.0505,10.93
WRK-03138,0.8221,84.64,0,0.8116,0,0.8201,1.0,0.5758,1.3,1.0,0.2161,14.2
WRK-03139,0.6119,71.38,0,0.9353,0,0.3039,0.911,0.7876,2.15,1.0,0.2605,7.13
WRK-03140,0.6645,114.66,0,0.8419,0,0.643,0.3751,0.8925,0.16,4.0,0.2963,10.17
WRK-03141,0.7111,75.12,1,0.594,0,0.6325,0.2228,0.8831,1.55,2.0,0.2832,10.13
WRK-03142,0.6114,97.4,0,0.998,0,0.7407,0.5632,0.8921,3.34,1.0,0.1483,12.65
WRK-03143,0.7016,61.93,1,0.8713,0,0.1071,1.0,0.916,0.62,3.0,0.0958,15.78
WRK-03144,0.632,121.15,1,1.0,0,0.0805,1.0,0.7514,2.07,4.0,0.4494,19.87
WRK-03145,0.4304,55.65,0,0.8781,0,0.3928,0.8353,0.8112,0.98,1.0,0.0739,8.0
WRK-03146,0.6539,97.58,1,0.9908,0,0.2557,1.0,0.9247,1.47,2.0,0.1729,16.35
WRK-03147,0.4057,33.32,0,0.6197,0,0.7999,0.4592,0.8082,1.52,0.0,0.1108,1.96
WRK-03148,0.4631,39.45,1,0.7821,0,0.4273,0.8493,0.5663,0.32,3.0,0.0178,10.53
WRK-03149,0.3321,19.34,0,0.5009,1,0.9071,0.9078,0.5706,0.65,1.0,0.0876,1.85
WRK-03150,0.6756,101.57,1,1.0,0,0.4078,0.6924,0.5849,0.61,2.0,0.4285,22.43
WRK-03151,0.3905,50.8,0,0.7226,0,0.6907,0.1726,0.6689,0.46,1.0,0.0001,0.0
WRK-03152,0.5464,46.16,0,0.9151,0,0.5519,0.2624,0.8268,0.07,0.0,0.1102,6.47
WRK-03153,0.5149,35.84,0,0.8309,0,0.6452,0.306,0.4467,2.96,1.0,0.2491,6.41
WRK-03154,0.4759,52.88,0,0.7194,1,0.5392,0.3311,0.0784,11.62,4.8,0.6599,18.71
WRK-03155,0.5748,101.34,1,1.0,0,0.0721,1.0,0.8863,2.03,3.0,0.6335,17.87
WRK-03156,0.3916,46.46,0,0.6764,0,0.4521,0.6803,0.5586,0.76,2.0,0.0524,3.82
WRK-03157,0.4276,113.4,1,1.0,0,0.5275,0.7873,0.8719,0.85,5.0,0.4365,16.7
WRK-03158,0.3115,5.09,0,0.494,0,0.9204,1.0,0.5386,3.43,0.0,0.1547,3.99
WRK-03159,0.5303,43.11,0,0.6945,0,0.2396,1.0,0.678,1.3,1.0,0.1568,6.5
WRK-03160,0.4515,83.44,0,0.731,0,0.4259,0.5819,0.324,31.59,9.8,0.6732,15.58
WRK-03161,0.7341,104.59,0,1.0,1,0.6825,0.1902,0.7474,1.5,2.0,0.0482,13.28
WRK-03162,0.3413,8.96,0,0.458,0,0.7311,0.4252,0.6999,0.46,2.0,0.345,0.26
WRK-03163,0.5487,48.02,0,0.8001,0,0.34,0.7995,0.7533,6.24,2.0,0.0498,0.55
WRK-03164,0.3828,69.99,0,1.0,0,0.6867,0.1109,0.9119,1.48,2.0,0.1834,0.3
WRK-03165,0.5364,27.21,0,0.7602,0,0.8953,0.9958,0.8319,0.82,1.0,0.0419,5.12
WRK-03166,0.605,78.55,0,0.9149,0,0.4286,0.6229,0.7978,1.54,1.0,0.0484,4.98
WRK-03167,0.3778,58.79,0,0.6054,0,0.8402,0.5234,0.575,0.11,2.0,0.1416,4.23
WRK-03168,0.2752,52.85,0,1.0,1,0.7779,0.4655,0.8633,0.58,1.0,0.2007,6.69
WRK-03169,0.3598,56.24,0,0.8439,0,0.7279,0.2303,0.7256,0.95,1.0,0.1142,4.81
WRK-03170,0.7671,127.13,1,1.0,0,0.4696,0.7458,0.1385,56.55,9.4,0.8656,43.11
WRK-03171,0.4664,50.01,0,0.5676,1,0.274,1.0,0.1045,70.84,9.6,0.7665,17.22
WRK-03172,0.4855,23.3,0,0.5049,0,0.745,0.2698,0.6381,1.51,0.0,0.068,2.15
WRK-03173,0.791,65.76,0,0.8523,0,0.6709,0.3292,0.7711,3.44,2.0,0.1485,2.71
WRK-03174,0.5338,93.58,1,1.0,0,0.2394,1.0,0.8714,2.06,1.0,0.0571,16.51
WRK-03175,0.3438,19.23,0,0.4739,0,0.5666,0.2236,0.8372,0.69,0.0,0.2874,0.62
WRK-03176,0.567,95.47,0,1.0,0,0.5794,0.1856,0.7533,3.97,3.0,0.3842,5.38
WRK-03177,0.7417,99.0,0,1.0,0,0.6095,0.2682,0.3723,0.43,1.0,0.2203,6.0
WRK-03178,0.4852,43.08,0,0.9891,0,0.6823,0.104,0.914,0.74,2.0,0.329,5.89
WRK-03179,0.7495,32.93,0,0.891,1,0.617,0.3091,0.8941,0.42,0.0,0.0289,9.39
WRK-03180,0.5208,17.97,0,0.7908,1,0.7882,0.5674,0.7829,0.12,0.0,0.3134,2.81
WRK-03181,0.7078,36.55,0,0.8549,0,0.8573,0.7722,0.6231,0.57,0.0,0.1343,6.2
WRK-03182,0.5375,31.55,0,0.8811,0,0.5021,0.6089,0.8003,0.8,0.0,0.3623,6.61
WRK-03183,0.5069,66.68,0,0.8148,0,0.5706,0.2031,0.5697,0.21,0.0,0.1386,3.09
WRK-03184,0.8557,88.73,0,1.0,0,0.3253,0.9178,0.6623,0.58,2.0,0.1582,11.98
WRK-03185,0.3182,61.47,1,0.8512,0,0.05,1.0,0.5789,3.35,3.0,0.2103,12.73
WRK-03186,0.3412,9.21,0,0.5296,0,0.4,0.6647,0.8813,2.07,1.0,0.304,2.79
WRK-03187,0.3674,53.0,0,0.6512,0,0.4582,0.4975,0.6946,3.04,0.0,0.2026,3.79
WRK-03188,0.5816,78.92,1,0.9738,0,0.2806,0.9312,0.1672,63.88,8.7,0.6057,19.27
WRK-03189,0.7734,147.55,1,1.0,0,0.7426,0.5486,0.7008,0.51,9.0,0.3507,17.9
WRK-03190,0.4343,59.12,0,0.7159,0,0.9596,1.0,0.2104,119.55,3.1,0.9806,13.21
WRK-03191,0.7242,120.19,1,1.0,0,0.6303,0.4413,0.5196,0.4,3.0,0.4959,11.72
WRK-03192,0.4445,107.14,0,0.9011,1,0.3092,0.8574,0.7485,2.74,0.0,0.0971,14.63
WRK-03193,0.2514,45.97,0,0.5856,0,0.22,1.0,0.631,2.67,1.0,0.2625,2.34
WRK-03194,0.6529,26.39,1,0.8828,1,0.0857,1.0,0.2829,33.97,9.2,0.669,31.12
WRK-03195,0.3721,59.74,0,0.8792,0,0.5214,0.4942,0.6381,0.18,2.0,0.0899,7.31
WRK-03196,0.5926,32.72,0,0.8741,1,0.1773,1.0,0.8087,0.07,0.0,0.3538,4.54
WRK-03197,0.5997,39.07,0,0.8467,0,0.5669,0.4888,0.7061,1.45,0.0,0.3955,6.17
WRK-03198,0.5597,55.02,0,0.6315,0,0.4194,0.5862,0.9312,5.04,0.0,0.1473,4.06
WRK-03199,0.3716,29.33,0,0.7521,1,0.8413,0.617,0.7254,4.48,0.0,0.2241,3.5
WRK-03200,0.3101,67.94,0,1.0,0,0.8015,0.4852,0.7553,1.63,0.0,0.2209,7.22
WRK-03201,0.3846,17.18,1,0.4389,0,0.2132,1.0,0.7571,2.26,1.0,0.365,7.12
WRK-03202,0.3961,49.04,0,0.656,0,0.4091,0.7463,0.8196,1.97,1.0,0.099,1.45
WRK-03203,0.3673,66.4,0,0.8799,0,0.4238,0.7052,0.8324,1.73,2.0,0.0926,7.5
WRK-03204,0.5618,49.72,0,0.998,0,0.6605,0.0813,0.6781,0.24,0.0,0.0023,6.16
WRK-03205,0.4511,67.03,0,0.9973,0,0.4163,0.7864,0.0624,71.69,5.7,0.7434,23.23
WRK-03206,0.2926,42.56,0,0.6698,0,0.5054,0.4871,0.6505,0.52,0.0,0.2333,1.43
WRK-03207,0.4337,12.93,0,0.5388,0,0.3782,0.8049,0.6807,0.67,0.0,0.2123,3.78
WRK-03208,0.4049,75.23,1,0.9038,0,0.2184,1.0,0.7711,1.92,3.0,0.1731,14.74
WRK-03209,0.6475,69.85,0,0.907,0,0.1294,1.0,0.5888,4.06,2.0,0.1794,6.81
WRK-03210,0.513,41.09,0,0.8949,0,0.5743,0.1905,0.8108,0.94,0.0,0.0625,6.28
WRK-03211,0.4788,30.41,0,0.6644,0,0.9396,0.7875,0.854,3.85,0.0,0.3179,4.17
WRK-03212,0.4767,61.34,0,0.9251,1,0.8515,0.5425,0.7754,6.22,1.0,0.0289,6.07
WRK-03213,0.4863,74.91,0,1.0,0,0.3709,0.794,0.8152,1.67,0.0,0.1903,7.3
WRK-03214,0.3447,16.43,0,0.567,0,0.8644,0.8189,0.6252,0.68,1.0,0.396,5.57
WRK-03215,0.687,129.51,1,1.0,1,0.2465,1.0,0.7356,0.58,0.0,0.2555,19.14
WRK-03216,0.5879,125.54,0,1.0,0,0.2924,0.9881,0.6767,6.22,2.0,0.1059,10.82
WRK-03217,0.7718,85.15,1,1.0,0,0.05,1.0,0.6515,6.07,3.0,0.3099,19.43
WRK-03218,0.7349,86.55,1,0.864,0,0.2633,1.0,0.8791,1.42,6.0,0.2467,15.02
WRK-03219,0.4285,16.9,0,0.7689,0,0.946,0.7576,0.6054,0.5,2.0,0.0983,4.5
WRK-03220,0.5696,101.51,1,1.0,0,0.6024,0.254,0.5612,0.21,3.0,0.4477,13.13
WRK-03221,0.3299,37.3,0,0.7493,0,0.6518,0.464,0.6053,3.45,2.0,0.0899,1.55
WRK-03222,0.4636,61.74,0,0.9929,0,0.6146,0.1119,0.851,0.56,0.0,0.3375,4.77
WRK-03223,0.3919,66.7,0,0.7235,0,0.4016,0.6953,0.8238,6.55,1.0,0.1374,0.99
WRK-03224,0.3648,54.5,0,0.7465,0,0.834,0.757,0.7778,1.27,1.0,0.046,2.66
WRK-03225,0.5002,80.32,0,0.9501,0,0.1659,1.0,0.683,7.07,1.0,0.0165,11.2
WRK-03226,0.3423,82.7,0,0.7322,0,0.6296,0.0536,0.8228,0.81,1.0,0.104,3.81
WRK-03227,0.6295,70.39,0,0.9496,1,0.7474,0.4245,0.5871,0.34,0.0,0.209,1.61
WRK-03228,0.6744,121.02,1,1.0,0,0.2677,1.0,0.8733,0.51,6.0,0.2664,22.74
WRK-03229,0.3366,45.59,1,0.5079,0,0.2516,1.0,0.7452,9.12,3.0,0.0914,15.18
WRK-03230,0.4563,85.13,0,0.7834,0,1.0,0.9623,0.5571,1.43,0.0,0.0028,7.17
WRK-03231,0.4153,50.14,1,0.8487,0,0.2914,0.9254,0.8276,1.27,1.0,0.1245,11.56
WRK-03232,0.6372,41.44,0,0.9042,0,0.2945,1.0,0.8871,5.3,0.0,0.3831,7.36
WRK-03233,0.3871,51.66,0,0.6357,0,0.7301,0.3254,0.7971,0.91,1.0,0.2787,3.45
WRK-03234,0.7757,79.92,0,1.0,0,0.5728,0.1953,0.8171,0.56,1.0,0.0079,5.17
WRK-03235,0.6663,140.72,0,1.0,0,0.3892,0.9379,0.7308,0.19,3.0,0.3463,11.84
WRK-03236,0.5378,83.22,0,0.9308,0,0.7985,0.8477,0.7998,0.69,2.0,0.151,10.73
WRK-03237,0.4727,71.24,1,0.9726,0,0.1108,1.0,0.722,3.98,2.0,0.2968,19.26
WRK-03238,0.2812,22.91,0,0.5701,0,0.6208,0.3155,0.8902,2.68,1.0,0.3511,0.0
WRK-03239,0.3714,17.36,1,0.6335,0,0.1274,1.0,0.8564,5.27,4.0,0.396,12.32
WRK-03240,0.6604,121.89,1,1.0,0,0.05,1.0,0.7482,6.5,4.0,0.5741,23.2
WRK-03241,0.5806,20.75,0,0.8639,1,0.2758,0.9619,0.8188,0.39,0.0,0.3926,8.14
WRK-03242,0.4426,20.33,0,0.807,1,0.4834,0.6,0.7474,2.79,0.0,0.3508,6.0
WRK-03243,0.3812,0.0,0,0.5863,0,0.8595,0.564,0.7679,0.19,0.0,0.1822,3.26
WRK-03244,0.6958,105.36,0,0.979,0,0.6818,0.2899,0.3037,99.08,10.1,0.7336,27.63
WRK-03245,0.4726,41.45,0,0.7988,0,1.0,1.0,0.7112,0.24,1.0,0.2546,2.11
WRK-03246,0.3889,70.72,1,0.8667,0,0.4839,0.7983,0.8579,0.68,3.0,0.0843,13.55
WRK-03247,0.4514,53.02,0,0.7786,0,0.4985,0.388,0.7443,0.47,1.0,0.1425,0.89
WRK-03248,0.7347,107.41,1,1.0,0,0.0756,1.0,0.8802,1.09,3.0,0.3642,25.6
WRK-03249,0.6738,34.04,1,0.8149,0,0.285,1.0,0.7849,0.16,3.0,0.3457,18.02
WRK-03250,0.5615,140.52,0,1.0,0,0.4193,0.9218,0.762,1.19,5.0,0.0319,13.46
WRK-03251,0.4071,77.11,0,1.0,0,0.6194,0.1444,0.6646,3.31,0.0,0.1469,5.15
WRK-03252,0.6244,47.56,0,0.5968,0,0.7204,0.4907,0.6701,2.62,2.0,0.0725,1.91
WRK-03253,0.5282,45.67,0,0.8389,0,0.8402,0.5955,0.5304,5.66,2.0,0.1741,10.7
WRK-03254,0.3287,71.34,0,0.989,0,0.2585,1.0,0.8804,0.96,1.0,0.0832,5.03
WRK-03255,0.5034,27.23,0,0.8774,1,0.2223,1.0,0.8624,0.05,1.0,0.1122,3.91
WRK-03256,0.3285,34.48,0,0.9004,0,0.8634,0.6654,0.5887,3.35,0.0,0.2323,5.65
WRK-03257,0.5693,29.76,0,0.9407,0,0.4668,0.6396,0.6738,1.21,0.0,0.3529,7.09
WRK-03258,0.6148,21.85,0,0.7888,0,0.8606,0.8816,0.7247,4.57,1.0,0.1666,4.57
WRK-03259,0.5771,82.69,1,0.8834,0,0.1535,1.0,0.8517,0.04,7.0,0.3645,18.45
WRK-03260,0.6423,91.79,0,0.8078,0,0.3685,0.9294,0.7053,1.33,2.0,0.3895,9.8
WRK-03261,0.7539,82.08,1,0.9179,1,0.3003,0.9027,0.7673,1.2,2.0,0.1098,18.36
WRK-03262,0.54,126.27,0,1.0,0,0.3038,1.0,0.4977,0.72,5.0,0.2312,11.03
WRK-03263,0.2943,54.45,0,0.7074,0,0.9896,0.9235,0.2049,69.06,9.7,0.8227,20.95
WRK-03264,0.4318,47.34,0,0.7442,0,0.5769,0.4405,0.6085,0.56,0.0,0.373,0.96
WRK-03265,0.5898,81.42,0,0.9438,0,0.5691,0.2103,0.8536,12.86,3.0,0.1864,8.48
WRK-03266,0.3765,57.79,0,0.7437,0,0.4985,0.8432,0.8387,0.56,1.0,0.125,1.18
WRK-03267,0.2989,75.87,0,0.8574,0,0.2588,1.0,0.6604,4.85,0.0,0.2379,6.22
WRK-03268,0.4171,29.46,0,0.7919,0,0.7356,0.4632,0.7865,2.04,1.0,0.1557,1.2
WRK-03269,0.5381,15.59,0,0.8366,1,0.4212,0.5925,0.8428,6.91,0.0,0.1843,5.96
WRK-03270,0.4239,20.35,1,0.6062,0,0.5859,0.4792,0.7259,0.19,2.0,0.2253,11.19
WRK-03271,0.566,34.32,0,0.8338,0,0.5492,0.3252,0.9014,2.38,1.0,0.0715,6.4
WRK-03272,0.6965,73.13,0,0.8608,1,0.8022,0.4586,0.6868,0.03,0.0,0.179,4.0
WRK-03273,0.2843,70.33,1,0.7513,0,0.5631,0.7221,0.6497,0.71,2.0,0.3449,7.33
WRK-03274,0.7194,75.84,0,0.8482,0,0.9074,0.767,0.921,3.57,1.0,0.3994,5.79
WRK-03275,0.5235,12.72,0,0.7984,1,0.2918,1.0,0.9313,1.29,1.0,0.3621,4.74
WRK-03276,0.3667,31.67,0,0.645,1,0.8711,0.563,0.9198,3.32,0.0,0.0949,1.44
WRK-03277,0.8039,99.81,1,1.0,0,0.3903,0.6763,0.6685,0.79,4.0,0.249,17.91
WRK-03278,0.4924,27.11,0,0.8089,1,0.34,1.0,0.3976,6.56,1.0,0.0438,7.52
WRK-03279,0.4881,2.96,0,0.519,0,0.4017,0.8216,0.6813,1.96,1.0,0.1066,4.39
WRK-03280,0.5156,75.32,0,0.6992,0,0.8548,0.8271,0.7169,2.8,1.0,0.1944,3.08
WRK-03281,0.7802,120.65,0,1.0,0,0.4101,0.6896,0.749,1.12,3.0,0.1799,10.13
WRK-03282,0.3716,73.29,0,0.7868,0,0.4285,0.5681,0.8296,0.61,1.0,0.377,2.7
WRK-03283,0.2051,5.12,0,0.423,0,0.7063,0.188,0.8741,0.74,1.0,0.3413,0.86
WRK-03284,0.8063,95.28,1,1.0,0,0.05,1.0,0.8792,0.28,3.0,0.3451,21.34
WRK-03285,0.6889,83.99,0,0.9429,0,0.4133,0.6178,0.7132,0.82,0.0,0.316,10.99
WRK-03286,0.6204,87.07,0,0.8424,0,0.3168,0.8493,0.8496,1.43,2.0,0.3061,11.9
WRK-03287,0.6439,32.79,0,0.8983,0,0.4441,0.5981,0.1836,51.09,8.1,0.7521,24.99
WRK-03288,0.4811,28.64,1,0.8866,1,0.5325,0.3405,0.5167,1.13,3.0,0.1566,15.27
WRK-03289,0.5161,42.41,0,1.0,0,0.7948,0.4668,0.7562,0.46,0.0,0.003,4.08
WRK-03290,0.592,41.52,0,0.8557,1,0.3988,0.986,0.5169,0.34,1.0,0.0476,7.58
WRK-03291,0.5909,77.45,0,0.878,0,0.3581,0.8274,0.5923,1.56,2.0,0.0165,5.29
WRK-03292,0.6712,58.82,1,0.7779,0,0.6447,0.392,0.7902,0.01,4.0,0.329,12.35
WRK-03293,0.6371,45.94,0,0.9273,0,0.6597,0.0914,0.7986,0.18,0.0,0.1994,8.17
WRK-03294,0.4969,69.16,0,1.0,0,0.3093,0.8556,0.8847,1.71,0.0,0.2779,10.02
WRK-03295,0.6498,33.92,0,0.9308,0,0.7522,0.8251,0.8039,2.13,0.0,0.0878,6.02
WRK-03296,0.5407,44.07,0,0.6975,1,0.9135,0.8495,0.3056,0.49,2.0,0.0288,2.74
WRK-03297,0.5506,39.65,0,0.9067,0,0.3888,0.7588,0.7433,0.38,0.0,0.1872,5.14
WRK-03298,0.1931,37.98,0,0.5949,0,0.9587,0.8007,0.6464,1.02,1.0,0.0274,1.72
WRK-03299,0.5615,117.07,1,0.9038,0,0.4357,0.6811,0.7919,0.83,1.0,0.3391,17.28
WRK-03300,0.5111,56.25,0,0.819,0,0.9717,1.0,0.7615,1.83,3.0,0.1144,3.91
WRK-03301,0.276,43.5,0,0.5407,0,0.5653,0.3362,0.6784,4.41,0.0,0.0941,0.28
WRK-03302,0.4539,61.9,0,1.0,0,0.4793,0.6994,0.7854,1.55,2.0,0.1414,7.63
WRK-03303,0.6771,65.04,0,0.8836,0,0.4437,0.6353,0.5351,3.32,2.0,0.2232,5.3
WRK-03304,0.5976,61.45,0,1.0,1,0.3544,0.9081,0.7246,1.92,0.0,0.0969,6.74
WRK-03305,0.674,86.41,1,1.0,0,0.3434,0.7869,0.7699,0.19,3.0,0.313,23.52
WRK-03306,0.4285,72.03,1,1.0,0,0.4243,1.0,0.8808,0.15,1.0,0.1224,10.74
WRK-03307,0.4758,92.71,0,1.0,1,0.2482,1.0,0.7919,0.23,3.0,0.2856,9.17
WRK-03308,0.5781,24.39,0,0.8145,0,0.8668,0.555,0.7561,0.8,1.0,0.3476,8.86
WRK-03309,0.7077,89.11,1,1.0,0,0.05,1.0,0.7321,2.57,2.0,0.0884,21.63
WRK-03310,0.4639,20.37,0,0.5337,0,0.886,0.8133,0.8217,0.88,3.0,0.2425,3.23
WRK-03311,0.5861,67.58,0,0.8049,0,0.697,0.1504,0.7064,0.76,0.0,0.1731,7.02
WRK-03312,0.6896,91.58,1,0.8119,0,0.3744,0.7138,0.8528,0.14,3.0,0.1692,18.88
WRK-03313,0.4156,14.23,0,0.5953,0,0.9182,0.6877,0.6369,1.63,0.0,0.3657,1.99
WRK-03314,0.518,30.93,0,0.7155,0,0.619,0.1549,0.4961,0.11,0.0,0.2049,5.36
WRK-03315,0.7472,84.22,0,0.8059,1,0.5578,0.5365,0.5108,4.87,3.0,0.1651,12.22
WRK-03316,0.4619,60.64,1,0.6736,0,0.2415,1.0,0.5322,0.2,3.0,0.2796,13.52
WRK-03317,0.4631,51.84,0,0.7421,1,0.8229,0.4529,0.8384,0.98,0.0,0.2643,2.34
WRK-03318,0.6955,88.19,0,1.0,0,0.7577,0.2814,0.7604,1.05,0.0,0.3159,8.0
WRK-03319,0.5101,40.41,0,0.8957,0,0.5655,0.2953,0.8399,2.97,0.0,0.0828,6.54
WRK-03320,0.6694,83.15,0,1.0,0,0.2732,1.0,0.0775,55.37,10.7,0.8095,31.72
WRK-03321,0.6695,103.54,0,0.8997,0,0.7358,0.4576,0.5472,0.35,0.0,0.0865,11.59
WRK-03322,0.648,42.81,0,0.8189,0,0.7516,0.3134,0.5216,6.65,2.0,0.0586,6.22
WRK-03323,0.5008,51.28,0,0.8021,0,0.6856,0.1091,0.5063,0.8,1.0,0.2394,3.4
WRK-03324,0.3182,52.35,0,0.6821,0,0.8033,0.3842,0.7464,3.25,1.0,0.2796,1.58
WRK-03325,0.6945,84.31,1,0.9825,0,0.2119,1.0,0.9244,0.19,7.0,0.0937,18.18
WRK-03326,0.2601,37.09,0,0.5326,0,0.7502,0.4465,0.8553,1.3,0.0,0.24,0.44
WRK-03327,0.5041,45.19,0,0.8268,0,0.5321,0.4179,0.807,1.17,0.0,0.1048,8.17
WRK-03328,0.6269,37.0,0,0.8972,0,0.3297,0.8451,0.7978,2.06,0.0,0.1854,9.02
WRK-03329,0.67,74.46,0,0.9086,0,0.3415,0.801,0.612,1.3,1.0,0.3869,4.86
WRK-03330,0.3894,33.12,0,0.6407,0,0.8933,0.6652,0.8826,2.35,2.0,0.2248,2.82
WRK-03331,0.4087,84.49,1,0.9701,1,0.5746,0.2264,0.8124,0.2,6.0,0.1981,12.65
WRK-03332,0.4186,48.43,0,0.6537,0,0.5298,0.3192,0.6104,2.53,1.0,0.312,0.79
WRK-03333,0.5771,12.43,0,0.725,1,0.426,0.5684,0.5407,1.03,1.0,0.3059,2.71
WRK-03334,0.4872,75.14,1,1.0,1,0.1486,1.0,0.691,4.31,2.0,0.3104,15.57
WRK-03335,0.797,175.48,1,1.0,0,0.2186,1.0,0.8568,4.43,3.0,0.3847,25.08
WRK-03336,0.5332,28.06,0,0.7209,0,0.7576,0.6699,0.6123,1.43,1.0,0.2889,3.01
WRK-03337,0.6367,96.01,0,1.0,0,0.5784,0.2615,0.122,51.27,5.4,0.9879,23.88
WRK-03338,0.6134,142.54,1,1.0,0,0.05,1.0,0.8466,0.95,6.0,0.2379,18.18
WRK-03339,0.4336,53.95,0,0.9052,0,0.5157,0.3867,0.7267,0.58,1.0,0.1125,4.0
WRK-03340,0.3491,68.52,0,1.0,0,0.4256,0.6065,0.8783,1.2,0.0,0.2753,6.99
WRK-03341,0.5022,113.94,1,1.0,0,0.1976,1.0,0.8374,2.96,1.0,0.467,23.87
WRK-03342,0.3932,61.16,0,1.0,0,0.6306,0.2246,0.8126,2.49,1.0,0.0177,0.53
WRK-03343,0.8407,123.12,0,1.0,1,0.5399,1.0,0.8683,2.63,1.0,0.0349,10.69
WRK-03344,0.6284,80.47,0,1.0,1,0.7004,0.5629,0.7977,1.88,0.0,0.1979,11.13
WRK-03345,0.6676,111.06,1,0.8541,0,0.453,0.6907,0.749,1.21,7.0,0.3892,20.94
WRK-03346,0.4089,52.18,0,0.6494,0,0.9069,0.7019,0.691,0.37,2.0,0.0347,2.22
WRK-03347,0.5068,74.09,1,0.9317,1,0.3756,0.8922,0.761,1.7,2.0,0.0924,17.86
WRK-03348,0.6249,16.49,0,0.8433,0,0.785,0.4688,0.8411,0.33,0.0,0.1544,4.75
WRK-03349,0.5462,93.29,1,0.9612,0,0.1984,1.0,0.1995,44.52,5.8,0.9967,28.39
WRK-03350,0.4056,42.66,0,0.6846,0,0.5392,0.3659,0.4501,3.46,2.0,0.0791,0.01
WRK-03351,0.5456,51.36,0,0.7712,0,0.3528,0.9156,0.8122,2.34,1.0,0.3105,0.52
WRK-03352,0.3984,22.17,1,0.5412,1,0.3982,0.746,0.8571,2.79,4.0,0.0677,8.1
WRK-03353,0.6619,108.44,1,1.0,1,0.5464,0.5367,0.8118,0.24,5.0,0.4748,16.08
WRK-03354,0.253,102.14,0,0.8056,0,0.6694,0.0773,0.8688,0.1,1.0,0.0609,7.58
WRK-03355,0.3159,18.89,0,0.6088,0,0.2801,1.0,0.8298,0.4,2.0,0.0435,4.6
WRK-03356,0.6201,91.53,0,0.9471,0,0.3769,0.7055,0.8037,1.06,1.0,0.24,11.09
WRK-03357,0.6582,110.39,0,1.0,0,0.4958,0.4241,0.794,0.84,2.0,0.3153,11.52
WRK-03358,0.4576,17.12,0,0.541,0,0.5907,0.3008,0.9352,4.76,1.0,0.1702,0.0
WRK-03359,0.4529,41.0,0,0.9304,0,0.6104,0.4385,0.5987,0.42,0.0,0.1095,3.88
WRK-03360,0.6741,99.58,0,0.9959,0,0.2847,1.0,0.7686,6.5,2.0,0.3588,10.37
WRK-03361,0.3927,20.8,0,0.5231,0,0.5879,0.268,0.7088,0.18,2.0,0.3658,0.81
WRK-03362,0.4768,67.08,0,0.7969,0,0.6881,0.288,0.5221,3.41,0.0,0.0222,4.24
WRK-03363,0.7093,112.63,1,1.0,0,0.6993,0.1346,0.6985,0.42,6.0,0.4205,19.76
WRK-03364,0.5133,59.89,0,0.7533,0,0.8976,0.8176,0.3196,60.12,5.8,0.7348,30.43
WRK-03365,0.5362,34.77,0,0.9398,0,0.4043,0.6729,0.7361,0.47,0.0,0.1216,5.9
WRK-03366,0.4348,75.31,0,0.8539,0,0.4117,0.6935,0.6436,1.34,1.0,0.3421,4.06
WRK-03367,0.5298,104.71,1,0.9904,1,0.5862,0.1726,0.9197,1.08,4.0,0.4247,18.26
WRK-03368,0.2689,59.22,0,1.0,0,0.8008,0.4502,0.7821,5.1,1.0,0.0672,5.92
WRK-03369,0.7102,70.05,1,0.7579,0,0.6643,0.1765,0.7139,0.29,1.0,0.259,7.34
WRK-03370,0.7545,99.63,1,1.0,0,0.3881,0.802,0.5719,1.47,3.0,0.077,18.85
WRK-03371,0.418,17.22,0,0.4915,1,0.8294,0.8153,0.198,40.82,8.4,0.9317,13.92
WRK-03372,0.508,52.34,0,0.9069,1,0.6364,0.1229,0.4902,2.11,4.0,0.2132,7.84
WRK-03373,0.5992,63.08,1,1.0,0,0.5211,0.491,0.4395,2.83,5.0,0.1466,19.1
WRK-03374,0.6132,84.36,1,0.9975,0,0.5206,0.7156,0.9124,0.19,2.0,0.347,18.24
WRK-03375,0.4337,36.54,0,0.6932,0,0.7133,0.2147,0.8103,2.39,0.0,0.0228,0.7
WRK-03376,0.6976,107.61,0,1.0,0,0.8471,1.0,0.7107,0.88,0.0,0.2701,10.8
WRK-03377,0.7875,134.8,0,1.0,1,0.7838,0.428,0.6585,0.57,4.0,0.0262,13.88
WRK-03378,0.6246,92.71,1,1.0,1,0.1995,1.0,0.4066,1.43,3.0,0.3965,18.7
WRK-03379,0.3977,28.89,0,0.563,0,1.0,0.928,0.7393,0.92,0.0,0.0567,2.29
WRK-03380,0.5601,88.37,0,0.8618,0,0.46,0.8462,0.5555,1.94,3.0,0.3099,10.49
WRK-03381,0.5742,52.07,0,0.7891,0,0.4416,0.6492,0.8661,0.31,1.0,0.1552,4.38
WRK-03382,0.4837,65.79,0,0.9196,1,0.2868,1.0,0.193,29.22,5.2,0.7683,21.64
WRK-03383,0.4162,9.46,0,0.5007,0,0.377,0.6856,0.697,2.21,0.0,0.2035,3.23
WRK-03384,0.6293,9.09,0,0.5064,0,0.5672,0.433,0.6626,0.95,3.0,0.2028,2.36
WRK-03385,0.476,73.68,0,0.7178,1,0.9532,0.9903,0.9064,1.06,0.0,0.3149,5.37
WRK-03386,0.4458,62.15,0,0.8931,0,0.464,0.4919,0.7678,0.76,1.0,0.3165,5.08
WRK-03387,0.4343,75.17,0,0.8822,0,0.7383,0.5763,0.2524,130.94,6.2,0.8176,15.68
WRK-03388,0.322,77.37,0,0.9085,0,0.1492,1.0,0.7809,1.51,0.0,0.2077,7.0
WRK-03389,0.4483,83.78,0,1.0,0,0.2466,1.0,0.6169,1.85,0.0,0.3542,9.28
WRK-03390,0.3678,68.23,0,0.6908,0,0.3148,0.9667,0.5767,0.69,0.0,0.1292,0.17
WRK-03391,0.433,70.21,0,1.0,0,0.4958,0.6418,0.8518,0.49,1.0,0.249,4.57
WRK-03392,0.5385,109.0,0,0.8978,1,0.8127,0.5124,0.7233,1.14,1.0,0.1947,12.16
WRK-03393,0.5774,65.99,0,0.8968,0,0.2936,1.0,0.786,0.88,0.0,0.3997,6.01
WRK-03394,0.5739,26.79,1,0.7319,0,0.3238,0.9218,0.4529,2.9,2.0,0.2408,11.27
WRK-03395,0.462,83.99,0,1.0,0,0.7591,0.275,0.4212,1.15,2.0,0.1581,9.76
WRK-03396,0.5106,57.27,0,0.7957,0,0.6328,0.4118,0.5734,1.76,1.0,0.3429,2.84
WRK-03397,0.7177,77.97,1,0.9341,0,0.1725,1.0,0.825,0.98,3.0,0.2973,17.64
WRK-03398,0.4021,1.79,0,0.5258,0,0.6248,0.073,0.9018,1.38,0.0,0.0597,0.0
WRK-03399,0.7748,82.59,1,1.0,1,0.3511,0.7893,0.7621,3.08,4.0,0.2663,19.62
WRK-03400,0.4107,38.12,0,0.6987,0,0.5747,0.3696,0.6509,1.39,2.0,0.2571,3.31
WRK-03401,0.5036,75.45,1,0.8931,0,0.3064,0.8909,0.7847,0.47,0.0,0.3352,19.61
WRK-03402,0.4402,29.5,0,0.7322,1,0.8612,0.5583,0.1845,59.43,6.1,0.6779,13.1
WRK-03403,0.563,38.02,1,0.7759,0,0.1658,1.0,0.8863,0.11,2.0,0.2124,11.42
WRK-03404,0.3624,23.85,0,0.4244,0,0.8403,0.7062,0.8764,0.04,0.0,0.1933,3.53
WRK-03405,0.8024,87.29,0,0.7881,0,0.93,1.0,0.712,4.64,3.0,0.0884,11.31
WRK-03406,0.4418,71.12,0,0.9183,0,0.2191,1.0,0.7099,0.34,0.0,0.2066,5.6
WRK-03407,0.5113,90.51,1,1.0,0,0.05,1.0,0.5388,0.73,2.0,0.3265,17.59
WRK-03408,0.4331,57.63,0,0.6168,0,0.7999,0.4078,0.5278,4.51,1.0,0.2584,2.05
WRK-03409,0.3512,45.17,0,0.6522,0,0.8151,0.4558,0.8027,0.32,0.0,0.0453,1.86
WRK-03410,0.6154,63.82,0,0.9099,0,0.4261,0.5726,0.8692,0.48,1.0,0.1225,7.55
WRK-03411,0.6917,101.24,1,1.0,0,0.6737,0.0894,0.7602,2.65,3.0,0.3333,13.77
WRK-03412,0.3406,2.67,0,0.4582,0,0.3984,0.7514,0.8385,0.0,2.0,0.2559,2.08
WRK-03413,0.4333,37.44,0,0.8194,0,0.3265,0.9704,0.4825,4.35,1.0,0.0692,4.71
WRK-03414,0.6679,109.9,1,1.0,0,0.05,1.0,0.7406,0.35,3.0,0.2693,21.22
WRK-03415,0.6713,68.18,0,0.9521,0,0.8076,0.3954,0.7955,4.59,1.0,0.0603,7.81
WRK-03416,0.7813,87.37,0,0.9259,0,0.2003,1.0,0.7782,0.49,4.0,0.0654,8.07
WRK-03417,0.6944,106.75,1,1.0,0,0.3907,0.7133,0.6729,0.08,2.0,0.4134,18.54
WRK-03418,0.172,19.25,0,0.5346,0,0.9501,0.7885,0.867,0.28,0.0,0.3057,1.36
WRK-03419,0.7713,159.12,0,1.0,1,0.2158,1.0,0.6729,0.65,0.0,0.0588,13.03
WRK-03420,0.4353,51.54,1,0.9894,0,0.0719,1.0,0.7305,3.32,1.0,0.2786,10.97
WRK-03421,0.6862,88.59,0,0.9777,0,0.809,0.4498,0.8424,1.31,4.0,0.3557,8.32
WRK-03422,0.4489,58.61,0,0.6439,0,0.4019,0.8537,0.8051,1.49,2.0,0.3529,1.81
WRK-03423,0.6346,97.55,1,0.9417,0,0.2197,1.0,0.4573,0.97,4.0,0.0051,17.85
WRK-03424,0.6718,97.43,0,0.8982,0,0.6045,0.1584,0.7982,0.47,3.0,0.1426,8.62
WRK-03425,0.6482,102.93,1,1.0,1,0.4167,1.0,0.893,1.27,7.0,0.3256,14.63
WRK-03426,0.4876,22.05,0,0.5041,0,0.4461,0.7056,0.6458,0.74,2.0,0.2001,1.76
WRK-03427,0.6784,73.5,1,0.8744,0,0.5158,0.3444,0.6438,5.44,4.0,0.372,13.43
WRK-03428,0.4668,0.0,0,0.4515,0,0.8758,0.7168,0.3325,71.22,5.0,0.6208,16.4
WRK-03429,0.5252,64.16,0,0.7044,1,0.3653,0.7527,0.5504,1.09,1.0,0.3018,2.42
WRK-03430,0.5334,37.11,1,0.87,0,0.056,1.0,0.7284,2.64,2.0,0.0946,11.01
WRK-03431,0.4071,39.93,0,0.8559,0,0.6648,0.3335,0.5274,0.29,0.0,0.2426,8.08
WRK-03432,0.5393,112.4,0,0.9455,0,0.4106,0.696,0.7689,3.53,2.0,0.2262,12.31
WRK-03433,0.5134,30.62,0,0.8264,0,0.7215,0.3484,0.9005,0.26,0.0,0.0788,4.24
WRK-03434,0.5373,66.53,0,0.983,1,0.2369,1.0,0.665,0.72,1.0,0.0309,7.96
WRK-03435,0.4722,33.95,0,0.8408,0,0.9229,0.831,0.7925,2.01,0.0,0.2593,5.98
WRK-03436,0.5552,81.48,0,0.9186,0,0.1219,1.0,0.7902,0.81,0.0,0.0427,11.13
WRK-03437,0.6381,91.65,0,1.0,0,0.4147,0.8894,0.6152,1.93,3.0,0.0092,10.3
WRK-03438,0.3234,43.81,1,0.6881,0,0.5352,0.4076,0.8662,1.05,2.0,0.3316,7.02
WRK-03439,0.4717,6.21,0,0.6635,0,1.0,0.9085,0.6531,2.74,0.0,0.0441,3.89
WRK-03440,0.4595,50.09,0,0.7383,0,0.3979,0.8217,0.7706,0.49,0.0,0.3739,2.68
WRK-03441,0.3464,39.92,0,0.5029,0,0.6904,0.3881,0.7537,2.04,0.0,0.1611,3.72
WRK-03442,0.7164,84.49,1,1.0,0,0.05,1.0,0.7804,2.27,6.0,0.3379,18.27
WRK-03443,0.5759,98.36,1,1.0,0,0.2084,1.0,0.7497,0.18,4.0,0.34,19.32
WRK-03444,0.5489,41.38,0,0.9887,0,0.2792,1.0,0.827,0.58,1.0,0.1013,6.97
WRK-03445,0.2934,23.35,0,0.5667,1,0.8704,1.0,0.5609,0.63,1.0,0.0345,4.53
WRK-03446,0.3684,55.62,0,0.6542,1,0.5766,0.2766,0.8044,1.14,1.0,0.0877,1.3
WRK-03447,0.554,76.77,0,1.0,0,0.8001,0.3935,0.6366,0.27,1.0,0.2976,5.12
WRK-03448,0.6703,83.9,0,1.0,0,0.1752,1.0,0.7972,6.78,3.0,0.2527,12.86
WRK-03449,0.5314,88.16,0,1.0,1,0.6429,0.1905,0.7943,0.08,2.0,0.3114,8.64
WRK-03450,0.7481,72.36,0,0.7935,1,0.653,0.068,0.8461,3.14,2.0,0.1577,2.02
WRK-03451,0.6794,124.11,0,0.8207,0,0.816,0.4708,0.6913,2.35,1.0,0.2749,10.17
WRK-03452,0.6766,123.03,1,1.0,0,0.6493,0.01,0.8342,1.03,4.0,0.5872,19.48
WRK-03453,0.7397,77.09,0,0.8089,0,1.0,1.0,0.85,0.15,1.0,0.0439,9.05
WRK-03454,0.4666,65.73,1,0.9906,0,0.4997,0.4356,0.7271,1.25,3.0,0.2387,15.22
WRK-03455,0.3567,32.81,1,0.6794,0,0.2152,1.0,0.8982,0.09,1.0,0.0414,14.02
WRK-03456,0.5978,65.91,0,0.8305,0,0.8269,0.4611,0.7434,2.59,1.0,0.3791,3.13
WRK-03457,0.4486,50.75,0,0.6898,0,0.96,1.0,0.7621,3.85,1.0,0.1039,0.5
WRK-03458,0.7135,101.11,0,1.0,0,0.4355,1.0,0.776,3.61,4.0,0.0552,12.53
WRK-03459,0.4176,86.92,0,0.8507,0,0.3418,0.7863,0.3982,5.61,3.0,0.0058,7.27
WRK-03460,0.7744,110.07,0,0.7958,0,0.698,0.2198,0.0937,88.09,5.6,0.8368,17.42
WRK-03461,0.638,94.17,1,0.9761,0,0.4224,0.6681,0.2402,30.39,6.3,0.8252,35.08
WRK-03462,0.2564,22.65,0,0.5319,0,0.5325,0.6181,0.775,0.28,1.0,0.1523,2.94
WRK-03463,0.3957,52.05,1,0.6551,0,0.3372,0.8179,0.7875,0.29,1.0,0.1358,10.17
WRK-03464,0.8261,95.15,0,1.0,0,0.4019,0.9441,0.8283,2.8,0.0,0.1764,10.7
WRK-03465,0.5466,87.8,1,1.0,1,0.4332,0.6844,0.0972,64.31,10.2,0.6658,27.3
WRK-03466,0.3796,49.54,1,0.7023,0,0.1853,1.0,0.6685,0.76,1.0,0.0649,10.42
WRK-03467,0.7599,86.39,0,1.0,1,0.7846,0.4494,0.7679,0.39,0.0,0.1071,11.22
WRK-03468,0.5398,73.51,1,1.0,0,0.3534,0.8424,0.7392,0.55,2.0,0.0526,15.51
WRK-03469,0.6287,99.58,1,0.905,0,0.05,1.0,0.7644,0.3,6.0,0.3568,19.56
WRK-03470,0.4367,44.3,0,0.4966,0,0.7758,0.339,0.3012,48.56,4.8,0.9676,20.87
WRK-03471,0.5763,28.61,0,0.8455,0,0.5161,0.3354,0.8131,2.15,0.0,0.0894,7.11
WRK-03472,0.3334,93.01,0,0.8795,0,0.6914,0.1881,0.6915,0.71,3.0,0.3854,6.15
WRK-03473,0.4004,62.86,0,0.7224,0,0.9377,1.0,0.8197,4.14,1.0,0.0063,4.76
WRK-03474,0.4047,28.08,0,0.6371,1,0.6593,0.0292,0.8693,0.13,0.0,0.2835,1.2
WRK-03475,0.345,53.72,0,0.931,0,0.2651,1.0,0.8855,5.18,0.0,0.0104,2.94
WRK-03476,0.5349,38.52,0,0.8379,0,0.6769,0.1994,0.8097,0.71,2.0,0.3266,5.01
WRK-03477,0.6258,92.22,0,0.903,0,0.519,0.4102,0.9036,4.55,3.0,0.3941,7.59
WRK-03478,0.7322,72.03,0,0.9719,0,0.4144,0.7968,0.6628,5.72,0.0,0.3798,8.84
WRK-03479,0.5324,97.06,0,0.8683,0,0.7459,0.4211,0.6084,4.32,2.0,0.3283,10.06
WRK-03480,0.4195,67.51,0,0.9673,0,0.3755,0.7717,0.7625,0.49,0.0,0.0579,6.9
WRK-03481,0.4115,36.21,0,0.6685,0,0.8875,0.6065,0.7394,1.12,1.0,0.3586,3.34
WRK-03482,0.6268,26.59,0,0.8936,1,0.3665,1.0,0.6082,0.46,1.0,0.0795,8.01
WRK-03483,0.4465,67.73,0,0.7641,0,0.6936,0.1253,0.0767,63.49,9.2,0.788,16.19
WRK-03484,0.6937,39.47,0,0.9754,0,0.2954,1.0,0.6468,0.47,2.0,0.383,9.84
WRK-03485,0.733,85.4,1,1.0,0,0.0847,1.0,0.6298,0.71,5.0,0.166,16.4
WRK-03486,0.6872,112.29,0,1.0,0,0.4567,0.5154,0.8091,3.0,2.0,0.0281,11.51
WRK-03487,0.4992,79.3,0,1.0,0,0.6758,0.179,0.6891,0.6,1.0,0.2425,6.69
WRK-03488,0.3517,10.99,0,0.6349,0,1.0,1.0,0.7708,5.6,2.0,0.3698,4.66
WRK-03489,0.7488,85.68,0,0.9314,0,0.168,1.0,0.7882,0.78,0.0,0.2545,11.77
WRK-03490,0.2934,44.82,0,0.6108,0,0.9937,0.8833,0.4912,1.1,0.0,0.0842,2.33
WRK-03491,0.6541,98.17,0,1.0,0,0.3861,0.7399,0.6258,11.7,3.0,0.0979,11.58
WRK-03492,0.4365,45.93,0,0.6279,1,0.9018,0.6623,0.6819,0.69,1.0,0.3439,2.03
WRK-03493,0.5781,66.53,0,1.0,0,0.0541,1.0,0.8086,0.03,1.0,0.1029,8.26
WRK-03494,0.2238,35.75,0,0.5942,0,0.6294,0.0962,0.7072,0.74,1.0,0.3844,0.0
WRK-03495,0.49,26.06,0,0.608,0,0.7837,0.3935,0.5154,3.7,2.0,0.3007,0.04
WRK-03496,0.6388,58.53,0,0.7325,0,0.5608,0.3541,0.1528,59.39,8.5,0.851,15.01
WRK-03497,0.5693,158.37,0,1.0,1,0.8129,0.4788,0.8139,1.03,4.0,0.1774,7.39
WRK-03498,0.4399,81.99,1,0.8325,0,0.7708,0.382,0.9215,2.03,6.0,0.3481,16.6
WRK-03499,0.5976,135.92,1,1.0,0,0.206,1.0,0.8062,1.11,5.0,0.1367,21.23
WRK-03500,0.6784,86.81,1,0.7895,0,0.0525,1.0,0.1089,35.36,5.4,0.9592,40.7
WRK-03501,0.7147,104.95,0,1.0,0,0.2545,0.9926,0.9177,0.36,0.0,0.0356,13.01
WRK-03502,0.4507,38.59,0,0.728,0,0.2951,1.0,0.3069,47.79,6.6,0.8134,21.89
WRK-03503,0.436,75.86,0,1.0,0,0.6724,0.0837,0.8663,1.14,0.0,0.1563,5.42
WRK-03504,0.4614,29.7,0,0.6364,0,0.3899,1.0,0.7357,1.43,0.0,0.3523,2.95
WRK-03505,0.687,92.61,1,1.0,0,0.3484,0.7791,0.7829,0.74,2.0,0.0542,22.46
WRK-03506,0.3827,11.05,0,0.6352,0,0.4965,0.4654,0.0542,75.21,3.2,0.9134,18.88
WRK-03507,0.4685,73.84,0,0.8524,0,0.7501,0.3322,0.8051,2.32,1.0,0.0607,3.45
WRK-03508,0.3869,55.88,0,0.8002,1,0.4765,0.4393,0.6521,2.78,1.0,0.2198,0.94
WRK-03509,0.7921,124.22,0,1.0,0,0.5947,0.3549,0.109,48.25,6.1,0.905,19.6
WRK-03510,0.4303,53.45,0,0.9336,0,0.5956,0.2832,0.8448,1.24,1.0,0.1779,6.29
WRK-03511,0.3104,25.87,0,0.5947,0,0.5578,0.3461,0.3486,78.47,8.6,0.8177,14.35
WRK-03512,0.6066,79.78,1,0.9771,0,0.4455,0.5586,0.6319,5.95,4.0,0.2839,16.86
WRK-03513,0.636,41.5,0,0.8831,0,0.275,0.9998,0.6603,0.32,1.0,0.0168,8.06
WRK-03514,0.5394,24.86,0,0.7931,0,0.8435,0.4912,0.7822,1.22,1.0,0.1322,0.0
WRK-03515,0.4244,84.01,1,1.0,0,0.05,1.0,0.7641,3.84,2.0,0.164,16.13
WRK-03516,0.4541,8.09,0,0.433,0,0.3754,0.813,0.7565,4.32,1.0,0.3106,2.33
WRK-03517,0.7214,50.11,0,0.9495,0,0.857,0.6183,0.1459,30.23,5.5,0.976,26.2
WRK-03518,0.3968,6.59,0,0.4049,0,0.5055,0.3755,0.7733,1.28,2.0,0.0921,2.53
WRK-03519,0.4987,23.32,1,0.5547,0,0.2771,1.0,0.8721,1.81,4.0,0.2677,20.09
WRK-03520,0.4629,17.05,0,0.6057,0,0.3071,0.9608,0.7596,0.96,1.0,0.3548,4.38
WRK-03521,0.4015,58.73,0,0.7994,1,0.8069,0.5483,0.7084,1.26,0.0,0.2566,2.78
WRK-03522,0.4821,65.8,0,1.0,0,0.7454,0.2987,0.7561,3.46,1.0,0.1765,4.32
WRK-03523,0.3474,79.95,0,0.7028,0,0.3345,0.7918,0.7088,0.33,0.0,0.2366,2.28
WRK-03524,0.5336,38.31,0,0.8612,0,0.5232,0.5043,0.9371,3.74,0.0,0.0004,6.43
WRK-03525,0.4299,47.45,1,0.9419,0,0.5156,0.5529,0.7343,0.18,1.0,0.2945,11.28
WRK-03526,0.5178,63.04,0,0.9776,0,0.6848,0.1783,0.8155,0.97,0.0,0.2301,5.21
WRK-03527,0.49,27.11,0,0.79,0,0.8553,0.5195,0.7917,0.08,1.0,0.181,3.19
WRK-03528,0.697,89.43,0,0.9282,0,0.2328,1.0,0.6116,0.88,3.0,0.0986,10.05
WRK-03529,0.5926,27.81,0,0.7227,1,0.5205,0.3626,0.896,2.02,1.0,0.2636,3.69
WRK-03530,0.7104,109.12,0,1.0,0,0.4803,1.0,0.9096,1.22,4.0,0.1293,11.53
WRK-03531,0.5309,100.91,1,0.9614,1,0.3501,0.8866,0.8856,1.52,2.0,0.43,20.47
WRK-03532,0.6603,105.65,1,1.0,0,0.4718,0.6817,0.6171,2.9,3.0,0.3301,22.16
WRK-03533,0.5984,92.06,0,1.0,0,0.786,0.3937,0.68,0.55,1.0,0.0007,9.58
WRK-03534,0.3995,26.07,0,0.6416,0,0.8401,0.567,0.7085,0.72,1.0,0.0941,4.02
WRK-03535,0.7603,169.73,1,1.0,0,0.3318,0.9414,0.5934,0.21,6.0,0.4374,19.44
WRK-03536,0.7405,128.37,1,1.0,1,0.3806,0.6783,0.2361,61.02,11.6,0.972,30.56
WRK-03537,0.657,100.41,1,1.0,0,0.05,1.0,0.889,3.86,6.0,0.4291,15.82
WRK-03538,0.5697,23.25,0,0.77,1,0.5217,0.5314,0.7999,1.18,0.0,0.1369,4.1
WRK-03539,0.6124,140.85,0,1.0,0,0.2779,0.9363,0.6132,1.9,1.0,0.2168,9.71
WRK-03540,0.3589,68.29,0,0.7796,0,0.7621,0.2844,0.7555,0.92,0.0,0.1714,0.97
WRK-03541,0.4594,52.57,0,0.7813,0,0.8461,0.5631,0.7296,4.0,1.0,0.0048,2.59
WRK-03542,0.7154,118.13,0,1.0,0,0.851,0.5837,0.5796,0.15,2.0,0.2402,13.41
WRK-03543,0.7959,96.9,0,1.0,0,0.4715,0.7813,0.6607,7.11,0.0,0.1817,13.18
WRK-03544,0.4013,51.13,0,0.7136,0,0.3158,0.8379,0.5298,0.52,1.0,0.1448,1.12
WRK-03545,0.8143,107.2,1,1.0,0,0.05,1.0,0.5532,0.41,6.0,0.3848,24.91
WRK-03546,0.3605,33.88,0,0.5201,0,0.8396,0.5129,0.6404,3.94,1.0,0.3035,0.94
WRK-03547,0.7323,47.57,0,0.7885,0,0.4271,0.6303,0.8941,3.45,0.0,0.2976,3.9
WRK-03548,0.3391,0.0,0,0.4933,0,0.5613,0.3262,0.8278,3.33,1.0,0.1956,0.63
WRK-03549,0.4621,39.65,0,0.8587,0,0.2736,1.0,0.5844,1.44,1.0,0.2429,9.81
WRK-03550,0.2063,50.64,0,0.891,0,0.7817,0.6065,0.8153,0.21,0.0,0.2186,7.7
WRK-03551,0.6558,115.2,0,1.0,0,0.4033,0.7675,0.6121,0.49,1.0,0.1108,12.47
WRK-03552,0.6573,84.2,1,0.8854,1,0.2604,1.0,0.3114,31.42,7.0,0.6675,33.8
WRK-03553,0.3472,20.17,0,0.7249,1,0.7701,0.3239,0.1277,27.61,4.7,0.9509,20.26
WRK-03554,0.5405,60.51,0,0.6918,0,0.7738,0.7743,0.8562,2.76,1.0,0.3791,7.27
WRK-03555,0.587,90.96,0,0.9893,0,0.586,0.273,0.7955,1.03,4.0,0.3915,7.95
WRK-03556,0.6349,87.25,0,0.9188,0,0.1209,1.0,0.824,5.37,5.0,0.1741,11.97
WRK-03557,0.3276,56.52,0,0.6826,0,0.5068,0.3899,0.7302,0.59,0.0,0.1422,2.41
WRK-03558,0.4349,60.91,0,1.0,0,0.2992,1.0,0.8548,4.18,2.0,0.1459,3.08
WRK-03559,0.6325,64.05,0,1.0,1,0.7951,0.4441,0.6081,4.06,0.0,0.2398,4.29
WRK-03560,0.7982,82.07,1,0.9663,0,0.1849,1.0,0.5475,1.38,2.0,0.1335,13.7
WRK-03561,0.6639,115.45,0,1.0,1,0.4237,0.5749,0.7592,4.45,1.0,0.0651,10.08
WRK-03562,0.4922,27.84,0,0.6695,0,0.3831,1.0,0.5888,5.79,1.0,0.1114,1.2
WRK-03563,0.5874,88.6,0,0.9401,0,0.4553,0.8147,0.1238,113.9,8.6,0.6918,30.02
WRK-03564,0.5545,62.69,1,0.6884,0,0.1534,1.0,0.7431,0.26,2.0,0.1141,13.17
WRK-03565,0.5397,39.99,0,0.7631,0,0.8029,0.4473,0.7851,1.84,0.0,0.1101,1.9
WRK-03566,0.4715,45.02,0,0.9279,0,0.7613,0.3233,0.1529,59.21,8.3,0.9183,26.96
WRK-03567,0.5683,85.98,1,0.8592,0,0.2866,1.0,0.9172,2.17,4.0,0.2095,16.43
WRK-03568,0.4455,49.37,0,0.8471,1,1.0,1.0,0.8888,2.47,0.0,0.2399,9.64
WRK-03569,0.4637,52.33,0,0.8386,0,0.231,1.0,0.8425,1.0,1.0,0.3764,3.05
WRK-03570,0.5939,34.41,0,0.7119,1,0.5357,0.3038,0.5753,0.75,0.0,0.0912,0.49
WRK-03571,0.2847,34.24,1,0.7617,0,0.1912,1.0,0.2437,53.25,9.1,0.8111,21.41
WRK-03572,0.4243,78.71,0,0.8635,0,0.3917,0.7468,0.8641,6.85,0.0,0.2719,3.65
WRK-03573,0.5295,62.75,0,0.7324,0,0.5976,0.1698,0.8945,0.8,2.0,0.167,2.36
WRK-03574,0.4626,55.85,0,0.9817,0,0.602,0.2837,0.685,1.73,0.0,0.3256,5.45
WRK-03575,0.4992,29.11,0,0.6262,0,0.9043,0.7807,0.8032,2.88,1.0,0.3706,4.77
WRK-03576,0.4519,30.71,0,0.6069,0,0.964,0.8217,0.7776,0.63,1.0,0.3074,2.21
WRK-03577,0.3133,27.23,0,0.5958,0,0.4619,0.4981,0.8796,1.11,1.0,0.1467,4.51
WRK-03578,0.4266,83.24,1,0.8548,0,0.421,0.6544,0.4869,2.14,3.0,0.1368,18.34
WRK-03579,0.3697,21.31,0,0.7015,1,0.8731,0.7509,0.8795,4.83,0.0,0.1866,1.57
WRK-03580,0.6438,111.6,1,1.0,0,0.2876,0.9197,0.7372,1.84,2.0,0.4256,19.96
WRK-03581,0.3024,16.5,0,0.5896,0,0.7362,0.32,0.8579,2.56,1.0,0.2081,1.26
WRK-03582,0.5705,57.03,1,0.7596,0,0.6169,0.1632,0.6564,0.59,3.0,0.2018,12.71
WRK-03583,0.4718,52.89,0,0.891,1,0.1694,1.0,0.7352,2.2,0.0,0.3898,8.84
WRK-03584,0.5663,71.45,0,0.9422,0,0.6012,0.4931,0.6999,0.09,0.0,0.1025,5.06
WRK-03585,0.4151,61.47,0,0.644,0,0.6229,0.1665,0.7584,1.02,1.0,0.2064,2.1
WRK-03586,0.5479,30.16,0,0.8677,0,0.3992,0.6955,0.4618,1.16,2.0,0.0985,7.55
WRK-03587,0.7249,85.2,0,0.804,1,1.0,1.0,0.8756,4.68,1.0,0.2188,8.69
WRK-03588,0.3521,59.95,0,0.8112,0,0.2533,1.0,0.6289,1.43,0.0,0.2737,8.8
WRK-03589,0.4454,59.41,1,0.647,0,0.7617,0.3266,0.1166,40.91,6.5,0.6962,22.02
WRK-03590,0.2163,26.86,0,0.6247,0,0.7426,0.3333,0.7481,0.34,1.0,0.0678,1.3
WRK-03591,0.7552,107.32,1,1.0,1,0.05,1.0,0.5649,0.58,3.0,0.3466,16.24
WRK-03592,0.2825,60.73,0,0.9823,0,0.2479,1.0,0.4121,4.34,1.0,0.1736,7.41
WRK-03593,0.3619,12.11,0,0.4632,0,0.8179,0.5653,0.5952,1.81,0.0,0.3223,4.07
WRK-03594,0.7183,103.05,1,1.0,0,0.0961,1.0,0.6732,2.88,2.0,0.4958,21.1
WRK-03595,0.5998,42.53,0,0.9348,0,0.2141,1.0,0.837,0.34,0.0,0.0706,7.13
WRK-03596,0.3761,85.9,1,1.0,0,0.3443,1.0,0.6765,1.05,2.0,0.1127,18.54
WRK-03597,0.3864,54.29,0,1.0,0,0.8941,0.7889,0.9148,1.06,1.0,0.2217,6.52
WRK-03598,0.5949,154.74,1,1.0,0,0.251,1.0,0.6284,0.04,2.0,0.4309,18.7
WRK-03599,0.4949,63.93,0,0.935,0,0.4345,0.7118,0.8786,3.02,2.0,0.112,3.92
WRK-03600,0.4874,121.75,0,1.0,0,0.694,0.2455,0.7287,3.12,2.0,0.1466,9.37
WRK-03601,0.6789,62.25,0,0.8127,0,0.7476,0.7021,0.7015,0.18,0.0,0.0722,5.99
WRK-03602,0.6749,117.16,1,0.8423,0,0.2506,1.0,0.9265,0.77,6.0,0.4962,23.54
WRK-03603,0.5274,40.95,0,0.8416,0,0.6504,0.1692,0.7017,2.46,3.0,0.0948,5.1
WRK-03604,0.692,69.94,0,0.7743,0,0.5503,0.3121,0.6025,4.74,0.0,0.3588,3.12
WRK-03605,0.3979,0.0,1,0.4015,0,0.1715,1.0,0.5722,2.57,3.0,0.2883,12.33
WRK-03606,0.5067,32.28,0,0.8269,0,0.4848,0.4221,0.8288,2.09,0.0,0.2702,3.12
WRK-03607,0.3251,60.58,0,1.0,1,0.5407,0.5526,0.7064,4.33,1.0,0.1735,4.62
WRK-03608,0.4107,65.84,0,0.6807,0,0.4341,0.721,0.7689,0.69,2.0,0.2849,3.48
WRK-03609,0.5738,86.28,0,1.0,0,0.752,0.3228,0.3244,74.83,9.8,0.7151,26.05
WRK-03610,0.3537,40.76,0,0.6631,0,0.5866,0.2643,0.4403,0.02,1.0,0.2574,4.43
WRK-03611,0.6883,133.68,1,1.0,0,0.05,1.0,0.5344,4.65,2.0,0.4082,17.35
WRK-03612,0.5134,57.96,0,0.7274,0,1.0,0.9977,0.583,1.13,1.0,0.1748,0.78
WRK-03613,0.647,73.46,1,1.0,0,0.525,0.3716,0.7499,1.95,1.0,0.0201,6.12
WRK-03614,0.7643,101.86,1,0.9336,0,0.3947,0.7835,0.907,1.04,2.0,0.2314,17.96
WRK-03615,0.3344,47.79,0,0.8473,0,0.8925,0.6648,0.6825,1.1,0.0,0.1466,6.65
WRK-03616,0.6996,131.77,0,0.996,1,0.596,0.2324,0.6516,1.73,3.0,0.2342,11.23
WRK-03617,0.7152,114.29,1,1.0,0,0.05,1.0,0.8186,1.74,3.0,0.5218,12.47
WRK-03618,0.7783,79.09,0,0.8551,0,0.5769,0.2447,0.6354,4.05,1.0,0.0501,5.4
WRK-03619,0.6368,74.94,1,0.8039,0,0.364,0.7544,0.6258,5.44,1.0,0.2724,16.47
WRK-03620,0.7007,112.4,0,1.0,0,0.8552,0.663,0.6924,2.74,0.0,0.0958,11.45
WRK-03621,0.4647,0.0,0,0.5677,0,0.6152,0.2271,0.6674,3.53,3.0,0.1715,2.9
WRK-03622,0.5426,35.66,0,0.8698,0,0.6716,0.3841,0.7487,1.21,0.0,0.3179,4.44
WRK-03623,0.3913,68.97,0,0.9035,0,0.2005,1.0,0.1677,115.61,8.3,0.6864,10.74
WRK-03624,0.8841,105.72,1,1.0,1,0.3115,1.0,0.8037,2.08,6.0,0.4438,21.89
WRK-03625,0.3637,52.38,0,0.7994,0,0.3543,1.0,0.5258,2.11,1.0,0.3094,4.01
WRK-03626,0.3948,48.27,0,0.576,0,0.5776,0.199,0.8471,0.29,0.0,0.2824,1.16
WRK-03627,0.4777,57.41,0,0.7867,0,0.6827,0.2678,0.6019,0.01,2.0,0.1452,2.59
WRK-03628,0.5714,20.16,1,0.8601,1,0.4428,0.8885,0.7793,0.76,3.0,0.3087,9.35
WRK-03629,0.4348,67.58,1,0.6744,0,0.4714,0.5375,0.1438,51.88,6.2,0.9535,23.01
WRK-03630,0.4352,54.24,1,0.7855,0,0.1687,1.0,0.7117,1.14,5.0,0.2843,8.21
WRK-03631,0.6612,74.16,0,0.8185,0,0.8185,0.4729,0.8984,0.79,2.0,0.0638,6.18
WRK-03632,0.5607,80.9,0,0.9861,0,0.1543,1.0,0.8554,0.37,4.0,0.0698,12.34
WRK-03633,0.892,128.41,1,1.0,0,0.5591,0.3667,0.6145,0.84,4.0,0.1674,19.95
WRK-03634,0.4324,54.95,0,0.8482,0,0.7929,0.7581,0.7386,0.23,0.0,0.2647,6.68
WRK-03635,0.4278,19.91,0,0.5403,0,0.8165,0.8041,0.5515,5.84,0.0,0.3422,1.97
WRK-03636,0.6532,86.48,0,0.8602,0,0.8053,0.6486,0.7482,0.24,1.0,0.095,9.95
WRK-03637,0.6216,75.01,0,0.8672,1,0.3736,0.7102,0.8634,1.38,1.0,0.1683,9.29
WRK-03638,0.6436,92.81,0,0.9984,0,0.5462,0.5335,0.6178,0.09,2.0,0.1344,10.41
WRK-03639,0.596,98.12,0,1.0,0,0.6231,0.6525,0.1416,15.27,5.1,0.6088,26.25
WRK-03640,0.6372,62.32,0,0.9718,0,0.7141,0.2635,0.7879,0.26,0.0,0.1513,4.01
WRK-03641,0.3674,47.69,0,0.7101,0,0.7764,0.45,0.6055,0.36,0.0,0.0651,2.41
WRK-03642,0.4737,18.24,0,0.4439,0,0.9002,0.7302,0.7767,1.22,0.0,0.3157,4.15
WRK-03643,0.2843,27.32,0,0.584,0,0.7073,0.2614,0.6895,1.53,0.0,0.2005,0.0
WRK-03644,0.6338,76.48,0,0.8832,0,0.7887,0.4049,0.7547,1.36,1.0,0.1406,9.22
WRK-03645,0.3081,14.7,0,0.4306,0,0.7395,0.7664,0.6266,1.34,2.0,0.303,2.93
WRK-03646,0.7654,130.39,0,1.0,0,0.6482,0.0363,0.5267,1.07,4.0,0.1901,12.33
WRK-03647,0.3304,32.84,0,0.6919,0,0.5214,0.4431,0.5895,0.7,0.0,0.3578,0.73
WRK-03648,0.695,78.87,1,1.0,0,0.2448,1.0,0.7083,0.17,1.0,0.1545,14.18
WRK-03649,0.4576,15.07,1,0.632,1,0.7854,0.4336,0.9299,5.48,3.0,0.1567,12.08
WRK-03650,0.3883,53.77,0,0.9024,1,0.8068,0.4223,0.71,4.46,0.0,0.1439,7.41
WRK-03651,0.6099,99.93,0,1.0,1,0.5754,0.4039,0.5829,0.66,1.0,0.0575,8.44
WRK-03652,0.6109,83.72,0,1.0,0,0.4887,0.6794,0.7329,1.85,3.0,0.0136,9.72
WRK-03653,0.7488,103.99,1,0.9135,0,0.05,1.0,0.7436,2.31,5.0,0.2942,17.19
WRK-03654,0.5492,107.28,1,1.0,0,0.056,1.0,0.8429,4.47,4.0,0.6246,21.76
WRK-03655,0.4314,53.41,0,0.639,0,0.3867,0.7676,0.5961,1.2,1.0,0.0215,1.46
WRK-03656,0.6891,143.2,0,1.0,0,0.8859,0.617,0.8471,3.18,1.0,0.1254,9.9
WRK-03657,0.6802,84.83,0,1.0,0,0.3681,0.8269,0.4741,3.74,2.0,0.045,11.61
WRK-03658,0.4177,27.01,0,0.5182,0,0.6074,0.183,0.91,0.33,0.0,0.3681,2.97
WRK-03659,0.4053,109.86,0,1.0,0,0.6071,0.1409,0.6151,0.54,0.0,0.0512,12.15
WRK-03660,0.602,73.39,1,0.9067,0,0.4618,0.5056,0.9158,0.81,4.0,0.1436,14.3
WRK-03661,0.7072,83.89,1,0.9187,0,0.4504,0.7037,0.6726,2.34,2.0,0.2861,18.53
WRK-03662,0.6297,61.75,0,0.8244,0,0.5066,0.6165,0.4593,0.53,2.0,0.1583,6.37
WRK-03663,0.16,23.69,1,0.5923,0,0.2695,1.0,0.5981,3.34,1.0,0.2738,9.68
WRK-03664,0.4319,18.54,0,0.5845,0,0.6629,0.1521,0.5743,6.67,0.0,0.0697,0.94
WRK-03665,0.5671,102.18,1,1.0,0,0.3592,1.0,0.7986,2.13,3.0,0.2698,20.3
WRK-03666,0.7174,73.81,1,0.9171,0,0.7017,0.1437,0.9237,0.25,1.0,0.3921,16.46
WRK-03667,0.7614,93.11,0,0.9177,0,0.5659,0.2194,0.8586,3.25,0.0,0.268,7.09
WRK-03668,0.5513,48.7,0,0.9556,0,0.6226,0.2563,0.6092,0.41,0.0,0.239,3.56
WRK-03669,0.7597,74.77,0,0.7345,0,0.9398,0.734,0.7128,3.03,1.0,0.05,3.01
WRK-03670,0.5623,34.29,0,0.822,0,0.258,1.0,0.6257,1.7,0.0,0.1895,9.87
WRK-03671,0.677,33.3,1,0.8267,0,0.2757,0.9502,0.634,2.12,0.0,0.0279,13.2
WRK-03672,0.635,160.26,1,1.0,1,0.05,1.0,0.8707,0.6,6.0,0.3703,15.82
WRK-03673,0.6493,80.52,0,1.0,0,0.7785,0.3425,0.6417,1.42,1.0,0.2867,8.85
WRK-03674,0.7739,128.66,1,1.0,0,0.1916,1.0,0.6486,3.48,0.0,0.6601,24.31
WRK-03675,0.3848,51.0,0,0.6741,1,0.7318,0.4735,0.7119,1.17,1.0,0.1376,0.43
WRK-03676,0.7722,107.97,1,0.918,0,0.2705,0.9497,0.8894,1.04,6.0,0.2616,17.23
WRK-03677,0.4454,105.52,1,1.0,0,0.5075,0.3906,0.6064,0.83,5.0,0.5347,17.37
WRK-03678,0.6155,51.38,0,0.7385,0,0.5775,0.311,0.7702,1.6,0.0,0.2197,3.43
WRK-03679,0.8198,87.98,0,0.9237,0,0.1092,1.0,0.5367,2.55,3.0,0.1104,11.72
WRK-03680,0.4226,43.23,0,0.7558,1,0.4889,0.5696,0.2662,88.38,6.8,0.9363,21.65
WRK-03681,0.4442,73.54,0,0.8642,0,0.464,0.6874,0.8069,1.16,1.0,0.3764,6.94
WRK-03682,0.8153,186.71,1,1.0,0,0.2576,1.0,0.6091,1.5,5.0,0.5683,27.2
WRK-03683,0.455,39.86,1,0.7499,0,0.3808,0.7296,0.6501,2.54,2.0,0.1761,12.69
WRK-03684,0.545,81.17,0,0.9357,0,0.164,1.0,0.8807,0.89,1.0,0.3588,8.38
WRK-03685,0.4805,10.72,0,0.4409,0,0.2722,1.0,0.5586,1.57,1.0,0.3524,3.88
WRK-03686,0.5719,33.29,0,0.7477,0,0.9892,0.9286,0.8641,5.42,1.0,0.0384,2.08
WRK-03687,0.7019,128.51,1,1.0,1,0.05,1.0,0.913,0.38,2.0,0.4298,22.07
WRK-03688,0.3809,18.11,0,0.638,0,0.5713,0.2586,0.8012,0.31,0.0,0.1164,2.36
WRK-03689,0.1891,9.0,0,0.579,0,0.3908,0.7398,0.5417,9.72,1.0,0.2432,1.86
WRK-03690,0.5348,32.25,0,1.0,0,0.2922,0.9119,0.721,2.58,1.0,0.3376,7.8
WRK-03691,0.6198,67.73,0,0.8018,0,0.8074,1.0,0.6073,4.21,2.0,0.0055,6.32
WRK-03692,0.4734,49.52,0,0.8049,0,0.9139,0.8084,0.811,3.9,3.0,0.3022,7.34
WRK-03693,0.6296,14.96,0,0.8344,1,0.568,0.3781,0.9025,2.59,1.0,0.1084,2.52
WRK-03694,0.5261,55.66,0,0.9725,0,0.7308,1.0,0.5651,0.38,0.0,0.0618,6.65
WRK-03695,0.7116,78.93,1,0.8751,0,0.4842,0.4815,0.5372,2.77,3.0,0.0194,16.1
WRK-03696,0.2802,49.77,0,0.6544,0,0.7692,0.5566,0.5579,4.48,0.0,0.0505,0.0
WRK-03697,0.5273,84.45,0,1.0,0,0.7311,0.2849,0.7688,0.37,3.0,0.2122,9.7
WRK-03698,0.7304,74.82,0,0.9534,0,0.2353,1.0,0.828,2.12,0.0,0.1874,6.51
WRK-03699,0.5796,93.03,0,1.0,1,0.2257,1.0,0.7092,3.36,0.0,0.3815,10.8
WRK-03700,0.6195,57.72,0,0.841,1,0.6678,0.0991,0.6846,0.32,0.0,0.125,3.76
WRK-03701,0.4146,14.62,0,0.8956,1,0.5644,0.2526,0.542,0.44,0.0,0.1667,5.16
WRK-03702,0.5189,26.41,0,0.9487,0,0.346,0.794,0.5395,0.58,1.0,0.1889,5.78
WRK-03703,0.4906,31.54,0,0.7508,0,1.0,0.9436,0.7145,0.63,1.0,0.1429,4.71
WRK-03704,0.3938,17.79,0,0.5494,0,0.4181,0.6888,0.8446,1.11,0.0,0.2984,1.07
WRK-03705,0.3811,36.18,0,0.6653,0,1.0,0.9004,0.5493,0.41,0.0,0.3755,1.29
WRK-03706,0.6313,79.19,1,0.8506,0,0.202,1.0,0.8903,0.55,0.0,0.3361,13.95
WRK-03707,0.6322,25.67,0,0.7222,0,0.9282,0.8049,0.8034,12.29,1.0,0.2,2.68
WRK-03708,0.3619,45.11,0,0.7332,0,0.5994,0.2384,0.5472,1.15,2.0,0.1783,1.11
WRK-03709,0.5967,75.29,0,0.8428,0,0.5954,0.172,0.6246,0.96,2.0,0.2253,4.97
WRK-03710,0.3681,52.36,0,0.7433,0,0.8068,0.5728,0.9231,0.11,0.0,0.3862,3.15
WRK-03711,0.4512,89.74,0,1.0,1,0.4333,0.5609,0.0899,68.71,4.2,0.9316,22.25
WRK-03712,0.2817,19.94,0,0.7326,0,0.9158,0.906,0.608,0.27,2.0,0.122,4.23
WRK-03713,0.4461,61.24,1,0.7468,0,0.5951,0.2489,0.8102,2.31,3.0,0.2214,7.57
WRK-03714,0.5368,49.38,0,0.945,0,0.1804,1.0,0.713,1.93,0.0,0.0582,6.95
WRK-03715,0.3371,29.59,0,0.6803,0,0.8566,0.5524,0.7066,6.74,0.0,0.3273,3.01
WRK-03716,0.5499,86.21,0,0.9735,0,0.425,0.6602,0.6187,0.7,2.0,0.1201,13.84
WRK-03717,0.4752,74.76,0,1.0,0,0.6391,0.0897,0.7254,1.43,0.0,0.0064,4.84
WRK-03718,0.565,63.31,0,1.0,1,0.3722,0.8379,0.8034,1.84,0.0,0.036,7.97
WRK-03719,0.3844,46.52,0,0.7021,0,0.692,0.1606,0.6162,0.4,0.0,0.2521,3.94
WRK-03720,0.4781,65.68,0,1.0,0,0.6044,0.3398,0.5585,0.06,1.0,0.3649,3.98
WRK-03721,0.355,33.81,0,0.6476,0,1.0,1.0,0.4271,0.74,1.0,0.0113,2.94
WRK-03722,0.6494,123.75,0,1.0,0,0.4732,0.5534,0.4669,0.06,1.0,0.0731,10.3
WRK-03723,0.507,54.17,0,0.6124,0,0.4608,0.7126,0.5548,2.88,0.0,0.2688,1.88
WRK-03724,0.3471,27.74,0,0.6486,0,0.6912,0.1318,0.926,5.58,0.0,0.2315,2.92
WRK-03725,0.7615,122.98,1,1.0,0,0.4393,0.6412,0.829,1.22,4.0,0.4112,17.46
WRK-03726,0.315,18.68,0,0.572,0,0.6027,0.3442,0.8492,0.47,1.0,0.2559,3.18
WRK-03727,0.7807,189.95,1,1.0,0,0.6666,0.1196,0.715,7.17,2.0,0.3096,21.88
WRK-03728,0.6036,88.21,0,0.9471,0,0.757,0.3118,0.7749,0.91,3.0,0.3668,8.71
WRK-03729,0.5481,130.48,0,1.0,0,0.8605,0.5766,0.4681,2.12,2.0,0.2837,12.27
WRK-03730,0.4049,43.18,0,0.5884,0,0.359,0.829,0.8424,1.98,2.0,0.0379,2.74
WRK-03731,0.5217,54.64,0,0.7426,1,0.4634,0.5801,0.8259,1.32,1.0,0.0708,2.57
WRK-03732,0.3577,50.55,0,0.8775,0,0.439,0.586,0.779,4.84,1.0,0.3315,4.55
WRK-03733,0.5619,70.24,1,0.747,0,0.7557,0.5502,0.7442,4.74,1.0,0.0918,11.88
WRK-03734,0.3307,13.31,0,0.5791,0,0.8341,0.4918,0.8372,0.7,0.0,0.0353,0.0
WRK-03735,0.3692,96.82,0,1.0,0,0.211,1.0,0.9146,2.22,5.0,0.0642,11.25
WRK-03736,0.4394,26.14,0,0.7855,1,0.6383,0.2716,0.673,1.18,0.0,0.104,0.0
WRK-03737,0.7297,101.58,1,0.9607,0,0.5565,0.3417,0.171,63.31,7.0,0.9277,28.2
WRK-03738,0.6497,94.06,1,0.9894,0,0.1025,1.0,0.838,0.54,1.0,0.3087,18.47
WRK-03739,0.3616,43.14,0,0.6942,1,0.6841,0.2561,0.8945,0.32,0.0,0.3366,2.8
WRK-03740,0.419,94.95,0,0.7944,0,0.7467,0.2437,0.6595,0.89,1.0,0.3392,7.3
WRK-03741,0.5022,24.76,0,0.9115,1,0.1271,1.0,0.7251,1.14,2.0,0.0966,9.24
WRK-03742,0.612,57.15,0,1.0,0,0.4574,0.5548,0.5052,0.06,0.0,0.1508,7.36
WRK-03743,0.3212,22.84,0,0.616,1,0.9274,0.8362,0.6701,1.98,1.0,0.2182,1.66
WRK-03744,0.5742,108.77,0,1.0,0,0.1728,1.0,0.6737,4.5,0.0,0.3159,9.7
WRK-03745,0.6137,52.51,0,0.7538,0,0.6383,0.0427,0.656,1.79,0.0,0.0476,2.6
WRK-03746,0.3627,9.86,0,0.58,1,0.8923,0.8789,0.6519,0.25,1.0,0.3518,2.08
WRK-03747,0.8431,72.14,0,0.8533,0,0.497,0.5589,0.7197,6.78,2.0,0.2877,7.52
WRK-03748,0.3379,15.76,0,0.6288,0,0.4022,0.6528,0.5555,0.25,1.0,0.2471,3.96
WRK-03749,0.4477,19.77,0,0.4952,1,0.9057,0.7725,0.8103,0.33,1.0,0.0741,4.09
WRK-03750,0.4666,23.25,0,0.6446,1,0.5784,0.2152,0.7647,1.03,1.0,0.2711,1.59
WRK-03751,0.6083,76.65,0,0.8456,0,0.5303,0.5713,0.6791,6.05,3.0,0.0537,3.26
WRK-03752,0.3906,70.62,0,0.844,0,0.491,0.5633,0.9337,0.74,0.0,0.0006,4.9
WRK-03753,0.4393,34.61,0,0.6266,0,0.9332,0.7657,0.5304,4.21,0.0,0.0762,3.47
WRK-03754,0.526,43.94,0,0.9694,0,0.746,0.2438,0.6423,1.97,2.0,0.0222,4.77
WRK-03755,0.6072,82.75,0,0.9657,0,0.2592,1.0,0.6959,1.31,3.0,0.252,9.27
WRK-03756,0.3897,50.7,0,0.9726,0,0.3648,0.751,0.7975,3.77,0.0,0.3167,3.77
WRK-03757,0.1971,53.56,0,0.7845,0,0.981,1.0,0.8751,1.39,2.0,0.3667,2.74
WRK-03758,0.6976,85.18,0,1.0,0,0.7534,0.2609,0.7221,1.11,2.0,0.1971,7.24
WRK-03759,0.6991,100.51,1,1.0,0,0.1658,1.0,0.5909,0.82,3.0,0.4885,20.39
WRK-03760,0.637,71.01,0,0.9552,0,0.648,0.1466,0.8572,1.92,2.0,0.0565,3.88
WRK-03761,0.4147,19.9,0,0.8298,1,0.4022,0.7371,0.3991,3.6,0.0,0.2615,8.18
WRK-03762,0.5622,102.05,1,1.0,0,0.0605,1.0,0.826,0.35,2.0,0.361,18.64
WRK-03763,0.6118,93.0,0,1.0,0,0.7165,0.5287,0.5204,2.23,2.0,0.0899,12.53
WRK-03764,0.3462,44.5,1,0.7252,0,0.5536,0.253,0.7773,5.38,3.0,0.0194,7.42
WRK-03765,0.6894,78.01,1,0.891,0,0.0566,1.0,0.8589,0.88,4.0,0.3782,12.32
WRK-03766,0.7267,75.22,0,0.8536,0,0.4768,0.4845,0.5275,2.58,1.0,0.2995,6.78
WRK-03767,0.5816,81.77,0,0.7825,0,0.6605,0.1965,0.6121,6.46,3.0,0.3604,7.18
WRK-03768,0.3984,55.62,0,0.7478,0,0.9763,0.8198,0.6974,2.04,0.0,0.2023,2.88
WRK-03769,0.5392,60.43,1,0.7212,0,0.05,1.0,0.6485,0.24,3.0,0.3982,7.45
WRK-03770,0.4136,34.32,0,0.9028,0,0.6707,0.1221,0.1246,36.31,4.3,0.7209,25.55
WRK-03771,0.546,81.78,0,0.8902,0,0.716,0.5507,0.8395,2.19,2.0,0.0103,6.5
WRK-03772,0.4518,74.33,0,1.0,0,0.6821,0.1067,0.7999,0.86,1.0,0.3497,6.96
WRK-03773,0.5222,93.61,0,1.0,0,0.6858,0.3909,0.7057,0.8,2.0,0.3119,11.59
WRK-03774,0.5512,22.69,0,0.872,1,0.6405,0.1529,0.7362,3.78,2.0,0.153,2.45
WRK-03775,0.6176,100.99,1,0.974,1,0.2445,1.0,0.5733,6.19,3.0,0.5649,18.32
WRK-03776,0.3937,45.28,1,0.925,0,0.05,1.0,0.6496,0.08,3.0,0.308,17.3
WRK-03777,0.7889,119.05,0,1.0,0,0.8702,0.573,0.7356,0.09,1.0,0.2101,10.62
WRK-03778,0.407,74.33,0,0.5196,0,0.5093,0.6003,0.8487,0.03,1.0,0.3423,1.41
WRK-03779,0.249,11.4,0,0.4641,1,0.6182,0.2169,0.8729,0.96,1.0,0.2973,3.62
WRK-03780,0.7519,65.77,1,0.9039,1,0.1471,1.0,0.8645,0.85,1.0,0.1363,13.55
WRK-03781,0.6617,128.55,0,1.0,0,0.3421,0.8227,0.727,0.85,1.0,0.139,13.19
WRK-03782,0.6372,50.02,0,0.9685,1,0.371,0.7337,0.519,0.52,0.0,0.0419,10.55
WRK-03783,0.6613,70.33,0,1.0,0,0.4408,0.6096,0.9389,0.01,1.0,0.2776,10.17
WRK-03784,0.4067,41.33,0,0.7028,0,0.4958,0.4257,0.0856,38.28,5.1,0.9267,24.7
WRK-03785,0.4076,6.9,0,0.4735,0,0.7861,0.5146,0.6739,2.52,0.0,0.1086,1.46
WRK-03786,0.6975,86.76,0,0.9611,0,0.7897,0.7676,0.4603,1.59,0.0,0.0671,10.58
WRK-03787,0.6115,29.45,0,0.8348,0,0.6659,0.1736,0.7214,1.25,1.0,0.2747,4.93
WRK-03788,0.7128,79.21,1,1.0,0,0.6493,0.211,0.3664,0.96,1.0,0.2718,9.34
WRK-03789,0.4223,17.16,0,0.3642,0,0.2529,0.9983,0.8617,0.02,1.0,0.1703,2.36
WRK-03790,0.5397,64.77,0,0.9856,0,0.5367,1.0,0.4938,10.15,1.0,0.1166,6.13
WRK-03791,0.736,92.91,0,0.9977,0,0.1469,1.0,0.6338,3.05,4.0,0.0649,10.25
WRK-03792,0.5386,21.3,1,0.6124,0,0.5929,0.2421,0.6633,2.02,1.0,0.3678,10.18
WRK-03793,0.3644,62.02,0,0.9965,0,0.7565,0.3695,0.7666,1.22,2.0,0.1016,3.59
WRK-03794,0.4479,38.85,0,0.5466,0,0.4186,0.9703,0.5838,0.91,2.0,0.1918,2.41
WRK-03795,0.3834,25.73,0,0.5462,1,0.8443,0.4977,0.6294,1.87,1.0,0.2365,1.33
WRK-03796,0.4469,56.03,0,0.9791,0,0.6741,0.0789,0.5478,0.3,0.0,0.1607,3.7
WRK-03797,0.5022,52.23,0,0.743,0,0.4144,0.9141,0.8435,0.63,1.0,0.0009,1.26
WRK-03798,0.6058,105.05,1,1.0,0,0.2866,1.0,0.7754,1.16,2.0,0.4108,14.86
WRK-03799,0.8515,91.96,1,0.9405,0,0.05,1.0,0.7321,4.71,3.0,0.0982,20.11
WRK-03800,0.7182,84.12,1,1.0,0,0.2596,1.0,0.7276,5.21,6.0,0.2319,13.67
WRK-03801,0.4054,13.25,0,0.7333,0,0.8954,0.6343,0.851,0.67,1.0,0.2172,2.81
WRK-03802,0.6184,69.23,1,0.9937,0,0.0829,1.0,0.8302,0.25,1.0,0.0519,17.46
WRK-03803,0.3166,54.86,0,0.8189,0,0.9603,0.8096,0.7186,9.28,4.0,0.0177,5.68
WRK-03804,0.7088,105.28,1,1.0,0,0.5277,0.5628,0.6004,0.4,2.0,0.2024,11.32
WRK-03805,0.7468,79.48,0,0.9992,0,0.3309,0.8108,0.7903,1.09,1.0,0.0621,8.24
WRK-03806,0.5041,33.63,0,0.6561,0,0.6024,0.4407,0.3349,73.63,6.4,0.6696,12.79
WRK-03807,0.7042,80.64,0,1.0,0,0.6084,0.2525,0.9291,3.22,0.0,0.0389,9.85
WRK-03808,0.3746,18.02,0,0.7132,1,0.6447,0.3437,0.6921,0.11,1.0,0.0914,0.93
WRK-03809,0.5267,104.26,0,1.0,0,0.5358,0.3702,0.7901,5.38,1.0,0.076,8.24
WRK-03810,0.8142,84.76,1,0.9012,0,0.1963,1.0,0.8225,1.41,5.0,0.3625,20.94
WRK-03811,0.4626,26.82,0,0.6933,0,1.0,1.0,0.701,0.11,0.0,0.326,5.59
WRK-03812,0.7942,86.73,0,0.856,1,0.185,1.0,0.6354,0.46,2.0,0.0561,6.65
WRK-03813,0.3253,41.04,0,0.7732,0,0.8422,0.7968,0.9264,0.08,0.0,0.3709,2.87
WRK-03814,0.6654,74.84,1,0.8856,0,0.05,1.0,0.7385,0.98,1.0,0.3064,12.64
WRK-03815,0.73,71.93,0,0.5816,0,0.6343,0.8009,0.4889,0.33,2.0,0.2969,4.64
WRK-03816,0.6544,138.18,1,1.0,0,0.142,1.0,0.8969,0.06,2.0,0.6276,24.82
WRK-03817,0.8074,74.44,1,0.9456,0,0.05,1.0,0.9034,0.14,1.0,0.3053,21.11
WRK-03818,0.4561,43.57,0,0.7068,0,0.3576,0.7882,0.6911,0.78,1.0,0.1746,3.11
WRK-03819,0.4369,61.56,1,0.7766,1,0.7581,0.4059,0.5231,1.47,3.0,0.2696,8.2
WRK-03820,0.3586,29.83,0,0.5579,0,0.3735,0.9287,0.9256,2.32,2.0,0.0153,0.0
WRK-03821,0.6027,35.74,0,0.8719,0,0.4258,0.87,0.8616,0.09,0.0,0.0722,5.35
WRK-03822,0.8463,101.68,1,1.0,0,0.252,1.0,0.3216,48.14,9.9,1.0,38.66
WRK-03823,0.6395,69.13,0,0.8557,0,0.2572,1.0,0.6433,2.11,1.0,0.0895,5.01
WRK-03824,0.6884,32.67,0,0.8937,0,0.8103,0.4202,0.806,5.02,0.0,0.3572,6.16
WRK-03825,0.6011,86.06,0,1.0,0,0.1483,1.0,0.6275,0.61,1.0,0.1454,10.37
WRK-03826,0.4411,9.81,0,0.5602,0,0.9185,0.6966,0.6762,0.42,0.0,0.1209,2.28
WRK-03827,0.5191,87.67,0,1.0,0,0.1125,1.0,0.5221,1.22,1.0,0.2739,11.52
WRK-03828,0.5645,83.62,0,0.8834,0,0.4737,0.5192,0.0965,26.3,8.0,0.6073,19.41
WRK-03829,0.4171,34.91,0,0.7298,0,0.8097,0.4913,0.6887,0.09,0.0,0.3198,2.49
WRK-03830,0.5506,33.99,0,0.8111,0,0.3109,0.8547,0.898,0.61,0.0,0.2829,5.92
WRK-03831,0.3117,27.83,0,0.6283,0,0.9942,1.0,0.5734,1.46,1.0,0.2585,2.28
WRK-03832,0.5786,39.86,0,0.9305,0,0.3891,0.7748,0.147,59.76,8.5,0.9964,32.97
WRK-03833,0.4617,38.11,1,0.7933,0,0.4249,0.5725,0.6459,1.97,4.0,0.3682,13.93
WRK-03834,0.3942,76.09,0,0.8587,0,0.2119,1.0,0.7457,0.36,2.0,0.3526,4.06
WRK-03835,0.5445,26.71,0,0.9077,1,0.2866,1.0,0.7973,2.08,4.0,0.1416,9.71
WRK-03836,0.3928,19.83,0,0.509,0,0.8519,0.5709,0.6144,0.96,0.0,0.3967,1.59
WRK-03837,0.5206,24.5,0,0.7548,1,0.2421,1.0,0.123,86.75,4.1,0.7581,17.06
WRK-03838,0.6612,94.32,0,0.8732,0,0.3936,0.6744,0.6986,0.48,1.0,0.2561,7.07
WRK-03839,0.3285,30.82,0,0.4773,1,0.5977,0.2396,0.6513,1.23,1.0,0.3848,0.0
WRK-03840,0.5925,11.03,0,0.6551,0,0.5062,0.5171,0.5716,1.46,1.0,0.0148,0.0
WRK-03841,0.3373,64.21,0,0.7138,0,0.5595,0.4256,0.6685,0.16,1.0,0.1113,2.38
WRK-03842,0.6332,89.93,0,0.8297,1,0.467,0.569,0.8532,1.16,3.0,0.0765,10.16
WRK-03843,0.6095,63.49,0,0.886,0,0.2971,1.0,0.6574,1.38,1.0,0.2966,6.61
WRK-03844,0.6432,112.98,0,1.0,1,0.4222,0.6678,0.7134,1.03,7.0,0.2109,13.39
WRK-03845,0.2744,36.39,0,0.7901,0,0.7021,0.2058,0.5607,0.46,1.0,0.1074,2.68
WRK-03846,0.7141,75.57,1,0.8548,0,0.4757,0.4993,0.7655,0.34,3.0,0.3032,14.86
WRK-03847,0.4699,74.18,1,0.8582,0,0.2864,1.0,0.5341,3.48,2.0,0.0124,15.96
WRK-03848,0.5067,101.78,0,1.0,1,0.3815,0.734,0.4856,1.89,3.0,0.3032,9.17
WRK-03849,0.4989,67.04,0,0.6182,1,0.3802,0.7163,0.8523,3.57,1.0,0.2933,2.56
WRK-03850,0.6473,27.36,0,0.7738,0,0.7704,0.5073,0.8775,0.73,0.0,0.2442,2.61
WRK-03851,0.3639,36.2,0,0.6012,1,0.6273,0.0621,0.623,0.97,1.0,0.1853,3.18
WRK-03852,0.7355,107.63,1,1.0,1,0.5205,0.4659,0.5667,2.51,3.0,0.4016,20.91
WRK-03853,0.5709,95.03,0,0.9571,0,0.2375,1.0,0.7344,2.67,3.0,0.3658,12.72
WRK-03854,0.4879,84.59,0,1.0,0,0.5932,0.2668,0.8743,2.58,3.0,0.1562,8.47
WRK-03855,0.6165,118.98,1,0.98,0,0.326,1.0,0.8781,0.11,6.0,0.3024,11.96
WRK-03856,0.3851,29.34,1,0.5147,1,0.2786,1.0,0.7892,0.35,3.0,0.0792,14.9
WRK-03857,0.3452,55.03,0,1.0,0,0.5493,0.3544,0.8846,0.0,0.0,0.0686,7.12
WRK-03858,0.7524,98.09,1,1.0,0,0.05,1.0,0.7953,2.34,0.0,0.304,16.96
WRK-03859,0.3443,96.12,0,1.0,0,0.3129,0.8617,0.8613,0.65,5.0,0.0034,10.45
WRK-03860,0.6919,135.7,1,0.8635,0,0.05,1.0,0.7001,0.11,4.0,0.4893,17.29
WRK-03861,0.5519,77.35,0,0.8736,0,0.3256,1.0,0.7506,1.42,1.0,0.3787,3.92
WRK-03862,0.332,55.88,0,0.608,0,0.3107,0.9463,0.621,0.69,0.0,0.314,4.64
WRK-03863,0.6424,40.17,1,0.8183,0,0.6797,0.0966,0.6071,0.04,4.0,0.1281,13.15
WRK-03864,0.697,106.69,1,1.0,0,0.4443,0.702,0.7013,1.14,1.0,0.4053,21.58
WRK-03865,0.4919,68.83,1,0.6983,0,0.7596,0.441,0.7612,2.25,0.0,0.0771,13.62
WRK-03866,0.5748,71.66,0,0.777,0,0.9325,1.0,0.8617,1.0,1.0,0.3119,4.7
WRK-03867,0.5882,93.84,0,0.9152,0,0.5443,0.9096,0.7577,0.09,2.0,0.1493,9.7
WRK-03868,0.5699,58.28,0,0.9049,0,0.6444,0.0337,0.8199,0.76,1.0,0.3739,3.0
WRK-03869,0.4328,41.01,0,0.6891,0,0.6898,0.1868,0.6498,1.65,1.0,0.1855,1.61
WRK-03870,0.4597,20.85,0,0.5681,0,0.7784,0.5374,0.8201,3.83,0.0,0.0786,2.28
WRK-03871,0.6805,110.42,1,1.0,0,0.3496,0.8937,0.8713,6.9,2.0,0.3102,15.03
WRK-03872,0.6456,128.11,1,1.0,0,0.4857,0.5434,0.8251,2.65,3.0,0.3493,15.52
WRK-03873,0.4992,54.29,0,0.8511,0,0.3015,0.8848,0.5386,5.52,0.0,0.3042,8.79
WRK-03874,0.7556,93.1,1,0.785,1,0.5759,0.2266,0.5941,5.23,4.0,0.0837,11.72
WRK-03875,0.7232,64.38,0,0.8564,0,0.5743,0.243,0.7428,1.9,1.0,0.1067,8.17
WRK-03876,0.6672,113.84,1,1.0,0,0.0903,1.0,0.6836,1.75,2.0,0.4686,15.32
WRK-03877,0.4106,40.89,0,0.6126,0,0.7443,0.4949,0.7998,2.94,2.0,0.3657,0.21
WRK-03878,0.5921,24.76,0,0.6855,0,0.4977,0.4569,0.8309,0.05,2.0,0.3429,0.89
WRK-03879,0.5743,32.53,0,0.8341,0,0.8414,0.5864,0.3543,5.74,0.0,0.1622,8.28
WRK-03880,0.7633,112.15,1,1.0,1,0.3874,0.9094,0.4402,2.69,4.0,0.543,22.93
WRK-03881,0.4663,49.64,0,0.8136,0,0.7085,0.2187,0.145,52.96,8.0,0.8428,28.45
WRK-03882,0.6174,40.08,0,0.9115,0,0.5401,0.3478,0.6409,2.37,1.0,0.1512,6.31
WRK-03883,0.5198,84.32,0,1.0,0,0.402,0.6622,0.434,2.7,0.0,0.0364,6.64
WRK-03884,0.6695,84.58,0,0.9125,0,0.6006,0.1279,0.8658,0.75,4.0,0.1735,8.13
WRK-03885,0.4393,26.74,0,0.8774,0,0.7719,0.4637,0.6933,0.02,2.0,0.1897,5.44
WRK-03886,0.7021,84.02,0,0.8733,0,0.2152,1.0,0.7749,2.06,1.0,0.0434,11.2
WRK-03887,0.8514,113.13,1,1.0,0,0.534,0.3093,0.9389,1.88,5.0,0.546,15.18
WRK-03888,0.5121,44.41,0,0.8841,1,0.2326,1.0,0.4736,2.44,2.0,0.1253,2.17
WRK-03889,0.5602,31.74,0,0.837,0,0.6195,0.2067,0.831,0.65,0.0,0.2341,5.6
WRK-03890,0.5105,48.51,0,0.7888,0,0.4931,0.4636,0.414,0.22,1.0,0.0367,1.47
WRK-03891,0.4846,99.44,0,0.9467,0,0.7345,0.2319,0.2912,73.48,4.2,0.6158,22.39
WRK-03892,0.3382,33.08,0,0.5593,0,0.3452,0.9314,0.6877,0.91,0.0,0.1886,4.21
WRK-03893,0.7092,92.04,0,0.9693,0,0.6236,0.0781,0.7087,1.39,2.0,0.3847,7.72
WRK-03894,0.3182,27.96,0,0.8925,1,0.4648,0.4813,0.6608,3.76,0.0,0.3753,5.44
WRK-03895,0.5719,131.02,0,1.0,0,0.3532,0.779,0.7337,4.59,3.0,0.2247,8.0
WRK-03896,0.4681,0.0,0,0.4936,0,0.9881,1.0,0.9379,0.1,1.0,0.3578,3.9
WRK-03897,0.7302,85.07,0,0.9769,0,0.3903,0.9169,0.8858,0.5,2.0,0.3888,9.5
WRK-03898,0.7499,145.74,1,1.0,0,0.1145,1.0,0.0938,41.89,10.3,0.8879,42.69
WRK-03899,0.5506,53.41,0,0.9227,0,0.3761,1.0,0.7153,5.14,0.0,0.185,6.21
WRK-03900,0.3972,28.41,0,0.5853,0,0.5143,1.0,0.734,0.17,1.0,0.0535,5.03
WRK-03901,0.6944,75.32,0,0.6931,1,0.7537,0.2819,0.7568,3.09,1.0,0.0124,0.0
WRK-03902,0.3547,17.57,0,0.6119,0,0.3528,0.7615,0.2054,30.52,7.0,0.725,19.19
WRK-03903,0.6593,64.57,0,0.8311,0,0.706,0.2096,0.3169,8.05,2.0,0.0932,3.58
WRK-03904,0.6694,103.17,1,1.0,1,0.2439,1.0,0.5503,0.46,2.0,0.1733,18.8
WRK-03905,0.5511,57.24,0,0.762,0,0.8516,0.7913,0.3562,2.14,1.0,0.3088,3.0
WRK-03906,0.5717,86.66,0,0.9095,0,0.3264,0.81,0.8201,1.57,2.0,0.0826,9.75
WRK-03907,0.5104,41.44,0,0.8657,0,0.1586,1.0,0.7901,2.74,0.0,0.2059,6.76
WRK-03908,0.3474,45.25,0,0.5115,0,0.8727,0.5988,0.7473,1.03,0.0,0.352,2.32
WRK-03909,0.4737,21.29,1,0.7459,1,0.1649,1.0,0.8416,6.81,2.0,0.1177,15.54
WRK-03910,0.4822,14.98,0,0.5632,0,0.6489,0.1065,0.7954,2.78,2.0,0.3904,1.14
WRK-03911,0.5935,35.38,0,0.798,0,0.9085,1.0,0.5934,0.27,2.0,0.1714,4.27
WRK-03912,0.4063,5.47,0,0.5833,0,0.8941,0.6171,0.6974,0.94,1.0,0.1431,1.04
WRK-03913,0.4993,16.79,1,0.7869,1,0.2743,1.0,0.6144,1.47,3.0,0.3321,7.67
WRK-03914,0.6841,149.18,1,1.0,0,0.5262,0.3332,0.0703,42.02,4.5,1.0,41.08
WRK-03915,0.3632,53.19,0,0.7397,0,0.8425,0.6135,0.1693,27.71,6.6,0.9181,12.37
WRK-03916,0.7707,129.1,0,1.0,0,0.7163,0.2514,0.0818,59.48,8.3,0.701,24.77
WRK-03917,0.8303,87.47,0,0.9859,0,0.6502,0.0702,0.8443,1.97,5.0,0.0409,12.94
WRK-03918,0.5805,93.09,0,1.0,0,0.2737,0.9712,0.878,2.23,2.0,0.3135,10.98
WRK-03919,0.7767,102.67,0,0.972,0,0.8489,0.6699,0.1594,67.74,9.1,0.9697,33.37
WRK-03920,0.5394,100.74,1,0.9456,0,0.05,1.0,0.8973,0.05,2.0,0.4244,16.4
WRK-03921,0.3958,24.94,0,0.4612,0,0.5856,0.339,0.6796,2.5,0.0,0.2826,3.32
WRK-03922,0.8212,151.64,0,1.0,0,0.3562,0.7839,0.1986,32.59,8.6,0.936,27.01
WRK-03923,0.6105,62.31,0,0.8801,0,0.4783,0.6137,0.4265,0.6,1.0,0.2956,8.59
WRK-03924,0.6753,79.52,1,0.7911,0,0.2486,1.0,0.772,0.54,2.0,0.0061,16.63
WRK-03925,0.5131,61.83,0,0.8153,0,0.3481,0.8323,0.7461,2.66,0.0,0.1037,4.38
WRK-03926,0.6994,72.88,1,0.8628,0,0.4792,0.5641,0.5739,0.41,2.0,0.1179,9.23
WRK-03927,0.8484,64.02,0,0.923,0,0.6651,0.0397,0.5476,3.5,2.0,0.1302,5.25
WRK-03928,0.4914,19.07,0,0.857,0,0.451,0.5126,0.7533,0.46,2.0,0.2381,6.4
WRK-03929,0.3208,67.25,0,0.7322,1,0.8648,0.7816,0.8605,1.52,0.0,0.2183,4.43
WRK-03930,0.4979,33.81,0,0.7242,0,0.9572,0.7938,0.6689,0.22,0.0,0.18,1.03
WRK-03931,0.3043,65.9,0,0.7362,0,0.509,0.3888,0.5748,1.41,1.0,0.1476,1.37
WRK-03932,0.7043,91.32,1,1.0,0,0.2127,1.0,0.5586,3.74,1.0,0.1119,15.56
WRK-03933,0.3947,65.99,0,0.726,1,0.9386,0.8108,0.709,0.68,1.0,0.0209,3.58
WRK-03934,0.4829,51.31,0,0.5545,0,0.6176,0.1082,0.7126,0.57,1.0,0.0462,0.31
WRK-03935,0.5991,41.45,0,0.8645,1,0.3915,1.0,0.4507,0.19,1.0,0.0668,8.24
WRK-03936,0.4866,96.36,0,0.8192,0,0.4719,0.4507,0.9344,8.43,3.0,0.3156,11.76
WRK-03937,0.6178,121.09,1,1.0,0,0.7653,0.8833,0.6111,0.35,4.0,0.4661,17.75
WRK-03938,0.7772,76.29,0,0.7697,1,0.7234,0.2309,0.2208,17.7,4.7,0.797,15.56
WRK-03939,0.7221,47.28,0,0.7898,0,0.8716,0.617,0.5186,1.61,1.0,0.0277,3.31
WRK-03940,0.7053,95.99,0,0.9737,1,0.5697,0.7894,0.7383,1.53,2.0,0.1167,8.79
WRK-03941,0.658,91.16,0,1.0,0,0.3567,0.7629,0.6322,1.71,1.0,0.3114,10.71
WRK-03942,0.3762,77.53,1,0.9722,0,0.5102,0.3574,0.7385,0.34,1.0,0.0632,18.73
WRK-03943,0.329,18.99,0,0.5323,1,0.4861,0.7303,0.8343,0.81,1.0,0.1613,1.58
WRK-03944,0.3629,14.5,0,0.4903,0,0.8673,0.6178,0.7918,0.25,0.0,0.0999,0.0
WRK-03945,0.5072,30.0,1,1.0,0,0.3153,0.9829,0.906,0.25,0.0,0.009,12.28
WRK-03946,0.3987,92.0,0,0.7709,1,1.0,1.0,0.4615,3.52,0.0,0.2288,5.67
WRK-03947,0.8622,101.3,1,1.0,1,0.4566,0.5164,0.5461,0.65,2.0,0.5591,13.83
WRK-03948,0.5798,75.38,0,1.0,0,0.3905,0.6673,0.821,0.92,3.0,0.1391,3.94
WRK-03949,0.3673,6.94,0,0.612,0,0.7789,0.3239,0.836,2.69,0.0,0.1411,1.11
WRK-03950,0.4533,27.23,0,0.7842,0,0.8825,0.9286,0.1824,140.26,4.9,0.9886,21.48
WRK-03951,0.787,74.81,1,1.0,1,0.5111,0.4006,0.8668,1.0,4.0,0.0705,15.41
WRK-03952,0.5461,52.23,0,1.0,0,0.6021,0.4569,0.5033,0.04,0.0,0.2479,2.8
WRK-03953,0.2619,90.41,0,0.8506,0,0.3196,1.0,0.9112,0.78,1.0,0.3609,9.46
WRK-03954,0.737,53.82,0,0.7742,0,0.4855,0.4206,0.493,0.89,2.0,0.3161,4.26
WRK-03955,0.7321,87.1,0,0.8925,0,0.1308,1.0,0.7856,0.01,2.0,0.0528,12.25
WRK-03956,0.1859,21.0,1,0.6007,0,0.7325,0.2406,0.2736,41.6,10.2,0.7394,17.13
WRK-03957,0.584,77.67,0,0.9382,0,0.5286,0.842,0.3073,57.07,7.5,0.7747,31.62
WRK-03958,0.3912,51.13,0,0.718,0,0.7565,0.2994,0.791,2.91,0.0,0.1193,2.29
WRK-03959,0.7788,156.32,0,1.0,0,0.598,0.3709,0.6498,1.8,2.0,0.3229,10.46
WRK-03960,0.5087,45.49,0,0.8891,0,0.1117,1.0,0.8511,0.53,0.0,0.2991,8.12
WRK-03961,0.3134,20.56,0,0.6532,1,0.673,0.1078,0.6118,1.66,0.0,0.3241,1.23
WRK-03962,0.5082,65.86,1,0.8628,0,0.6407,0.0614,0.8128,1.85,1.0,0.3964,14.18
WRK-03963,0.3625,50.78,0,0.6692,0,0.5969,0.2628,0.8184,5.0,1.0,0.0617,0.37
WRK-03964,0.7234,95.79,0,0.9286,0,0.4539,0.5993,0.5688,1.63,4.0,0.168,12.37
WRK-03965,0.4611,19.31,0,0.6905,0,0.553,0.4241,0.8149,3.8,1.0,0.1435,2.92
WRK-03966,0.3418,76.94,0,0.7776,0,0.4256,0.9929,0.9096,8.16,0.0,0.3095,1.49
WRK-03967,0.5104,105.03,1,0.8879,0,0.1307,1.0,0.805,0.68,4.0,0.3743,19.04
WRK-03968,0.5702,32.82,0,0.8991,0,0.2636,1.0,0.8754,0.62,1.0,0.1839,8.89
WRK-03969,0.7238,82.32,0,0.8904,0,0.512,0.574,0.8016,3.16,7.0,0.1843,9.09
WRK-03970,0.6074,97.93,0,0.9109,0,0.8327,0.7729,0.6131,0.34,2.0,0.0052,6.46
WRK-03971,0.6164,82.99,0,0.9596,0,0.3671,0.7777,0.8955,0.03,1.0,0.0853,11.5
WRK-03972,0.4889,0.0,0,0.4662,0,0.9087,0.7238,0.3003,0.14,0.0,0.3199,4.28
WRK-03973,0.5982,98.92,0,1.0,0,0.221,1.0,0.7792,1.5,0.0,0.2025,10.13
WRK-03974,0.5801,116.49,1,1.0,1,0.3851,0.7534,0.8023,1.02,6.0,0.2889,21.67
WRK-03975,0.8256,98.83,1,1.0,1,0.4185,0.5821,0.7614,2.5,2.0,0.2811,21.07
WRK-03976,0.4688,43.68,0,0.6644,0,0.4455,0.6201,0.8349,2.77,2.0,0.3626,0.76
WRK-03977,0.345,44.51,0,0.6554,0,0.4004,0.6352,0.7644,3.11,1.0,0.2922,4.1
WRK-03978,0.3147,33.14,0,0.6298,0,0.4376,0.5955,0.822,2.44,1.0,0.1173,2.84
WRK-03979,0.6332,180.36,0,1.0,0,0.183,1.0,0.772,4.19,2.0,0.0627,17.74
WRK-03980,0.4464,43.16,0,0.8962,1,0.777,0.4283,0.8601,3.9,1.0,0.3941,4.58
WRK-03981,0.6031,75.16,1,0.8851,0,0.05,1.0,0.8632,0.19,4.0,0.2721,19.71
WRK-03982,0.7716,105.85,1,1.0,0,0.05,1.0,0.7544,0.72,3.0,0.2812,20.57
WRK-03983,0.4519,35.63,0,0.6132,0,0.886,0.7759,0.64,4.05,1.0,0.1722,4.96
WRK-03984,0.316,50.92,0,0.689,0,0.53,0.4222,0.8222,3.93,1.0,0.14,0.0
WRK-03985,0.5041,60.68,0,0.7052,0,0.5844,0.2995,0.9224,2.47,2.0,0.0612,0.73
WRK-03986,0.5163,51.97,1,0.9197,0,0.2087,1.0,0.8537,0.86,2.0,0.282,8.62
WRK-03987,0.6008,100.47,0,1.0,0,0.6632,0.1081,0.7587,0.17,5.0,0.0486,7.01
WRK-03988,0.7655,111.33,0,1.0,1,0.7805,0.4503,0.7186,0.78,2.0,0.3255,7.05
WRK-03989,0.7647,64.09,1,0.6764,0,0.7425,0.3212,0.3384,36.72,8.6,0.6532,26.99
WRK-03990,0.7182,88.64,0,0.8846,0,0.3527,1.0,0.8729,4.24,2.0,0.194,10.07
WRK-03991,0.5284,43.61,0,0.7526,0,0.397,0.7551,0.7045,5.8,0.0,0.1032,0.95
WRK-03992,0.347,52.0,0,0.8418,0,0.847,0.6189,0.9146,0.43,2.0,0.1034,7.59
WRK-03993,0.5403,20.33,0,0.955,1,0.7703,0.4536,0.2471,114.72,4.3,0.6438,23.17
WRK-03994,0.4769,76.78,0,1.0,0,0.421,0.612,0.926,5.96,1.0,0.0883,5.19
WRK-03995,0.6305,94.41,0,1.0,0,0.5562,0.6516,0.1263,66.28,11.2,0.8218,20.13
WRK-03996,0.5155,84.25,0,1.0,0,0.3733,0.9725,0.5888,4.11,1.0,0.0305,11.92
WRK-03997,0.7708,195.0,1,1.0,1,0.05,1.0,0.6191,2.7,1.0,0.4369,23.94
WRK-03998,0.4814,84.36,0,0.7679,0,0.6268,0.1458,0.5203,1.08,2.0,0.3532,7.66
WRK-03999,0.3858,50.74,0,0.7385,0,0.9821,1.0,0.4276,0.2,0.0,0.1185,3.49
WRK-04000,0.5911,102.74,1,1.0,0,0.5115,0.396,0.7315,0.32,1.0,0.443,18.12
WRK-04001,0.5678,74.7,1,1.0,0,0.204,1.0,0.62,0.31,2.0,0.2289,13.59
WRK-04002,0.478,61.48,0,0.576,0,0.5259,0.4235,0.8906,4.27,0.0,0.068,4.36
WRK-04003,0.6385,114.23,1,1.0,0,0.05,1.0,0.6347,4.15,2.0,0.5358,22.23
WRK-04004,0.6645,110.02,1,0.9629,0,0.2776,0.9655,0.905,0.34,2.0,0.2844,15.45
WRK-04005,0.3105,50.1,0,0.8578,1,0.3958,0.6523,0.5578,7.1,0.0,0.301,5.08
WRK-04006,0.3828,23.46,0,0.5273,0,0.3474,0.8782,0.8005,4.06,0.0,0.2688,5.5
WRK-04007,0.4641,46.77,1,0.9339,0,0.5928,0.3348,0.309,108.31,10.8,0.6558,29.88
WRK-04008,0.354,46.62,0,0.5961,0,0.952,1.0,0.8697,3.31,0.0,0.1338,1.44
WRK-04009,0.6768,30.59,0,0.7914,0,0.9625,0.9955,0.7982,2.65,0.0,0.2138,4.64
WRK-04010,0.6275,88.73,0,1.0,0,0.5848,0.3319,0.6104,0.82,0.0,0.2143,8.91
WRK-04011,0.5365,51.88,0,0.8787,0,0.6811,0.0869,0.8614,9.01,2.0,0.3919,3.12
WRK-04012,0.5549,10.48,0,0.4246,0,0.896,0.6846,0.8143,1.17,2.0,0.3119,2.21
WRK-04013,0.4862,74.55,0,0.7693,0,0.7703,0.5239,0.894,2.36,0.0,0.1314,5.3
WRK-04014,0.6775,89.28,1,1.0,0,0.05,1.0,0.5697,0.22,5.0,0.2319,16.68
WRK-04015,0.3893,47.43,0,1.0,1,0.2726,1.0,0.6106,1.85,0.0,0.0106,7.17
WRK-04016,0.441,8.56,0,0.8999,1,0.5435,0.2789,0.8565,5.84,0.0,0.2381,2.78
WRK-04017,0.4471,68.69,1,1.0,0,0.4972,0.7932,0.7639,2.47,3.0,0.3213,14.85
WRK-04018,0.495,47.75,0,0.782,0,0.2653,1.0,0.7715,0.45,1.0,0.3865,3.03
WRK-04019,0.4924,18.58,0,0.7698,0,0.6236,0.2036,0.6613,5.74,1.0,0.109,0.0
WRK-04020,0.3739,50.74,1,0.6923,0,0.718,0.8663,0.8823,2.64,1.0,0.3484,11.92
WRK-04021,0.5418,24.85,0,0.8254,0,0.3536,0.9141,0.9018,1.93,0.0,0.1337,6.01
WRK-04022,0.7588,78.57,1,1.0,0,0.1402,1.0,0.7167,1.42,2.0,0.1697,12.19
WRK-04023,0.551,113.05,1,1.0,0,0.6273,0.1834,0.3643,1.35,4.0,0.4676,15.31
WRK-04024,0.4254,46.2,0,0.9316,0,0.4185,0.8674,0.7583,0.3,0.0,0.3594,5.97
WRK-04025,0.6672,114.25,0,0.9186,0,0.1279,1.0,0.4716,2.26,3.0,0.2425,10.28
WRK-04026,0.5344,23.72,0,0.7248,0,0.7202,0.3425,0.8307,1.57,0.0,0.2783,2.66
WRK-04027,0.6969,25.57,0,0.8431,1,0.9509,1.0,0.6287,0.31,0.0,0.0502,5.62
WRK-04028,0.6986,126.26,0,1.0,0,0.2358,1.0,0.4713,1.27,4.0,0.1835,10.54
WRK-04029,0.2709,37.15,0,0.7488,0,0.4539,0.6413,0.3988,1.88,0.0,0.0412,1.52
WRK-04030,0.7135,69.97,1,0.9837,1,0.2578,1.0,0.726,0.42,1.0,0.1801,12.37
WRK-04031,0.6937,117.22,1,0.9551,0,0.3756,0.8856,0.6125,1.08,2.0,0.4402,22.77
WRK-04032,0.64,63.31,0,0.8918,0,0.6674,0.1407,0.7463,5.28,0.0,0.2245,6.79
WRK-04033,0.3829,91.04,0,1.0,1,0.8516,0.518,0.7545,3.38,2.0,0.3552,8.42
WRK-04034,0.6206,58.6,0,0.9029,0,0.7359,0.688,0.588,0.28,0.0,0.1784,7.09
WRK-04035,0.5944,96.79,0,0.8981,0,0.2762,1.0,0.883,0.33,2.0,0.1806,9.86
WRK-04036,0.7729,82.33,1,1.0,1,0.5113,0.4311,0.8133,2.72,5.0,0.076,18.57
WRK-04037,0.416,81.39,0,0.7436,0,0.7544,0.6821,0.8023,2.01,8.0,0.242,6.15
WRK-04038,0.6981,92.77,0,0.9144,0,0.4873,0.6504,0.0808,25.98,5.6,0.6778,24.73
WRK-04039,0.6165,57.67,0,1.0,0,0.5302,0.3558,0.8574,3.68,1.0,0.1668,3.12
WRK-04040,0.5249,52.33,0,1.0,0,0.454,0.6271,0.8004,3.63,1.0,0.1165,5.7
WRK-04041,0.4353,69.09,0,1.0,0,0.4947,0.3894,0.5396,4.29,1.0,0.0468,5.69
WRK-04042,0.4885,33.2,0,0.6598,0,0.832,0.4796,0.6354,0.95,3.0,0.0418,2.24
WRK-04043,0.3995,54.5,0,0.5807,0,0.3467,0.9427,0.3891,0.98,1.0,0.2471,4.07
WRK-04044,0.7331,83.01,1,1.0,1,0.3704,0.7702,0.5285,0.43,2.0,0.2981,21.88
WRK-04045,0.5766,67.72,0,0.8708,1,0.3211,0.9593,0.5276,0.09,0.0,0.065,3.74
WRK-04046,0.6373,82.32,0,1.0,0,0.3508,0.8643,0.794,7.67,0.0,0.2205,10.71
WRK-04047,0.6841,119.65,1,0.8595,0,0.2241,1.0,0.159,45.8,6.7,0.981,31.34
WRK-04048,0.5794,21.25,0,0.7896,1,0.9666,0.9379,0.7941,0.47,0.0,0.2391,2.64
WRK-04049,0.3438,94.45,0,1.0,0,0.4911,0.6087,0.5662,2.3,2.0,0.182,8.75
WRK-04050,0.7198,101.06,1,0.9086,0,0.5093,0.4555,0.8774,0.59,5.0,0.2745,17.25
WRK-04051,0.4144,69.88,0,1.0,0,0.4931,0.5622,0.6382,1.29,1.0,0.3033,6.86
WRK-04052,0.7824,74.72,0,0.8414,0,0.4586,0.5592,0.4615,0.63,0.0,0.1195,3.92
WRK-04053,0.4218,56.53,0,0.7388,0,0.5634,0.2463,0.8271,0.65,2.0,0.0058,2.04
WRK-04054,0.3601,42.78,0,0.8217,0,0.4606,0.4936,0.5204,0.75,1.0,0.3666,6.1
WRK-04055,0.7261,112.7,1,1.0,1,0.5327,0.3452,0.7211,2.01,2.0,0.3651,21.85
WRK-04056,0.6067,115.16,1,0.9915,1,0.2841,1.0,0.7498,4.53,1.0,0.317,15.34
WRK-04057,0.5515,40.8,0,0.7425,0,0.8243,0.4603,0.6648,1.62,0.0,0.0818,1.53
WRK-04058,0.65,71.05,1,0.9882,0,0.5708,0.2304,0.5904,2.87,1.0,0.0115,17.92
WRK-04059,0.5379,43.1,0,0.8695,0,0.4072,0.7872,0.7145,1.75,0.0,0.317,4.04
WRK-04060,0.6973,83.03,0,1.0,1,0.5106,0.4508,0.7662,1.4,1.0,0.0839,10.97
WRK-04061,0.4696,44.56,0,0.8793,0,0.3162,0.8715,0.355,0.66,2.0,0.079,3.9
WRK-04062,0.6169,104.11,1,1.0,1,0.401,0.6463,0.7233,0.21,5.0,0.3271,21.76
WRK-04063,0.4327,43.6,1,0.6873,0,0.6472,0.0862,0.9093,3.97,1.0,0.2023,13.76
WRK-04064,0.562,90.62,1,1.0,0,0.2933,1.0,0.8972,3.76,8.0,0.2741,16.99
WRK-04065,0.362,59.14,0,0.8208,0,0.3314,0.8225,0.5428,2.11,0.0,0.0043,5.63
WRK-04066,0.5469,80.55,0,1.0,1,0.6527,0.1274,0.8839,0.75,0.0,0.3039,8.37
WRK-04067,0.492,61.72,1,0.8025,1,0.6239,0.3634,0.0816,27.68,10.1,0.649,24.49
WRK-04068,0.5797,128.01,1,1.0,0,0.2332,1.0,0.773,1.4,2.0,0.5079,24.72
WRK-04069,0.3505,89.42,0,0.9352,1,0.4163,0.8037,0.5556,0.6,1.0,0.1719,8.34
WRK-04070,0.6477,94.17,0,1.0,0,0.487,0.5383,0.6419,1.69,3.0,0.1362,7.63
WRK-04071,0.8621,111.43,1,1.0,0,0.4711,0.7159,0.8765,2.96,6.0,0.3715,20.81
WRK-04072,0.5225,57.53,0,0.7447,0,0.7819,0.3857,0.754,0.68,0.0,0.1459,0.0
WRK-04073,0.4163,68.9,1,0.8221,0,0.4509,0.6306,0.6592,0.55,1.0,0.0588,10.75
WRK-04074,0.4261,8.91,0,0.4409,0,0.8663,0.5459,0.4969,0.35,0.0,0.3729,0.36
WRK-04075,0.3715,87.78,0,1.0,0,0.8245,0.4648,0.6866,2.07,1.0,0.3365,6.14
WRK-04076,0.6662,87.66,0,1.0,0,0.2619,1.0,0.2663,20.48,8.5,0.8745,30.06
WRK-04077,0.3884,12.51,0,0.4599,0,0.3176,1.0,0.8381,1.66,1.0,0.0357,2.42
WRK-04078,0.6862,116.87,0,1.0,1,0.5218,0.4052,0.8004,0.72,2.0,0.0409,11.63
WRK-04079,0.5422,29.73,0,0.7156,1,0.8798,0.7083,0.5551,1.0,1.0,0.0883,2.96
WRK-04080,0.4698,46.02,1,0.7811,0,0.1494,1.0,0.1041,92.63,6.9,0.7357,27.85
WRK-04081,0.3863,31.3,0,0.3996,0,0.975,0.9424,0.4854,2.68,0.0,0.3589,4.22
WRK-04082,0.4669,65.22,0,1.0,0,0.1721,1.0,0.4674,1.12,3.0,0.3277,5.58
WRK-04083,0.4263,77.75,0,0.8716,0,0.6906,0.325,0.5999,2.78,1.0,0.1391,4.05
WRK-04084,0.4159,48.37,1,0.8021,0,0.6565,0.3277,0.7622,4.59,3.0,0.1238,16.65
WRK-04085,0.6686,84.76,1,0.9459,0,0.05,1.0,0.7331,2.59,1.0,0.0631,16.44
WRK-04086,0.4329,39.14,0,0.6481,0,0.8849,0.6416,0.5709,2.75,3.0,0.0285,4.55
WRK-04087,0.4959,66.78,0,1.0,0,0.8329,0.659,0.6882,0.88,1.0,0.275,5.84
WRK-04088,0.2857,21.31,0,0.64,0,0.5277,0.4893,0.3246,45.66,6.3,0.6144,27.05
WRK-04089,0.3001,22.64,0,0.6783,0,0.4074,0.7752,0.122,58.19,6.9,0.6382,25.14
WRK-04090,0.4119,7.02,0,0.4178,1,0.9003,0.6485,0.9406,2.14,1.0,0.0363,3.44
WRK-04091,0.5177,74.21,0,0.7566,0,0.9666,0.8599,0.6084,0.2,0.0,0.2492,2.38
WRK-04092,0.7322,115.67,0,0.9715,0,0.4881,0.428,0.8422,2.45,1.0,0.1963,13.25
WRK-04093,0.4471,60.23,0,0.9213,1,0.3192,0.9529,0.6951,0.1,0.0,0.0014,4.71
WRK-04094,0.6979,114.7,1,0.9378,1,0.1261,1.0,0.8474,0.81,3.0,0.2686,18.05
WRK-04095,0.2891,41.71,0,0.6943,0,0.4977,0.4242,0.6691,5.66,0.0,0.1014,0.39
WRK-04096,0.7547,97.58,0,0.9543,0,0.5696,1.0,0.4969,2.21,0.0,0.0351,8.18
WRK-04097,0.6649,122.17,1,1.0,0,0.4458,0.6355,0.7754,1.95,3.0,0.2086,22.67
WRK-04098,0.4964,39.85,0,0.8936,0,0.6132,0.2232,0.8423,4.11,0.0,0.0786,3.17
WRK-04099,0.4367,66.07,0,0.7446,0,0.9295,1.0,0.6044,4.85,1.0,0.147,1.65
WRK-04100,0.4378,84.97,1,0.9453,0,0.05,1.0,0.6884,1.73,5.0,0.1536,19.97
WRK-04101,0.8249,115.41,0,1.0,0,0.4759,0.4439,0.6187,1.11,3.0,0.255,11.0
WRK-04102,0.3638,41.42,0,0.6146,0,0.4902,0.9687,0.8487,3.31,0.0,0.2511,4.21
WRK-04103,0.5624,35.52,0,0.894,0,0.6727,0.3985,0.7705,3.36,0.0,0.2841,6.56
WRK-04104,0.7659,124.69,1,1.0,0,0.4512,0.5796,0.9093,1.48,2.0,0.3573,17.12
WRK-04105,0.6607,115.08,1,1.0,0,0.5428,0.343,0.802,1.5,2.0,0.2337,17.36
WRK-04106,0.6955,175.44,1,1.0,1,0.1715,1.0,0.5315,3.24,3.0,0.1979,18.9
WRK-04107,0.742,96.3,0,1.0,0,0.8018,0.4459,0.6163,1.99,1.0,0.0184,11.52
WRK-04108,0.3257,60.02,0,0.7938,0,0.683,0.3425,0.8368,3.53,1.0,0.0047,1.73
WRK-04109,0.6702,102.7,1,0.9171,0,0.1211,1.0,0.8215,7.4,1.0,0.4136,18.95
WRK-04110,0.4763,57.8,0,0.9238,1,0.6848,0.2992,0.8248,2.05,0.0,0.3962,5.0
WRK-04111,0.7304,79.9,0,0.9476,0,0.3304,1.0,0.8874,1.36,2.0,0.1404,6.48
WRK-04112,0.6829,83.08,0,0.8133,0,0.8611,0.5523,0.5887,0.77,0.0,0.0093,10.31
WRK-04113,0.5707,38.34,0,0.873,1,0.5417,0.6166,0.2889,26.21,4.3,0.6869,23.35
WRK-04114,0.487,23.69,0,0.7221,1,0.646,0.0197,0.7563,6.59,2.0,0.0048,0.61
WRK-04115,0.3856,61.58,0,1.0,0,0.4515,0.5032,0.7045,0.1,2.0,0.37,3.69
WRK-04116,0.6526,91.32,0,0.9172,0,0.8887,0.6473,0.6396,0.65,4.0,0.0453,8.66
WRK-04117,0.7733,92.43,0,1.0,0,0.4887,0.7919,0.6527,0.99,0.0,0.2061,7.8
WRK-04118,0.5885,14.84,1,0.7282,0,0.0641,1.0,0.458,0.22,1.0,0.2613,10.56
WRK-04119,0.5868,30.43,0,0.9246,1,0.8482,0.7008,0.7393,0.62,3.0,0.2554,3.41
WRK-04120,0.9403,147.91,1,1.0,0,0.1287,1.0,0.5025,0.6,8.0,0.3624,18.78
WRK-04121,0.4491,66.4,0,0.7539,0,0.6363,0.0664,0.8082,0.59,0.0,0.3555,1.84
WRK-04122,0.4705,35.11,1,0.7728,1,0.612,0.0971,0.8609,3.41,0.0,0.0609,12.86
WRK-04123,0.3554,18.89,0,0.6459,1,0.3738,0.8637,0.4387,1.35,0.0,0.3025,3.73
WRK-04124,0.4006,55.87,0,1.0,0,0.3546,0.7817,0.649,1.53,1.0,0.1804,8.07
WRK-04125,0.4249,50.08,0,0.7387,0,0.8357,0.7237,0.4336,0.61,2.0,0.1165,4.21
WRK-04126,0.707,79.02,0,0.9025,0,0.2447,1.0,0.6692,4.1,1.0,0.2601,7.87
WRK-04127,0.7525,87.0,0,1.0,0,0.5568,0.5173,0.7178,0.95,2.0,0.1079,10.55
WRK-04128,0.7523,69.9,1,1.0,0,0.05,1.0,0.7475,3.59,2.0,0.2824,19.58
WRK-04129,0.6329,70.77,1,0.8867,0,0.2051,1.0,0.8754,0.34,2.0,0.264,13.5
WRK-04130,0.6501,82.66,0,0.8809,0,0.7059,0.2655,0.8397,2.01,0.0,0.0826,10.39
WRK-04131,0.7056,78.82,0,0.9411,0,0.8392,0.4874,0.9195,2.51,0.0,0.0782,6.93
WRK-04132,0.438,12.99,0,0.4935,0,0.6881,0.2075,0.823,2.28,1.0,0.3538,2.13
WRK-04133,0.4673,55.98,0,0.5902,0,0.4805,0.5577,0.4675,6.52,1.0,0.3469,1.84
WRK-04134,0.5695,67.77,1,0.9365,0,0.05,1.0,0.8624,0.86,5.0,0.1072,9.75
WRK-04135,0.441,16.45,0,0.5558,0,0.5533,0.2814,0.1377,73.54,6.6,0.9901,13.37
WRK-04136,0.3279,24.06,0,0.5624,0,0.8663,0.7401,0.6187,0.57,0.0,0.267,3.54
WRK-04137,0.4175,25.89,1,0.6486,0,0.6899,0.116,0.8924,1.31,3.0,0.232,14.09
WRK-04138,0.4646,77.26,0,1.0,0,0.3251,0.9097,0.5063,2.26,0.0,0.3159,8.61
WRK-04139,0.5053,19.54,0,0.5017,0,0.467,0.4635,0.5552,0.9,0.0,0.2041,2.24
WRK-04140,0.6166,132.94,0,0.9803,1,0.619,0.0779,0.6899,5.35,2.0,0.3466,8.64
WRK-04141,0.4143,56.8,0,0.8023,0,0.9678,0.8241,0.6678,2.71,0.0,0.3539,5.25
WRK-04142,0.4985,65.69,0,0.8455,0,0.7832,0.7878,0.7187,1.42,2.0,0.0942,3.53
WRK-04143,0.4801,41.64,0,0.9813,0,0.5388,0.2984,0.6414,0.78,1.0,0.2779,4.88
WRK-04144,0.6742,74.21,0,0.9992,0,0.6483,0.2349,0.5836,0.53,2.0,0.0768,4.94
WRK-04145,0.5287,38.91,0,0.8328,0,0.3002,1.0,0.8188,5.37,0.0,0.2104,7.86
WRK-04146,0.4389,66.84,0,0.9936,0,0.5722,0.3193,0.4956,3.04,1.0,0.0913,6.01
WRK-04147,0.6448,79.49,1,0.7448,0,0.2113,1.0,0.5156,4.67,0.0,0.3361,15.6
WRK-04148,0.539,74.59,0,0.7359,0,0.3407,0.8202,0.5268,0.55,0.0,0.3119,1.87
WRK-04149,0.4021,44.89,0,0.7087,0,0.293,0.921,0.8927,0.89,2.0,0.1621,2.89
WRK-04150,0.7253,87.63,0,0.748,0,0.7355,0.2984,0.8885,1.59,4.0,0.1168,6.03
WRK-04151,0.5052,50.96,0,0.9167,0,0.7422,0.2317,0.7259,0.6,0.0,0.0369,6.83
WRK-04152,0.5382,132.42,1,1.0,0,0.145,1.0,0.6849,3.28,4.0,0.3958,19.61
WRK-04153,0.4215,14.89,0,0.6161,0,0.6586,0.2281,0.8609,2.26,0.0,0.0223,0.07
WRK-04154,0.2669,0.0,0,0.4426,0,0.9429,0.7458,0.8618,1.33,3.0,0.3735,0.73
WRK-04155,0.6002,16.16,0,0.8087,0,0.9355,0.7906,0.8834,1.58,1.0,0.209,7.63
WRK-04156,0.5094,44.02,0,1.0,0,0.4293,0.7918,0.4393,0.32,0.0,0.351,6.22
WRK-04157,0.4007,46.32,0,0.5445,0,0.8353,0.4963,0.5454,3.28,0.0,0.3933,1.37
WRK-04158,0.3765,63.17,0,1.0,0,0.1314,1.0,0.7879,4.06,1.0,0.3136,8.77
WRK-04159,0.5598,34.69,0,0.8845,0,0.5637,0.2578,0.801,0.87,1.0,0.0833,4.61
WRK-04160,0.7942,75.9,0,1.0,0,0.6563,0.1425,0.7545,11.18,0.0,0.3924,5.76
WRK-04161,0.6154,87.08,0,0.9886,0,0.6371,0.1248,0.8525,1.45,1.0,0.094,11.96
WRK-04162,0.6314,85.51,1,0.8535,0,0.1137,1.0,0.8656,1.9,2.0,0.0968,18.79
WRK-04163,0.6864,129.4,1,1.0,0,0.1479,1.0,0.1233,72.74,10.9,1.0,39.21
WRK-04164,0.5884,57.89,0,0.8068,0,0.4064,0.8159,0.6478,7.42,2.0,0.3352,4.7
WRK-04165,0.2053,28.82,0,0.5946,0,0.2635,1.0,0.696,1.14,1.0,0.3059,3.65
WRK-04166,0.5612,33.86,0,0.6539,0,0.9825,0.8739,0.7684,0.32,0.0,0.1581,1.03
WRK-04167,0.7223,84.37,1,0.9274,0,0.0983,1.0,0.1044,43.81,14.0,0.7769,38.14
WRK-04168,0.6058,23.02,0,0.8822,0,0.2852,1.0,0.6279,0.45,1.0,0.3215,5.18
WRK-04169,0.6385,114.66,1,1.0,0,0.3419,0.7976,0.8579,0.61,3.0,0.2162,14.48
WRK-04170,0.2516,39.59,0,0.6339,0,0.4353,0.5441,0.6799,1.22,0.0,0.2921,2.48
WRK-04171,0.534,70.98,0,1.0,0,0.4399,0.5309,0.6073,1.35,0.0,0.3784,4.96
WRK-04172,0.4348,73.16,0,1.0,0,0.1125,1.0,0.7573,1.57,0.0,0.0633,6.71
WRK-04173,0.6935,97.15,1,0.8869,0,0.6256,0.0805,0.9232,2.12,3.0,0.138,21.46
WRK-04174,0.4625,104.53,1,1.0,0,0.6768,0.1878,0.7041,3.3,1.0,0.2965,19.29
WRK-04175,0.699,88.36,0,0.9243,0,0.3421,0.915,0.6837,6.15,0.0,0.3924,8.55
WRK-04176,0.418,94.53,0,1.0,0,0.3034,1.0,0.0972,150.0,7.5,0.8954,27.95
WRK-04177,0.5492,58.09,0,0.941,0,0.5971,0.1956,0.712,1.99,0.0,0.176,6.07
WRK-04178,0.3049,63.12,0,0.6534,0,0.8775,0.61,0.6371,1.06,1.0,0.1783,1.65
WRK-04179,0.8596,72.89,1,0.8252,1,0.3721,0.936,0.7439,0.07,2.0,0.1616,19.59
WRK-04180,0.859,127.92,0,0.9646,0,0.4849,0.7405,0.7485,0.19,2.0,0.0608,14.76
WRK-04181,0.5306,13.63,1,0.6893,0,0.3107,1.0,0.783,1.97,0.0,0.0505,12.28
WRK-04182,0.582,58.95,0,0.8308,0,0.515,0.4066,0.7633,2.81,1.0,0.0219,4.34
WRK-04183,0.7132,101.0,1,1.0,0,0.2918,0.9183,0.8564,0.28,6.0,0.4161,24.11
WRK-04184,0.5433,70.55,1,0.8539,1,0.2563,1.0,0.676,1.05,3.0,0.1212,13.71
WRK-04185,0.7123,101.52,1,1.0,1,0.2192,1.0,0.6476,0.68,4.0,0.4354,18.34
WRK-04186,0.5257,77.04,0,0.9126,0,0.4259,0.6416,0.7729,2.75,0.0,0.2823,3.5
WRK-04187,0.6003,83.22,0,1.0,0,0.1862,1.0,0.8832,3.79,3.0,0.1846,12.63
WRK-04188,0.6403,33.51,0,0.8443,0,0.4213,0.8366,0.8704,4.14,0.0,0.3726,7.0
WRK-04189,0.7175,96.63,1,1.0,0,0.102,1.0,0.7467,1.43,8.0,0.2171,19.81
WRK-04190,0.282,24.41,0,0.6191,0,0.6133,0.1195,0.7566,2.76,1.0,0.3764,1.81
WRK-04191,0.6331,102.73,0,0.9102,0,0.2483,1.0,0.7047,0.08,3.0,0.1462,9.08
WRK-04192,0.3343,77.35,0,0.9617,0,0.6306,0.2636,0.7274,1.39,0.0,0.0352,4.66
WRK-04193,0.4756,60.63,0,0.7451,0,0.824,0.5059,0.3891,0.31,0.0,0.3913,0.0
WRK-04194,0.5917,132.81,1,1.0,0,0.4904,0.4025,0.8013,1.04,4.0,0.4256,17.85
WRK-04195,0.6729,160.77,0,1.0,0,0.8613,0.5867,0.8175,3.22,2.0,0.114,12.91
WRK-04196,0.6125,106.35,1,0.9869,0,0.1298,1.0,0.2972,80.03,10.6,0.8986,32.28
WRK-04197,0.5359,69.11,0,0.8725,0,0.7827,0.4852,0.6775,0.91,1.0,0.3947,6.88
WRK-04198,0.7391,93.35,0,1.0,0,0.7522,0.4276,0.622,2.68,2.0,0.2424,10.57
WRK-04199,0.3533,8.62,0,0.7269,0,0.4662,0.5286,0.854,0.53,1.0,0.0349,1.77
WRK-04200,0.6171,38.82,0,0.9213,0,0.3241,1.0,0.7584,0.93,0.0,0.3957,8.52
WRK-04201,0.2986,23.75,0,0.7288,1,0.4582,0.5456,0.5708,1.82,0.0,0.3011,2.15
WRK-04202,0.3394,86.31,1,0.8498,0,0.7409,0.339,0.7564,1.33,2.0,0.0318,13.91
WRK-04203,0.289,79.81,0,1.0,0,0.5233,0.8617,0.5095,1.22,2.0,0.3748,5.62
WRK-04204,0.3753,21.91,0,0.8578,1,0.3124,0.8729,0.5723,1.63,0.0,0.0614,4.79
WRK-04205,0.6239,49.39,0,1.0,0,0.6315,0.0802,0.7841,2.4,1.0,0.2929,0.0
WRK-04206,0.6167,61.13,0,0.8524,0,0.7714,0.6109,0.8157,2.01,0.0,0.3609,5.94
WRK-04207,0.3874,14.22,1,0.5474,0,0.5684,0.306,0.4682,0.74,5.0,0.1262,15.25
WRK-04208,0.3141,19.49,0,0.4538,0,0.5982,0.1459,0.7616,5.46,2.0,0.1858,2.56
WRK-04209,0.5261,28.36,0,0.7176,1,0.476,0.5804,0.9208,0.17,3.0,0.1886,4.05
WRK-04210,0.7199,93.35,0,1.0,0,0.7362,0.4272,0.3496,0.21,1.0,0.2079,8.72
WRK-04211,0.5088,22.03,0,0.726,0,0.8335,0.7304,0.7304,0.26,1.0,0.1466,0.0
WRK-04212,0.419,24.1,0,0.6772,0,0.6607,0.3454,0.7214,0.94,1.0,0.3662,2.27
WRK-04213,0.679,60.45,0,0.9384,0,0.6032,0.2766,0.5851,1.04,2.0,0.0929,7.28
WRK-04214,0.3545,48.75,0,0.6786,0,0.4741,0.4813,0.8276,0.12,0.0,0.0352,0.85
WRK-04215,0.3579,43.07,0,0.7761,0,0.6373,0.1025,0.7582,0.97,2.0,0.2531,0.99
WRK-04216,0.4035,24.62,0,0.5946,0,0.4978,0.4003,0.8485,2.95,2.0,0.1054,4.32
WRK-04217,0.6018,88.16,1,0.9165,1,0.6237,0.2011,0.8469,1.48,10.0,0.3342,13.84
WRK-04218,0.5161,50.39,0,1.0,1,0.3934,0.6626,0.734,0.11,0.0,0.3856,5.36
WRK-04219,0.6123,97.14,0,0.9249,0,0.2886,0.9864,0.6584,2.65,3.0,0.2192,6.42
WRK-04220,0.5602,24.36,0,0.7464,1,0.4785,0.55,0.7201,2.81,0.0,0.0387,0.0
WRK-04221,0.8307,115.5,1,1.0,0,0.5913,0.2272,0.8414,0.47,4.0,0.6099,22.79
WRK-04222,0.6365,99.94,0,0.9412,0,0.8486,0.8712,0.4192,0.27,2.0,0.2801,11.1
WRK-04223,0.5236,103.32,1,1.0,0,0.5431,0.2915,0.7963,0.63,5.0,0.6565,16.62
WRK-04224,0.5066,91.63,0,0.8554,0,0.3624,0.7288,0.8019,0.42,5.0,0.3888,8.7
WRK-04225,0.4124,59.66,0,0.6849,0,0.8588,0.5289,0.5797,0.64,0.0,0.1981,3.68
WRK-04226,0.5522,25.74,0,0.7628,0,0.7682,0.3953,0.8969,0.1,0.0,0.3069,5.07
WRK-04227,0.8339,105.69,1,0.9064,0,0.05,1.0,0.87,3.05,2.0,0.47,17.94
WRK-04228,0.4932,93.71,0,1.0,0,0.2548,1.0,0.7605,0.21,2.0,0.3069,10.03
WRK-04229,0.4723,65.86,0,0.9986,0,0.3921,1.0,0.9198,0.9,2.0,0.0746,4.99
WRK-04230,0.8365,114.73,1,1.0,0,0.2088,1.0,0.6794,0.06,5.0,0.3026,22.05
WRK-04231,0.6572,81.47,1,0.9764,0,0.2402,1.0,0.6792,1.07,6.0,0.181,17.54
WRK-04232,0.363,9.42,0,0.4902,0,0.5683,0.2058,0.9135,0.2,0.0,0.198,0.84
WRK-04233,0.6765,110.15,1,1.0,0,0.5168,0.3455,0.7097,10.56,2.0,0.3812,20.61
WRK-04234,0.4948,86.17,0,1.0,0,0.7146,0.184,0.711,0.2,2.0,0.3258,10.1
WRK-04235,0.6053,71.43,0,1.0,0,0.7699,0.49,0.6012,3.37,0.0,0.0444,6.63
WRK-04236,0.7559,97.8,0,1.0,0,0.409,0.8807,0.6597,0.4,3.0,0.2124,13.32
WRK-04237,0.4862,31.19,0,0.5768,0,0.5575,0.346,0.7024,0.15,3.0,0.377,2.38
WRK-04238,0.6912,91.47,0,0.8746,0,0.2166,1.0,0.5664,2.02,2.0,0.2182,10.66
WRK-04239,0.3908,67.72,1,0.8224,0,0.5081,0.4133,0.7269,0.09,1.0,0.3808,15.24
WRK-04240,0.5319,39.77,0,0.7113,0,0.3007,0.9969,0.8367,1.18,0.0,0.1969,3.42
WRK-04241,0.3873,53.52,0,1.0,1,0.6874,0.2153,0.9152,0.65,1.0,0.3496,2.59
WRK-04242,0.5187,54.69,0,1.0,0,0.4732,0.4884,0.7356,3.04,0.0,0.0632,7.18
WRK-04243,0.4191,72.72,1,0.882,1,0.3272,1.0,0.8122,0.46,6.0,0.3218,15.82
WRK-04244,0.6663,115.2,1,1.0,0,0.3038,1.0,0.5838,6.77,5.0,0.209,15.66
WRK-04245,0.5199,61.14,1,1.0,1,0.05,1.0,0.6554,0.42,1.0,0.202,10.5
WRK-04246,0.3885,65.15,0,1.0,0,0.6957,0.2267,0.6999,1.27,1.0,0.0323,5.87
WRK-04247,0.5416,57.59,1,0.9484,0,0.2492,1.0,0.7681,0.37,0.0,0.3031,9.2
WRK-04248,0.5117,38.37,0,0.9139,1,0.3728,0.9012,0.485,0.31,0.0,0.1145,7.08
WRK-04249,0.4727,42.4,0,0.6723,0,0.8655,0.6548,0.875,0.83,2.0,0.0684,3.74
WRK-04250,0.6486,76.85,1,0.8698,0,0.1885,1.0,0.6306,1.79,2.0,0.2541,17.41
WRK-04251,0.7306,93.31,0,1.0,0,0.7204,0.7632,0.3797,2.11,1.0,0.1358,11.55
WRK-04252,0.6944,61.04,1,0.8744,0,0.5104,0.403,0.8797,4.7,3.0,0.3515,20.99
WRK-04253,0.4395,19.36,0,0.4242,0,0.9912,0.8847,0.8455,0.21,1.0,0.0748,3.99
WRK-04254,0.4888,82.38,0,1.0,0,0.7062,0.3628,0.8877,5.29,0.0,0.2708,8.26
WRK-04255,0.3469,99.95,0,1.0,0,0.162,1.0,0.8498,0.47,3.0,0.3416,10.09
WRK-04256,0.5607,54.78,0,1.0,0,0.5361,0.3787,0.7675,5.69,1.0,0.0461,4.01
WRK-04257,0.473,72.41,0,1.0,0,0.5095,0.9259,0.7203,7.16,0.0,0.1456,4.4
WRK-04258,0.7832,122.72,1,0.9568,1,0.05,1.0,0.749,4.87,1.0,0.4975,13.71
WRK-04259,0.7052,103.85,1,1.0,0,0.542,0.3149,0.6996,3.24,5.0,0.3364,18.98
WRK-04260,0.6581,149.46,1,1.0,0,0.2252,1.0,0.8083,1.94,2.0,0.4307,22.63
WRK-04261,0.4768,45.64,0,0.8502,0,0.6135,0.3005,0.8876,1.28,1.0,0.0419,5.6
WRK-04262,0.6024,44.21,0,0.8489,0,0.5273,0.4767,0.8499,0.72,0.0,0.0189,6.84
WRK-04263,0.4557,90.44,0,1.0,0,0.264,1.0,0.8511,0.19,1.0,0.0979,10.5
WRK-04264,0.5249,55.79,1,0.6937,0,0.3469,1.0,0.8385,1.56,2.0,0.3917,12.92
WRK-04265,0.6357,100.81,0,1.0,0,0.3955,0.9248,0.5949,0.97,2.0,0.0649,11.25
WRK-04266,0.4619,4.58,0,0.3922,1,1.0,0.8759,0.3592,0.38,2.0,0.0809,3.64
WRK-04267,0.5139,76.78,1,1.0,0,0.3756,0.6935,0.6545,0.45,3.0,0.0617,16.69
WRK-04268,0.403,24.02,0,0.6338,1,0.2385,1.0,0.6145,0.3,0.0,0.2033,4.15
WRK-04269,0.6901,97.8,0,1.0,0,0.4566,0.5795,0.5443,0.57,2.0,0.095,9.56
WRK-04270,0.6686,66.24,0,0.9134,0,0.7448,0.4733,0.7444,2.92,1.0,0.3725,3.32
WRK-04271,0.5454,79.25,1,0.8212,0,0.5105,0.5349,0.8807,1.08,3.0,0.1078,16.2
WRK-04272,0.6457,80.44,0,0.8973,0,0.38,0.7317,0.6943,0.04,2.0,0.3792,10.33
WRK-04273,0.4225,16.42,0,0.4515,0,0.6527,0.2345,0.739,1.58,0.0,0.3432,0.02
WRK-04274,0.4837,92.01,0,1.0,1,0.4083,0.6185,0.8998,0.2,3.0,0.0308,7.71
WRK-04275,0.73,117.35,0,1.0,0,0.3951,0.8819,0.659,0.82,3.0,0.118,11.84
WRK-04276,0.5879,68.31,0,0.7149,0,0.3794,0.7525,0.878,0.07,0.0,0.1606,4.32
WRK-04277,0.8161,95.75,0,1.0,0,0.6351,0.1276,0.7698,0.06,2.0,0.3282,8.69
WRK-04278,0.4564,51.24,0,0.6162,0,0.4673,1.0,0.6679,1.55,1.0,0.0243,2.61
WRK-04279,0.4172,75.07,1,0.8652,0,0.2297,1.0,0.8331,1.25,3.0,0.2899,16.81
WRK-04280,0.3939,49.25,0,0.6488,0,0.8698,0.634,0.7362,0.04,1.0,0.054,2.01
WRK-04281,0.6662,63.04,0,0.7574,0,0.6038,0.1272,0.31,5.95,0.0,0.0165,0.64
WRK-04282,0.4048,36.32,0,0.5259,0,0.5073,0.432,0.6027,3.33,1.0,0.3091,2.25
WRK-04283,0.618,48.8,0,0.8076,0,0.6046,0.2652,0.5952,0.94,2.0,0.0668,5.26
WRK-04284,0.7399,76.87,1,0.9544,1,0.0756,1.0,0.7262,0.75,4.0,0.2148,15.02
WRK-04285,0.6313,117.85,1,1.0,0,0.5251,0.3156,0.5553,0.95,4.0,0.4117,19.82
WRK-04286,0.5282,47.52,0,0.724,0,0.8107,0.4502,0.5978,0.93,2.0,0.0169,3.36
WRK-04287,0.3929,59.95,0,0.9464,0,0.3089,0.8716,0.7649,1.79,1.0,0.3466,7.0
WRK-04288,0.371,58.7,0,0.7747,0,0.6094,0.1351,0.8721,1.73,0.0,0.1504,2.46
WRK-04289,0.5569,66.03,0,0.8029,0,0.7541,0.8082,0.8271,7.05,1.0,0.135,7.91
WRK-04290,0.5971,84.32,1,1.0,0,0.616,0.7923,0.6296,0.47,2.0,0.2401,21.32
WRK-04291,0.7411,87.94,1,0.9995,0,0.2602,1.0,0.8872,1.4,10.0,0.3435,17.57
WRK-04292,0.4367,10.83,0,0.4898,0,0.735,0.2147,0.3941,0.77,1.0,0.1649,0.47
WRK-04293,0.7414,88.19,1,0.9827,0,0.5809,0.2223,0.7713,0.67,3.0,0.1261,11.79
WRK-04294,0.8317,125.07,1,1.0,0,0.1622,1.0,0.928,12.12,6.0,0.2587,19.24
WRK-04295,0.4382,27.3,0,0.6852,0,0.8948,1.0,0.617,0.25,1.0,0.3162,4.18
WRK-04296,0.2738,23.21,0,0.5123,0,0.7889,0.4671,0.3325,36.83,7.7,0.7546,16.94
WRK-04297,0.8408,66.19,0,0.8957,0,0.2134,1.0,0.5957,4.87,1.0,0.3614,7.63
WRK-04298,0.5353,66.32,0,0.8234,0,0.9926,1.0,0.1397,58.79,7.9,0.6931,16.47
WRK-04299,0.6792,110.5,0,1.0,0,0.7357,0.3042,0.7987,4.26,0.0,0.3092,8.46
WRK-04300,0.6376,87.27,0,0.9927,0,0.4587,0.4863,0.3692,2.27,2.0,0.2396,8.55
WRK-04301,0.5204,73.32,0,0.9868,0,0.58,0.5674,0.6364,0.98,0.0,0.2203,5.12
WRK-04302,0.3777,65.09,0,0.7884,0,0.5216,0.4358,0.7996,0.49,1.0,0.1111,1.51
WRK-04303,0.5764,21.55,0,0.8845,1,0.3225,1.0,0.6303,0.9,1.0,0.0831,8.62
WRK-04304,0.7795,123.0,1,1.0,1,0.5944,0.254,0.4756,2.06,4.0,0.4307,20.09
WRK-04305,0.3547,51.82,0,0.7542,0,0.7289,0.345,0.6314,0.13,2.0,0.2003,3.22
WRK-04306,0.3607,53.69,0,0.857,0,0.377,0.7119,0.314,66.99,4.2,0.6057,30.41
WRK-04307,0.4309,45.56,0,0.6577,0,0.7734,1.0,0.726,1.95,1.0,0.0887,2.5
WRK-04308,0.4073,51.86,0,0.6405,0,0.4656,0.4689,0.8099,0.08,1.0,0.3403,0.95
WRK-04309,0.4617,44.03,0,0.627,0,0.427,0.5919,0.8326,0.19,0.0,0.0229,2.08
WRK-04310,0.5425,114.72,1,0.99,0,0.0659,1.0,0.6878,1.28,4.0,0.4809,17.09
WRK-04311,0.6298,104.95,1,0.9792,0,0.5982,0.1557,0.7523,2.55,2.0,0.1662,15.54
WRK-04312,0.5072,31.79,0,0.6925,0,0.5694,0.2052,0.83,3.08,1.0,0.0812,2.02
WRK-04313,0.5285,79.49,0,1.0,0,0.5069,0.7883,0.6337,4.13,0.0,0.16,7.68
WRK-04314,0.6569,86.81,1,1.0,1,0.3015,1.0,0.9317,0.25,11.0,0.0736,19.42
WRK-04315,0.3565,39.39,0,0.7725,0,0.7217,0.2496,0.9066,2.72,1.0,0.0807,2.05
WRK-04316,0.4813,51.79,0,0.9445,0,0.5367,0.6632,0.5637,1.95,1.0,0.3673,5.43
WRK-04317,0.4249,13.76,0,0.6424,0,0.9033,0.7528,0.607,0.75,0.0,0.2365,1.76
WRK-04318,0.7124,69.44,1,0.9335,0,0.2702,1.0,0.4767,3.93,3.0,0.1467,14.47
WRK-04319,0.409,64.75,0,0.8636,0,0.2777,1.0,0.7022,0.48,1.0,0.1239,4.82
WRK-04320,0.7438,124.56,1,1.0,0,0.6313,0.3316,0.6965,1.13,8.0,0.1225,19.23
WRK-04321,0.5202,28.35,0,0.6257,0,0.3271,0.8872,0.7405,0.06,0.0,0.0038,2.63
WRK-04322,0.6964,93.71,1,0.989,0,0.6808,0.3921,0.5543,0.74,3.0,0.0985,18.85
WRK-04323,0.5493,83.42,1,0.8843,0,0.6305,0.1446,0.9102,0.32,1.0,0.0314,18.36
WRK-04324,0.4963,164.08,0,1.0,0,0.6596,0.04,0.6961,0.35,0.0,0.0017,13.81
WRK-04325,0.5435,25.04,0,0.516,1,0.4847,0.4556,0.717,2.63,0.0,0.2914,0.67
WRK-04326,0.577,96.64,0,0.8847,0,0.0898,1.0,0.8432,1.25,0.0,0.187,12.05
WRK-04327,0.4524,34.27,1,0.6099,0,0.2342,1.0,0.1649,98.16,10.6,0.845,24.29
WRK-04328,0.6619,77.04,0,1.0,0,0.4223,0.9223,0.6895,0.02,0.0,0.143,8.78
WRK-04329,0.7277,122.44,1,1.0,0,0.4376,0.5655,0.6293,0.11,4.0,0.2918,16.61
WRK-04330,0.3955,14.58,0,0.4653,0,0.5624,0.3138,0.906,2.4,1.0,0.0234,2.46
WRK-04331,0.6412,43.86,0,0.9293,0,0.1704,1.0,0.6855,0.49,1.0,0.2138,4.65
WRK-04332,0.4868,60.0,0,0.9755,0,0.1407,1.0,0.6135,3.13,0.0,0.3595,7.56
WRK-04333,0.5522,59.33,0,0.7498,0,0.6561,0.1298,0.6687,1.81,1.0,0.3034,4.96
WRK-04334,0.3706,28.65,0,0.6176,0,0.286,1.0,0.82,1.3,3.0,0.383,3.36
WRK-04335,0.352,20.83,0,0.6451,0,0.811,0.7887,0.3377,30.76,5.4,0.8115,21.53
WRK-04336,0.6265,71.73,0,0.8433,0,0.5439,0.4105,0.8552,0.41,1.0,0.0205,7.21
WRK-04337,0.3046,55.85,0,0.8413,0,0.6084,0.2861,0.7064,3.54,0.0,0.3795,5.15
WRK-04338,0.5021,70.04,0,0.9243,0,0.5916,0.2834,0.8269,4.64,1.0,0.3368,5.38
WRK-04339,0.5643,49.06,0,0.6487,0,0.6741,0.2309,0.5864,7.03,1.0,0.2394,0.0
WRK-04340,0.6867,207.89,0,1.0,0,0.7735,0.476,0.8404,1.93,4.0,0.2362,18.88
WRK-04341,0.7749,103.78,1,1.0,0,0.5308,0.3969,0.7513,0.5,2.0,0.3327,15.82
WRK-04342,0.647,102.64,0,0.8807,0,0.3143,0.8513,0.7522,1.29,0.0,0.3877,10.99
WRK-04343,0.6605,109.78,1,0.888,0,0.05,1.0,0.4914,1.04,5.0,0.6207,22.17
WRK-04344,0.5588,70.87,1,1.0,0,0.525,0.3796,0.8585,0.31,4.0,0.0013,13.74
WRK-04345,0.6407,58.44,0,1.0,0,0.6439,0.258,0.6751,1.93,2.0,0.1368,5.78
WRK-04346,0.769,91.17,0,0.916,0,0.8164,0.4324,0.7855,1.51,4.0,0.2358,9.31
WRK-04347,0.7844,86.98,0,0.9636,0,0.2299,1.0,0.7569,4.13,1.0,0.2582,12.38
WRK-04348,0.5528,28.17,0,0.7934,0,0.9829,0.9467,0.6316,3.13,2.0,0.0889,5.43
WRK-04349,0.4668,88.27,0,0.9065,0,0.8534,0.7499,0.9039,3.18,0.0,0.0309,7.11
WRK-04350,0.4197,49.2,0,0.971,0,0.3431,0.954,0.8751,1.72,0.0,0.1937,10.27
WRK-04351,0.5341,95.22,0,1.0,0,0.1761,1.0,0.6007,2.48,4.0,0.2863,10.64
WRK-04352,0.5599,83.28,0,0.939,0,0.4344,0.663,0.2172,145.2,3.9,0.8718,29.81
WRK-04353,0.654,89.71,1,1.0,0,0.2818,1.0,0.5245,1.0,3.0,0.0174,16.66
WRK-04354,0.6566,158.66,1,1.0,0,0.1661,1.0,0.6364,0.44,6.0,0.2676,22.1
WRK-04355,0.5624,109.49,1,0.9462,0,0.05,1.0,0.6009,0.04,2.0,0.4874,21.59
WRK-04356,0.447,62.53,0,0.8542,0,0.6443,0.1995,0.8906,1.05,0.0,0.0341,2.84
WRK-04357,0.3545,31.21,0,0.4963,0,0.4932,0.463,0.5238,1.9,0.0,0.3219,3.55
WRK-04358,0.3862,66.98,0,1.0,0,0.713,0.2553,0.7475,3.16,1.0,0.072,5.57
WRK-04359,0.3704,53.83,0,0.6784,0,0.5371,0.3052,0.8511,1.19,1.0,0.0882,2.64
WRK-04360,0.3543,26.15,0,0.609,0,0.8269,0.6217,0.7213,0.55,2.0,0.1636,3.05
WRK-04361,0.6707,91.05,0,1.0,0,0.427,0.6178,0.7878,0.3,0.0,0.106,12.59
WRK-04362,0.5241,62.52,0,0.7224,0,0.2614,0.9805,0.7985,0.45,0.0,0.0554,3.55
WRK-04363,0.5278,92.1,1,0.8498,0,0.6921,0.1505,0.6471,3.03,5.0,0.3267,14.95
WRK-04364,0.2211,19.11,0,0.5636,0,0.476,0.7325,0.7916,4.65,1.0,0.2584,0.0
WRK-04365,0.6503,69.46,0,0.7854,0,0.5394,0.756,0.7339,5.23,0.0,0.0517,4.0
WRK-04366,0.4577,38.65,1,0.7966,0,0.4718,0.6546,0.5873,0.96,6.0,0.3507,16.04
WRK-04367,0.5823,44.36,0,0.8652,0,0.5859,0.2053,0.8592,2.0,0.0,0.0821,7.01
WRK-04368,0.5069,54.35,0,0.8195,0,0.7923,0.3672,0.7065,3.29,1.0,0.2635,0.66
WRK-04369,0.3066,20.86,0,0.4674,0,0.4298,0.6661,0.8728,5.93,0.0,0.1694,1.99
WRK-04370,0.6494,89.27,0,0.9929,0,0.7862,0.3605,0.3643,2.64,3.0,0.3552,12.41
WRK-04371,0.6147,88.53,0,0.9885,0,0.2045,1.0,0.5815,5.47,3.0,0.0354,10.68
WRK-04372,0.6741,34.7,0,0.7926,0,0.9535,0.7751,0.511,1.56,0.0,0.1587,4.47
WRK-04373,0.5241,39.3,0,0.8588,0,0.6684,0.2003,0.7463,0.33,0.0,0.2003,4.99
WRK-04374,0.4457,95.15,1,0.7951,0,0.2733,1.0,0.8241,1.03,5.0,0.0074,15.58
WRK-04375,0.678,76.35,1,1.0,0,0.3938,0.8601,0.871,3.35,1.0,0.1356,12.17
WRK-04376,0.6344,177.46,0,1.0,0,0.5405,0.2988,0.6631,0.4,3.0,0.3228,12.06
WRK-04377,0.5245,68.53,0,1.0,0,0.6423,0.2558,0.6816,0.27,0.0,0.0807,6.75
WRK-04378,0.5317,76.25,0,1.0,0,0.64,0.0258,0.6694,0.44,0.0,0.2949,2.89
WRK-04379,0.6085,34.57,0,0.8883,0,0.5225,0.565,0.7878,0.31,1.0,0.3179,5.71
WRK-04380,0.4032,4.03,0,0.5435,0,0.7944,0.8375,0.4864,1.69,0.0,0.0703,2.44
WRK-04381,0.3955,26.35,0,0.4414,0,0.4139,0.6432,0.7461,0.68,1.0,0.231,2.78
WRK-04382,0.728,91.66,0,0.983,0,0.7003,0.2167,0.7235,6.63,2.0,0.3167,9.09
WRK-04383,0.4339,52.36,1,0.8218,0,0.3737,0.8334,0.1568,42.78,8.9,0.7361,25.77
WRK-04384,0.676,92.73,0,1.0,0,0.771,0.4219,0.883,0.64,3.0,0.1878,11.8
WRK-04385,0.8423,82.4,1,1.0,0,0.4895,0.4947,0.5712,3.52,1.0,0.2323,14.49
WRK-04386,0.4969,37.86,0,0.7488,0,0.2977,1.0,0.1379,19.76,3.2,0.7929,15.76
WRK-04387,0.5043,97.04,0,1.0,0,0.6748,0.8901,0.5381,0.04,2.0,0.254,12.86
WRK-04388,0.7885,90.15,0,1.0,0,0.6079,0.1078,0.091,45.11,6.7,0.7155,20.4
WRK-04389,0.4105,67.42,0,1.0,0,0.5884,0.281,0.6733,1.88,0.0,0.345,3.49
WRK-04390,0.6292,100.31,0,1.0,0,0.2466,1.0,0.6727,0.22,1.0,0.0334,9.38
WRK-04391,0.6258,21.09,0,0.8305,1,0.7664,0.6553,0.1473,61.32,3.3,0.7365,16.67
WRK-04392,0.569,43.84,0,0.7365,0,0.4213,0.9279,0.8025,8.83,3.0,0.2231,2.39
WRK-04393,0.6583,92.14,1,0.9882,0,0.6309,0.0835,0.8784,1.31,2.0,0.2978,19.17
WRK-04394,0.6813,122.22,1,1.0,1,0.3018,0.969,0.8289,3.79,9.0,0.306,14.18
WRK-04395,0.8245,67.1,1,0.8893,0,0.05,1.0,0.4939,3.02,4.0,0.1425,17.24
WRK-04396,0.6577,93.33,1,1.0,0,0.447,0.655,0.3953,0.45,5.0,0.262,21.31
WRK-04397,0.6259,52.34,1,1.0,0,0.1084,1.0,0.6119,1.03,4.0,0.0904,12.09
WRK-04398,0.4965,74.88,1,0.9439,0,0.209,1.0,0.6898,3.97,4.0,0.1216,6.11
WRK-04399,0.7397,106.89,0,1.0,0,0.6762,0.1202,0.7282,0.56,0.0,0.3751,4.69
WRK-04400,0.3756,55.35,0,0.6808,0,0.5786,0.3407,0.5644,0.43,0.0,0.1881,1.09
WRK-04401,0.7554,85.11,0,0.863,1,0.257,1.0,0.5895,5.64,3.0,0.053,8.68
WRK-04402,0.8286,105.23,1,1.0,0,0.3538,0.862,0.6073,1.12,2.0,0.1676,17.05
WRK-04403,0.5972,127.49,1,0.9743,0,0.1858,1.0,0.0979,82.72,10.5,1.0,28.28
WRK-04404,0.3518,12.25,0,0.4489,1,0.422,0.5813,0.7613,4.4,0.0,0.006,3.74
WRK-04405,0.5532,79.73,1,1.0,0,0.1588,1.0,0.8176,1.52,1.0,0.2461,17.67
WRK-04406,0.3696,9.93,0,0.56,0,0.6062,0.1427,0.8038,0.14,1.0,0.1358,2.95
WRK-04407,0.4405,55.28,0,1.0,0,0.5813,0.2368,0.7025,0.47,1.0,0.0118,4.14
WRK-04408,0.6308,29.56,0,0.6845,0,0.595,0.2333,0.6828,0.38,1.0,0.3532,1.62
WRK-04409,0.5683,60.05,0,1.0,0,0.7239,0.2112,0.8393,2.54,1.0,0.0318,6.21
WRK-04410,0.444,90.41,0,1.0,0,0.3857,1.0,0.4764,0.32,1.0,0.1161,10.15
WRK-04411,0.737,95.55,0,1.0,0,0.7002,0.272,0.8545,2.35,2.0,0.0293,10.48
WRK-04412,0.5533,98.72,0,1.0,0,0.4005,0.8118,0.793,0.11,1.0,0.0868,11.87
WRK-04413,0.4084,44.2,0,0.9641,0,0.6286,0.1523,0.6886,1.59,1.0,0.0996,1.56
WRK-04414,0.4099,57.18,0,0.885,0,0.5149,0.6535,0.7966,5.69,2.0,0.1385,2.94
WRK-04415,0.6825,173.94,1,1.0,0,0.05,1.0,0.2488,65.2,11.9,0.8897,43.79
WRK-04416,0.6026,104.59,1,0.9455,0,0.2257,1.0,0.7864,0.67,5.0,0.4067,21.63
WRK-04417,0.6227,91.14,0,0.8921,0,0.6416,0.0556,0.4091,1.37,1.0,0.3723,10.19
WRK-04418,0.4648,27.3,0,0.9145,0,0.3319,0.9633,0.6059,0.23,1.0,0.3632,6.54
WRK-04419,0.4364,49.86,0,0.6566,0,0.5382,0.4159,0.8529,0.55,2.0,0.2838,1.08
WRK-04420,0.5626,99.15,0,1.0,0,0.6323,0.074,0.8244,2.47,2.0,0.0412,5.71
WRK-04421,0.3191,40.71,1,0.6244,0,0.7001,0.1969,0.704,3.55,3.0,0.2815,6.33
WRK-04422,0.231,2.97,0,0.4484,0,0.7418,0.3906,0.205,59.15,5.6,0.66,18.0
WRK-04423,0.4835,69.41,0,0.7527,0,0.8212,0.9591,0.8876,0.18,0.0,0.0098,2.76
WRK-04424,0.5358,184.64,1,1.0,0,0.4984,0.5651,0.1749,29.02,12.2,0.8521,40.68
WRK-04425,0.4825,43.22,1,1.0,0,0.2782,1.0,0.9369,0.68,3.0,0.189,14.22
WRK-04426,0.5812,49.9,0,0.7685,0,0.7223,0.2251,0.5743,0.59,2.0,0.2489,0.0
WRK-04427,0.6139,56.44,1,0.9755,0,0.05,1.0,0.8844,0.08,4.0,0.2772,15.94
WRK-04428,0.5355,90.75,1,0.8781,0,0.05,1.0,0.9273,7.34,1.0,0.3403,17.96
WRK-04429,0.4739,53.79,0,0.732,0,0.6922,0.1607,0.5049,3.01,0.0,0.3104,0.13
WRK-04430,0.3009,30.68,1,0.7352,0,0.5363,0.3787,0.7367,4.33,3.0,0.2306,9.39
WRK-04431,0.2845,7.81,0,0.5467,0,0.5647,0.2523,0.211,37.67,7.0,0.9478,13.19
WRK-04432,0.7109,119.49,0,1.0,0,0.61,0.1318,0.7868,4.74,2.0,0.3073,12.43
WRK-04433,0.4783,7.45,0,0.5383,0,0.3747,0.8161,0.181,80.97,6.9,0.6213,20.15
WRK-04434,0.768,105.04,1,1.0,0,0.4828,0.5019,0.7022,0.67,2.0,0.3783,19.02
WRK-04435,0.5928,74.52,0,0.9318,0,0.3872,0.9759,0.4216,0.32,1.0,0.3488,9.64
WRK-04436,0.4364,13.62,0,0.4548,0,0.7466,0.2802,0.8144,1.43,1.0,0.3024,2.08
WRK-04437,0.2205,68.43,0,0.8509,0,0.8504,0.5858,0.7237,0.85,0.0,0.3992,4.38
WRK-04438,0.3198,29.1,0,0.5274,0,0.6488,0.01,0.8219,1.35,3.0,0.3224,2.89
WRK-04439,0.4141,70.09,0,1.0,0,0.455,0.5078,0.8127,1.56,0.0,0.2526,6.8
WRK-04440,0.4863,97.16,0,1.0,0,0.2463,1.0,0.1007,57.44,9.2,0.8196,19.66
WRK-04441,0.4638,68.2,0,0.9987,0,0.1982,1.0,0.8706,0.19,0.0,0.3998,9.33
WRK-04442,0.4687,57.74,0,1.0,0,0.7167,0.2328,0.7542,1.81,2.0,0.2494,4.19
WRK-04443,0.386,63.17,0,0.5285,0,0.8988,0.6626,0.6894,3.15,0.0,0.1748,2.7
WRK-04444,0.6818,73.28,0,0.844,0,0.884,0.5971,0.8412,4.16,0.0,0.1028,10.2
WRK-04445,0.4432,74.31,0,0.8205,0,0.9829,0.9525,0.111,110.49,5.9,0.6843,27.5
WRK-04446,0.6919,97.93,0,0.8937,1,0.3085,0.8857,0.9006,2.17,2.0,0.0862,9.17
WRK-04447,0.4573,80.09,0,1.0,0,0.7624,0.4418,0.6531,6.17,1.0,0.0345,6.16
WRK-04448,0.5821,41.49,0,0.8732,0,0.1652,1.0,0.8011,0.63,2.0,0.3823,3.71
WRK-04449,0.7161,107.98,0,1.0,0,0.5819,0.2171,0.7424,6.4,3.0,0.2933,9.09
WRK-04450,0.3355,11.07,0,0.4744,0,0.851,0.7657,0.6261,4.12,0.0,0.2078,1.75
WRK-04451,0.4452,35.08,1,0.6859,0,0.5813,0.4269,0.3213,93.51,11.6,0.6529,31.55
WRK-04452,0.573,57.26,0,0.9042,0,0.3723,1.0,0.6465,0.32,1.0,0.1304,5.28
WRK-04453,0.5918,88.73,0,0.9088,0,0.7359,0.363,0.7643,4.73,1.0,0.3685,5.37
WRK-04454,0.5444,69.44,0,0.7246,0,0.6177,0.3231,0.7337,0.32,0.0,0.2479,0.0
WRK-04455,0.5429,108.88,1,1.0,0,0.6241,0.2959,0.8319,0.65,2.0,0.2935,10.72
WRK-04456,0.6924,118.24,0,1.0,0,0.4446,0.6211,0.69,1.9,2.0,0.0435,12.53
WRK-04457,0.574,67.96,0,0.87,0,0.519,0.4602,0.7344,2.69,2.0,0.3019,2.88
WRK-04458,0.895,146.25,1,1.0,0,0.626,0.2894,0.8025,0.81,5.0,0.2936,21.22
WRK-04459,0.6797,148.28,1,1.0,0,0.468,0.7957,0.8989,3.63,2.0,0.215,17.43
WRK-04460,0.3599,37.88,0,0.8227,0,0.3939,0.7746,0.9078,1.95,1.0,0.1771,2.75
WRK-04461,0.6903,160.11,1,1.0,0,0.2535,1.0,0.6023,1.27,4.0,0.2646,18.93
WRK-04462,0.4876,82.38,0,1.0,0,0.2293,1.0,0.7694,0.75,2.0,0.0603,12.98
WRK-04463,0.6237,79.2,0,1.0,0,0.723,0.2844,0.5013,0.11,3.0,0.1002,3.26
WRK-04464,0.3894,71.29,0,0.7227,0,0.6505,0.3095,0.8829,1.26,1.0,0.1574,0.0
WRK-04465,0.3977,101.01,1,0.9952,0,0.186,1.0,0.6079,2.44,5.0,0.3632,24.06
WRK-04466,0.7246,127.78,1,1.0,0,0.05,1.0,0.6337,1.77,4.0,0.3896,20.98
WRK-04467,0.4514,65.76,1,0.7752,1,0.3599,1.0,0.8528,0.14,3.0,0.0948,9.91
WRK-04468,0.4631,0.0,0,0.4478,0,0.7111,0.2002,0.801,5.3,0.0,0.2083,0.81
WRK-04469,0.4847,31.45,1,0.6692,0,0.7559,0.2705,0.7893,3.51,1.0,0.313,10.44
WRK-04470,0.385,37.15,0,0.7011,0,1.0,0.96,0.8638,3.83,1.0,0.0526,4.89
WRK-04471,0.7453,89.48,0,0.9135,1,0.4888,0.4523,0.8043,5.29,4.0,0.0495,12.19
WRK-04472,0.2919,13.87,0,0.5905,0,0.9203,0.6992,0.6144,3.28,0.0,0.118,0.0
WRK-04473,0.7414,90.98,0,0.9998,0,0.7088,0.224,0.6988,0.41,4.0,0.1518,7.91
WRK-04474,0.5042,23.1,0,0.8151,1,0.8838,0.6262,0.6324,1.91,0.0,0.2151,9.07
WRK-04475,0.3552,90.89,0,0.8971,0,0.3198,0.8803,0.7088,2.37,3.0,0.3844,9.54
WRK-04476,0.4652,63.48,0,1.0,1,0.5718,0.4341,0.6062,0.06,1.0,0.0607,6.27
WRK-04477,0.492,2.06,0,0.4692,1,1.0,1.0,0.8614,0.09,1.0,0.2912,0.72
WRK-04478,0.4945,123.13,0,1.0,0,0.7493,0.443,0.5974,0.29,2.0,0.1389,11.98
WRK-04479,0.5697,37.74,1,0.6307,0,0.4535,0.4976,0.6071,4.82,2.0,0.2007,5.15
WRK-04480,0.5901,88.1,0,0.9538,0,0.0876,1.0,0.8516,6.81,0.0,0.2989,11.74
WRK-04481,0.7638,122.97,1,1.0,0,0.2341,1.0,0.8559,9.52,4.0,0.4825,24.03
WRK-04482,0.4278,77.72,0,0.9987,1,0.6724,0.2606,0.5314,0.12,0.0,0.3138,3.15
WRK-04483,0.468,47.33,0,0.8117,1,0.3521,1.0,0.5967,4.16,0.0,0.3084,4.68
WRK-04484,0.7373,81.19,1,1.0,0,0.2481,1.0,0.8573,0.75,1.0,0.0149,20.33
WRK-04485,0.7329,63.18,1,0.9455,0,0.5579,0.2963,0.3038,38.16,9.4,0.6602,25.85
WRK-04486,0.5001,48.42,0,1.0,0,0.8214,0.5604,0.8984,0.6,2.0,0.215,5.26
WRK-04487,0.5909,96.48,0,0.9764,0,0.6412,0.248,0.736,1.21,4.0,0.2195,7.15
WRK-04488,0.5504,66.15,0,1.0,0,0.5726,0.3876,0.8112,3.41,1.0,0.167,3.36
WRK-04489,0.5385,49.66,0,0.7204,1,0.4348,0.8576,0.7043,1.73,1.0,0.2852,1.73
WRK-04490,0.6333,81.79,1,1.0,1,0.4238,0.6464,0.5942,1.6,4.0,0.3362,21.56
WRK-04491,0.4032,33.61,0,0.8576,1,0.7167,0.1749,0.7194,2.9,1.0,0.0184,4.05
WRK-04492,0.5899,31.54,0,0.8336,1,0.5936,0.1674,0.8097,5.68,1.0,0.2174,4.37
WRK-04493,0.3735,34.42,0,0.6376,0,0.9171,0.7166,0.6618,0.22,0.0,0.2409,4.59
WRK-04494,0.4695,104.83,0,1.0,0,0.3075,1.0,0.6854,0.41,1.0,0.3068,9.82
WRK-04495,0.5245,55.4,0,0.9255,0,0.5865,0.4095,0.8026,0.82,1.0,0.3209,5.14
WRK-04496,0.3635,54.63,0,0.6833,0,1.0,1.0,0.855,2.59,1.0,0.1068,3.39
WRK-04497,0.4585,51.43,1,0.9233,0,0.5039,0.7042,0.658,2.14,1.0,0.2141,14.56
WRK-04498,0.672,78.88,0,0.8161,0,0.7067,0.3414,0.5739,0.65,0.0,0.0408,4.4
WRK-04499,0.6676,14.16,0,0.8568,1,0.5273,0.3746,0.7621,0.4,1.0,0.2218,4.17
WRK-04500,0.4824,66.98,0,1.0,1,0.8466,1.0,0.6379,8.75,0.0,0.0615,4.66
WRK-04501,0.3011,75.04,0,0.7158,1,0.6027,0.1614,0.6863,0.02,1.0,0.1617,2.75
WRK-04502,0.5543,139.19,1,1.0,0,0.05,1.0,0.6098,0.39,3.0,0.2892,23.04
WRK-04503,0.3911,36.54,0,0.5899,1,0.7346,0.6652,0.5353,0.12,0.0,0.255,4.2
WRK-04504,0.3596,46.64,0,0.7441,0,0.7811,0.3943,0.8696,0.8,2.0,0.0667,2.03
WRK-04505,0.595,179.13,1,1.0,0,0.4874,0.4486,0.8427,0.31,2.0,0.6312,21.87
WRK-04506,0.7308,102.17,1,0.8692,0,0.05,1.0,0.6683,0.54,5.0,0.3142,20.33
WRK-04507,0.5348,86.75,0,0.9949,0,0.5253,0.4514,0.8457,1.52,6.0,0.3816,11.45
WRK-04508,0.6205,109.73,0,0.9572,0,0.5877,0.1721,0.6755,5.54,1.0,0.361,9.34
WRK-04509,0.5035,86.49,0,1.0,1,0.6578,0.2247,0.7758,1.52,1.0,0.2874,8.55
WRK-04510,0.395,31.55,0,0.5119,0,0.4976,0.4363,0.7727,4.92,0.0,0.3611,1.36
WRK-04511,0.5282,93.01,0,1.0,0,0.6878,0.0983,0.8607,1.42,3.0,0.0929,10.78
WRK-04512,0.6984,68.51,1,1.0,0,0.5045,0.5844,0.8854,1.02,4.0,0.1885,10.81
WRK-04513,0.5115,79.78,1,1.0,0,0.1429,1.0,0.681,0.1,3.0,0.1314,16.14
WRK-04514,0.3608,30.93,0,0.5476,0,0.8545,0.6978,0.658,2.99,0.0,0.0044,2.7
WRK-04515,0.4214,34.29,0,0.6197,0,0.7473,0.2722,0.658,0.02,4.0,0.1806,0.78
WRK-04516,0.4172,39.84,0,0.7142,0,0.4909,0.5251,0.7548,2.68,2.0,0.2513,2.42
WRK-04517,0.4829,87.9,0,1.0,0,0.7489,0.2537,0.3324,69.47,7.3,0.6999,14.92
WRK-04518,0.7801,81.12,1,1.0,0,0.0738,1.0,0.7806,0.64,3.0,0.0238,16.32
WRK-04519,0.4065,44.65,0,0.8445,0,0.5823,0.2297,0.4182,1.38,0.0,0.1189,6.1
WRK-04520,0.8006,80.68,0,0.7744,0,0.9605,0.7901,0.6007,3.41,1.0,0.2439,4.3
WRK-04521,0.4702,16.31,0,0.6641,0,0.358,0.8233,0.8623,0.28,0.0,0.2254,3.39
WRK-04522,0.3905,52.83,0,0.6612,0,0.9402,0.9258,0.884,1.56,1.0,0.1897,3.7
WRK-04523,0.6342,115.94,1,1.0,0,0.4837,0.5817,0.8355,1.97,4.0,0.3615,22.0
WRK-04524,0.152,19.51,0,0.5811,0,0.2398,1.0,0.8387,0.63,0.0,0.2568,2.61
WRK-04525,0.4239,58.21,0,0.8985,0,0.197,1.0,0.7343,2.35,1.0,0.0837,6.25
WRK-04526,0.5717,80.81,0,0.9149,0,0.1182,1.0,0.8985,1.65,4.0,0.3695,10.26
WRK-04527,0.7377,109.57,0,1.0,0,0.6864,0.1569,0.7872,6.76,2.0,0.1462,9.26
WRK-04528,0.7322,96.09,1,1.0,0,0.2129,1.0,0.7858,0.38,4.0,0.2191,19.29
WRK-04529,0.7357,149.27,0,1.0,0,0.5679,0.3146,0.2982,67.51,7.0,0.6602,16.53
WRK-04530,0.7617,79.27,0,0.9787,0,0.805,0.5481,0.2024,82.81,6.8,0.8178,20.33
WRK-04531,0.7179,110.9,0,1.0,1,0.6867,0.2241,0.7333,2.43,2.0,0.0238,9.49
WRK-04532,0.7324,42.87,0,0.8308,0,0.8517,0.5701,0.5071,0.83,1.0,0.3025,7.54
WRK-04533,0.4186,49.25,0,0.559,0,0.623,0.1675,0.1817,56.47,6.3,0.9891,19.22
WRK-04534,0.3452,51.31,0,0.8999,0,0.335,0.9299,0.6327,1.49,0.0,0.2985,7.37
WRK-04535,0.675,102.9,0,1.0,1,0.4056,0.7275,0.8562,1.27,2.0,0.043,9.13
WRK-04536,0.6202,98.84,0,0.9538,1,0.3871,0.7608,0.7821,3.67,4.0,0.2926,13.01
WRK-04537,0.7674,93.25,0,1.0,0,0.8584,0.7307,0.8386,3.43,5.0,0.3273,10.23
WRK-04538,0.3242,47.05,0,0.6508,0,0.8581,0.5214,0.9366,1.35,1.0,0.3843,1.89
WRK-04539,0.4262,37.06,0,0.6531,0,0.6304,0.3598,0.7886,2.0,3.0,0.3931,2.24
WRK-04540,0.4371,45.81,0,0.7745,1,0.6915,0.1267,0.8445,5.17,0.0,0.3142,2.47
WRK-04541,0.6142,97.72,0,1.0,0,0.4014,0.7395,0.8823,7.15,2.0,0.129,9.56
WRK-04542,0.4649,88.66,0,0.8656,0,0.488,0.4469,0.6218,0.46,0.0,0.1061,9.11
WRK-04543,0.4313,23.67,0,0.6156,0,0.3358,0.8313,0.2903,60.76,7.9,0.9026,17.88
WRK-04544,0.7433,56.57,0,0.8364,0,0.9131,0.7217,0.9113,1.98,1.0,0.1116,6.18
WRK-04545,0.6535,92.98,0,0.8955,1,0.4277,0.6383,0.6843,0.62,1.0,0.2835,12.35
WRK-04546,0.5462,47.92,0,0.8333,0,0.7072,0.4554,0.7576,2.9,1.0,0.0173,5.31
WRK-04547,0.5409,81.96,0,0.9042,0,0.2153,1.0,0.3814,3.93,1.0,0.1474,8.68
WRK-04548,0.3389,71.1,0,0.77,0,0.6465,0.0721,0.7012,1.44,2.0,0.1843,1.81
WRK-04549,0.5529,83.98,0,1.0,0,0.4737,0.5982,0.8114,0.06,1.0,0.2944,9.64
WRK-04550,0.4507,59.11,0,0.7758,0,0.4112,0.6722,0.4297,4.05,0.0,0.1507,5.05
WRK-04551,0.8162,106.83,1,1.0,0,0.05,1.0,0.7006,0.75,6.0,0.5714,16.06
WRK-04552,0.6718,97.82,1,1.0,0,0.444,0.6583,0.8411,0.26,3.0,0.2002,14.99
WRK-04553,0.6819,104.01,1,1.0,0,0.3171,0.8325,0.7785,5.08,5.0,0.2911,17.7
WRK-04554,0.6327,162.13,0,1.0,0,0.5175,0.4585,0.8404,0.39,1.0,0.1474,11.45
WRK-04555,0.4458,46.08,0,0.7072,0,1.0,1.0,0.6691,2.44,1.0,0.366,3.28
WRK-04556,0.5118,9.42,0,0.685,0,0.9769,1.0,0.7249,5.39,1.0,0.1553,4.03
WRK-04557,0.5073,53.2,1,0.9289,0,0.5404,0.6112,0.4579,0.15,2.0,0.2859,15.69
WRK-04558,0.3424,42.43,0,0.7103,0,0.375,0.9279,0.6983,2.11,1.0,0.1038,4.21
WRK-04559,0.4043,64.67,0,0.721,0,0.5055,0.5627,0.1622,56.2,8.8,0.7218,27.67
WRK-04560,0.4942,37.2,0,0.6135,0,0.7924,0.553,0.2284,104.24,6.0,0.7013,11.5
WRK-04561,0.6873,86.56,0,0.9654,0,0.8919,0.6098,0.5689,0.82,3.0,0.3155,8.74
WRK-04562,0.6208,95.77,0,1.0,0,0.7661,0.459,0.522,1.21,1.0,0.2997,8.51
WRK-04563,0.8189,108.9,1,1.0,0,0.5174,0.429,0.8591,1.21,5.0,0.1361,20.67
WRK-04564,0.5032,22.93,0,0.7443,1,0.9167,1.0,0.7981,0.45,3.0,0.3534,3.88
WRK-04565,0.4936,8.57,0,0.5812,0,0.4679,1.0,0.7099,0.58,1.0,0.3557,1.75
WRK-04566,0.5923,105.96,1,1.0,0,0.2796,1.0,0.8933,0.82,5.0,0.4281,21.74
WRK-04567,0.4045,44.36,0,0.7273,0,0.3434,0.8451,0.8427,1.43,0.0,0.1515,4.39
WRK-04568,0.2801,33.1,0,0.6155,0,0.5387,0.5811,0.7416,0.63,0.0,0.0119,1.84
WRK-04569,0.6632,78.51,0,1.0,0,0.7977,0.7128,0.867,3.1,0.0,0.3962,5.82
WRK-04570,0.581,58.76,0,0.8164,0,0.5021,0.4064,0.9097,0.88,0.0,0.1127,6.15
WRK-04571,0.3741,24.02,0,0.666,0,0.8832,1.0,0.9142,3.83,0.0,0.1077,3.92
WRK-04572,0.7965,122.77,1,1.0,0,0.528,0.355,0.6378,2.17,2.0,0.3139,19.52
WRK-04573,0.7362,88.88,0,0.9907,0,0.7667,0.5136,0.743,1.11,2.0,0.3094,9.42
WRK-04574,0.4849,41.06,0,0.6204,0,0.9401,0.8907,0.8009,8.08,4.0,0.3362,3.15
WRK-04575,0.347,65.22,1,0.781,1,0.7086,0.248,0.6951,0.85,3.0,0.2219,8.5
WRK-04576,0.4755,46.94,0,0.7598,0,0.7503,0.7288,0.5949,1.0,1.0,0.3967,2.22
WRK-04577,0.6251,92.56,1,0.9412,0,0.4801,0.4378,0.6507,0.22,6.0,0.3631,17.21
WRK-04578,0.6033,53.63,0,1.0,0,0.2892,0.9174,0.6772,1.29,1.0,0.3684,4.55
WRK-04579,0.4782,72.49,0,1.0,0,0.5999,0.2838,0.1259,51.87,5.5,0.997,13.23
WRK-04580,0.5025,100.18,0,1.0,0,0.7739,0.7817,0.1949,20.93,7.0,0.7146,32.0
WRK-04581,0.5383,22.78,0,0.7544,1,0.5854,0.1663,0.9342,1.41,0.0,0.2939,1.51
WRK-04582,0.3599,18.54,0,0.5749,0,0.2495,1.0,0.6442,3.06,0.0,0.1375,4.26
WRK-04583,0.4805,55.26,0,0.811,0,0.4789,0.5744,0.4434,1.16,1.0,0.3594,8.11
WRK-04584,0.4632,97.16,0,0.8534,0,0.2218,1.0,0.8352,0.83,4.0,0.3512,12.55
WRK-04585,0.7692,121.94,0,0.9906,0,0.6451,0.1415,0.7152,0.57,1.0,0.1632,11.68
WRK-04586,0.6055,125.39,1,1.0,0,0.5353,0.3235,0.9064,0.1,4.0,0.4014,14.16
WRK-04587,0.5943,44.13,0,0.9308,1,0.1647,1.0,0.6722,4.92,1.0,0.104,3.88
WRK-04588,0.5146,70.64,0,1.0,0,0.4217,0.7086,0.8104,0.03,0.0,0.2384,3.06
WRK-04589,0.6506,96.72,1,0.9702,0,0.4434,0.6356,0.2546,59.55,10.8,0.9056,32.97
WRK-04590,0.3579,73.31,0,1.0,0,0.848,0.5865,0.8174,2.51,2.0,0.3752,4.12
WRK-04591,0.2959,32.65,0,0.7204,0,0.5077,0.3665,0.5837,1.73,2.0,0.3736,0.67
WRK-04592,0.6575,76.42,0,0.9434,1,0.5371,0.3444,0.7009,1.21,1.0,0.3385,7.02
WRK-04593,0.5489,107.49,1,1.0,0,0.05,1.0,0.1697,45.64,10.5,1.0,43.49
WRK-04594,0.5126,53.57,1,0.7885,0,0.3521,0.7946,0.2904,1.74,1.0,0.3964,6.64
WRK-04595,0.6794,78.67,1,0.9186,0,0.1382,1.0,0.5316,0.35,3.0,0.269,13.15
WRK-04596,0.7176,121.55,0,1.0,0,0.2652,1.0,0.5069,0.92,2.0,0.1016,10.4
WRK-04597,0.2048,2.55,0,0.4572,1,0.4688,0.5642,0.7039,1.05,1.0,0.3427,0.95
WRK-04598,0.5741,89.71,0,0.9713,0,0.4489,0.6425,0.8795,0.75,3.0,0.1016,8.68
WRK-04599,0.3798,24.23,0,0.4159,0,0.4028,0.7805,0.8574,4.55,0.0,0.3092,4.45
WRK-04600,0.5576,54.69,0,0.5784,0,0.9355,0.8566,0.8901,2.45,0.0,0.0732,1.48
WRK-04601,0.3241,17.74,0,0.5569,0,0.9804,0.834,0.7789,0.04,3.0,0.0845,7.39
WRK-04602,0.4491,22.21,0,0.6204,0,0.8991,0.8501,0.6624,2.08,0.0,0.0213,3.6
WRK-04603,0.4416,71.36,0,1.0,0,0.1152,1.0,0.747,2.42,2.0,0.0415,5.27
WRK-04604,0.4544,58.39,0,0.7718,0,0.549,0.3568,0.2098,25.5,3.2,0.9344,26.45
WRK-04605,0.6472,21.85,0,0.7132,0,0.6003,0.3465,0.8059,1.12,0.0,0.3823,1.57
WRK-04606,0.6523,83.17,0,0.8972,0,0.3621,0.7846,0.3342,23.54,8.1,0.8412,22.09
WRK-04607,0.4948,35.23,0,0.9119,1,0.7462,0.5117,0.5757,2.28,2.0,0.2462,3.96
WRK-04608,0.7934,79.94,1,0.9722,0,0.435,0.5592,0.7426,2.8,2.0,0.0029,15.39
WRK-04609,0.4536,63.87,0,0.8663,0,0.3601,0.7502,0.5447,1.83,0.0,0.224,6.27
WRK-04610,0.7673,83.33,0,0.9458,0,0.1733,1.0,0.4896,1.37,2.0,0.091,12.73
WRK-04611,0.6652,79.74,1,1.0,0,0.3555,0.7367,0.7184,9.04,2.0,0.2537,12.99
WRK-04612,0.5925,72.64,0,1.0,0,0.6578,0.2038,0.6297,3.34,1.0,0.2645,5.72
WRK-04613,0.4719,72.48,0,0.7226,0,0.7002,0.4187,0.7325,0.66,1.0,0.2209,3.63
WRK-04614,0.6848,97.46,1,0.8317,0,0.309,1.0,0.3114,69.22,9.7,0.8114,40.81
WRK-04615,0.6605,85.28,1,1.0,0,0.3868,1.0,0.7753,2.59,5.0,0.0952,14.82
WRK-04616,0.6396,79.23,1,0.8839,0,0.3622,1.0,0.8951,0.07,2.0,0.0899,15.27
WRK-04617,0.4799,86.54,1,1.0,1,0.5717,0.2013,0.9207,4.35,5.0,0.2163,11.58
WRK-04618,0.6146,75.2,0,0.7015,0,0.6312,0.0856,0.6439,0.89,0.0,0.2143,4.04
WRK-04619,0.4768,58.53,0,0.8492,0,0.814,0.7361,0.7153,2.38,0.0,0.1541,5.32
WRK-04620,0.3638,26.75,0,0.6727,0,0.5213,0.4572,0.8495,1.36,0.0,0.3494,1.98
WRK-04621,0.5303,81.0,0,0.8177,0,0.285,1.0,0.8323,3.14,4.0,0.2263,11.85
WRK-04622,0.2456,19.23,0,0.5323,0,0.763,0.3295,0.7904,3.1,2.0,0.0014,0.0
WRK-04623,0.3119,93.93,0,0.9031,1,0.8272,0.5764,0.6976,4.29,1.0,0.3726,11.2
WRK-04624,0.7694,89.75,1,0.9681,0,0.6331,0.1855,0.6981,2.36,5.0,0.398,16.44
WRK-04625,0.5879,93.18,0,0.9687,0,0.6877,0.24,0.2256,51.68,8.4,0.9273,28.93
WRK-04626,0.704,112.01,1,1.0,0,0.384,0.7064,0.3231,34.39,6.8,0.8299,40.02
WRK-04627,0.7309,77.88,1,1.0,0,0.1884,1.0,0.8821,1.1,5.0,0.3302,10.95
WRK-04628,0.5448,36.11,0,0.733,0,0.9931,1.0,0.6324,0.06,0.0,0.2292,6.03
WRK-04629,0.4851,61.54,0,0.7017,0,0.582,0.3792,0.6301,0.17,0.0,0.0338,1.6
WRK-04630,0.4927,50.08,0,0.9903,0,0.6607,0.2436,0.8278,1.19,0.0,0.2994,6.6
WRK-04631,0.3332,13.91,0,0.7718,1,0.6725,0.7031,0.7183,0.91,2.0,0.0517,2.98
WRK-04632,0.4541,76.23,0,1.0,1,0.7001,0.2518,0.7953,3.08,1.0,0.0826,6.23
WRK-04633,0.514,83.31,0,1.0,1,0.6189,0.1113,0.7461,1.83,1.0,0.0956,6.76
WRK-04634,0.6812,38.13,0,0.7201,0,0.4766,0.5204,0.3229,2.42,2.0,0.0445,4.02
WRK-04635,0.8549,86.15,0,1.0,0,0.7769,0.446,0.5808,0.87,0.0,0.3662,7.72
WRK-04636,0.3409,58.65,0,0.8261,0,0.4346,0.5516,0.6784,0.47,1.0,0.301,6.83
WRK-04637,0.422,62.44,0,0.8291,0,0.347,0.8292,0.8302,1.5,0.0,0.3905,3.67
WRK-04638,0.5547,56.79,0,0.8547,0,0.4598,0.5274,0.8376,0.61,1.0,0.2005,7.09
WRK-04639,0.7716,80.72,0,0.9194,0,0.5645,0.2959,0.2166,60.33,9.7,0.7826,24.7
WRK-04640,0.461,26.61,0,0.5313,1,0.836,0.6689,0.6524,0.25,1.0,0.096,1.68
WRK-04641,0.478,63.86,0,0.7102,0,0.5835,0.2456,0.5705,0.43,1.0,0.0082,0.56
WRK-04642,0.7333,94.24,0,1.0,0,0.7269,0.2928,0.4718,0.45,2.0,0.1559,7.27
WRK-04643,0.4905,32.66,0,0.5964,0,0.4849,0.4844,0.7854,1.29,1.0,0.0131,1.84
WRK-04644,0.8169,140.93,1,1.0,0,0.3273,0.8591,0.7113,3.93,5.0,0.2998,16.46
WRK-04645,0.8126,51.87,0,0.9533,0,0.6752,0.1329,0.528,2.03,0.0,0.2618,6.77
WRK-04646,0.7165,111.54,1,0.8179,0,0.3145,0.8399,0.6414,0.45,7.0,0.4139,22.46
WRK-04647,0.3721,48.28,0,0.7147,0,0.4521,0.7491,0.8318,0.28,0.0,0.0347,1.11
WRK-04648,0.7814,93.39,1,1.0,0,0.1061,1.0,0.6648,0.73,2.0,0.3725,21.61
WRK-04649,0.5453,69.22,1,1.0,1,0.1756,1.0,0.7659,1.9,2.0,0.2196,13.47
WRK-04650,0.4647,66.88,0,0.9755,1,0.5113,0.398,0.8335,1.9,1.0,0.0108,2.13
WRK-04651,0.6519,118.23,1,1.0,0,0.05,1.0,0.1058,57.21,8.3,0.8869,33.07
WRK-04652,0.4707,13.6,0,0.5342,0,0.7519,0.2764,0.6303,2.63,0.0,0.1906,4.07
WRK-04653,0.6131,113.47,0,1.0,1,0.7744,0.5161,0.8555,3.13,3.0,0.0917,11.44
WRK-04654,0.49,30.32,0,0.9373,0,0.6358,0.1757,0.5303,9.43,0.0,0.0362,2.34
WRK-04655,0.6989,69.47,1,0.9332,0,0.3396,0.8352,0.0991,39.51,8.3,0.7107,24.88
WRK-04656,0.5781,26.24,0,0.7233,1,0.6118,0.1117,0.5562,2.4,1.0,0.3175,4.26
WRK-04657,0.5889,28.63,0,0.9446,1,0.8737,0.6458,0.1996,85.73,4.7,0.8453,29.19
WRK-04658,0.6082,125.25,0,1.0,0,0.1276,1.0,0.7985,0.39,1.0,0.3964,13.72
WRK-04659,0.8307,52.61,0,0.7742,1,0.8135,0.4164,0.8678,0.72,0.0,0.0766,5.83
WRK-04660,0.7138,117.61,1,0.9026,0,0.1662,1.0,0.8274,0.4,10.0,0.4923,20.18
WRK-04661,0.4925,44.73,0,0.6614,1,0.9281,0.8185,0.8991,1.85,0.0,0.257,2.16
WRK-04662,0.7907,80.45,0,0.9064,0,0.5659,0.3175,0.6311,0.35,2.0,0.1882,6.14
WRK-04663,0.5141,2.68,0,0.8553,0,0.3073,1.0,0.8046,1.33,0.0,0.0638,11.67
WRK-04664,0.6729,145.13,0,1.0,1,0.7057,0.194,0.6197,1.45,3.0,0.0621,9.53
WRK-04665,0.3797,54.65,0,1.0,1,0.2224,1.0,0.6509,1.54,1.0,0.1397,4.97
WRK-04666,0.4362,46.53,1,0.7916,0,0.6022,0.313,0.8281,1.04,2.0,0.2267,6.46
WRK-04667,0.3609,46.88,0,0.9739,1,0.5453,0.459,0.3257,57.5,4.7,0.8153,29.66
WRK-04668,0.6098,38.37,0,0.7953,0,0.3543,0.8316,0.8993,0.72,1.0,0.1392,3.26
WRK-04669,0.4336,58.92,0,0.6067,0,0.7965,0.4574,0.8351,0.55,0.0,0.1177,3.84
WRK-04670,0.6578,86.52,1,0.9354,0,0.3958,0.6387,0.8762,0.13,4.0,0.3994,15.58
WRK-04671,0.712,263.07,1,1.0,0,0.1861,1.0,0.6235,0.14,2.0,0.1401,23.24
WRK-04672,0.4609,47.31,0,0.6511,0,0.9236,0.864,0.7458,1.64,0.0,0.3924,3.46
WRK-04673,0.4591,21.37,0,0.9091,1,0.217,1.0,0.5304,0.42,0.0,0.1816,3.14
WRK-04674,0.4663,54.78,0,0.7335,0,0.4321,0.6979,0.7884,0.94,0.0,0.1361,4.22
WRK-04675,0.506,50.63,0,0.7586,1,0.4692,0.5288,0.5514,0.88,0.0,0.1681,0.0
WRK-04676,0.3374,77.51,0,1.0,1,0.7854,0.396,0.6624,0.4,0.0,0.3062,4.23
WRK-04677,0.7048,99.22,1,1.0,0,0.0762,1.0,0.5316,2.47,4.0,0.1882,15.26
WRK-04678,0.5161,97.69,0,1.0,0,0.7155,0.1806,0.8124,0.75,2.0,0.398,8.58
WRK-04679,0.3906,50.2,0,0.6959,1,0.7548,0.3428,0.5317,1.65,2.0,0.3235,2.06
WRK-04680,0.6269,97.05,0,1.0,0,0.548,0.5808,0.7887,4.42,1.0,0.1566,9.47
WRK-04681,0.5945,43.64,1,0.8858,0,0.3732,0.9798,0.4354,1.13,3.0,0.3529,12.19
WRK-04682,0.4574,31.59,1,0.6661,0,0.3474,1.0,0.6786,0.28,3.0,0.1478,8.34
WRK-04683,0.268,50.13,0,0.6579,1,0.4192,0.666,0.7458,1.02,2.0,0.1691,3.4
WRK-04684,0.7307,86.36,1,1.0,0,0.4428,0.6913,0.0994,37.22,8.4,0.6504,34.86
WRK-04685,0.6169,73.18,0,0.962,0,0.4009,0.6489,0.6952,1.98,3.0,0.1289,4.53
WRK-04686,0.2796,66.74,0,0.7372,0,0.4719,0.4796,0.7926,0.29,1.0,0.06,1.33
WRK-04687,0.4221,14.36,0,0.5055,0,0.5404,0.3244,0.8448,0.44,1.0,0.3979,2.35
WRK-04688,0.3207,98.57,0,0.9099,0,0.2763,1.0,0.3001,120.17,5.6,0.936,37.61
WRK-04689,0.6371,88.21,1,1.0,0,0.05,1.0,0.5755,3.89,6.0,0.3404,23.4
WRK-04690,0.354,54.03,0,0.729,0,0.6864,0.1749,0.4954,0.43,0.0,0.2308,0.87
WRK-04691,0.7842,108.73,1,1.0,0,0.6036,0.1782,0.7957,4.14,1.0,0.5427,15.26
WRK-04692,0.8236,124.15,1,1.0,0,0.5393,0.2904,0.6109,3.48,5.0,0.6116,23.02
WRK-04693,0.4682,28.03,0,0.6758,0,0.3808,0.7154,0.9117,9.05,1.0,0.3492,3.66
WRK-04694,0.4377,61.21,0,0.7396,0,0.6617,0.229,0.5888,3.94,2.0,0.1449,1.88
WRK-04695,0.2058,35.36,0,0.6528,0,0.5568,0.5506,0.7813,2.85,0.0,0.2705,1.23
WRK-04696,0.4813,70.23,0,0.8299,0,0.7443,0.3307,0.5709,0.3,2.0,0.0136,4.38
WRK-04697,0.8376,139.34,1,1.0,0,0.05,1.0,0.6223,2.97,1.0,0.232,21.96
WRK-04698,0.8187,114.08,1,1.0,0,0.3395,0.8432,0.5616,5.59,2.0,0.2053,26.36
WRK-04699,0.517,88.02,0,1.0,0,0.5209,0.4974,0.5122,1.22,0.0,0.1148,6.01
WRK-04700,0.6248,109.27,1,1.0,0,0.346,0.7749,0.7682,2.19,6.0,0.4614,16.42
WRK-04701,0.338,24.88,0,0.5592,0,0.4207,0.6316,0.8369,2.95,1.0,0.0166,2.87
WRK-04702,0.8747,110.62,1,1.0,0,0.476,0.51,0.6265,2.01,6.0,0.5279,17.45
WRK-04703,0.5367,96.19,0,0.8546,0,0.2794,1.0,0.8153,2.29,4.0,0.01,10.89
WRK-04704,0.3582,53.23,0,0.7094,0,0.6688,0.4506,0.6303,4.82,0.0,0.1873,0.45
WRK-04705,0.4754,56.32,0,0.8463,0,0.9063,0.8682,0.1022,66.23,7.7,0.8308,20.3
WRK-04706,0.5155,9.79,0,0.7256,0,0.3718,0.7191,0.853,3.19,1.0,0.2247,4.03
WRK-04707,0.5855,99.96,0,0.9436,0,0.4611,0.5985,0.2102,66.29,5.8,0.8334,22.56
WRK-04708,0.7722,75.73,0,1.0,0,0.4959,0.4417,0.5107,2.67,0.0,0.1674,7.76
WRK-04709,0.4869,50.67,0,0.7419,0,0.564,0.2628,0.6004,6.92,0.0,0.3549,0.82
WRK-04710,0.6495,111.09,0,0.9166,0,0.5262,0.4471,0.6011,6.7,1.0,0.0044,11.24
WRK-04711,0.3883,72.72,1,1.0,0,0.4503,0.5768,0.8188,0.71,2.0,0.153,14.69
WRK-04712,0.6138,66.85,0,0.7774,0,0.7247,0.1942,0.3028,63.44,6.2,0.857,12.71
WRK-04713,0.378,7.99,0,0.5063,0,0.6771,0.5197,0.8979,3.42,1.0,0.22,2.91
WRK-04714,0.7918,95.15,0,0.777,0,0.5153,0.4193,0.5957,0.2,1.0,0.1849,5.71
WRK-04715,0.7915,80.61,0,1.0,0,0.3422,0.8167,0.6488,0.84,3.0,0.0619,7.26
WRK-04716,0.6083,96.73,1,1.0,0,0.509,0.5269,0.7967,1.86,2.0,0.1098,18.99
WRK-04717,0.339,2.69,0,0.4736,0,0.647,0.1135,0.5897,4.37,0.0,0.3418,3.56
WRK-04718,0.4957,22.65,0,0.4654,0,0.5294,0.5009,0.9093,1.22,4.0,0.1914,6.51
WRK-04719,0.797,106.22,1,0.9302,0,0.4484,0.846,0.6932,0.46,3.0,0.2613,24.69
WRK-04720,0.3998,35.72,0,0.8079,0,0.5957,0.2496,0.7788,0.21,1.0,0.1302,2.38
WRK-04721,0.694,94.05,0,0.9619,0,0.4519,0.6026,0.6524,1.92,2.0,0.2449,10.16
WRK-04722,0.4403,44.83,1,0.6931,0,0.2486,1.0,0.7314,1.87,3.0,0.1836,11.54
WRK-04723,0.2973,22.43,0,0.7005,0,1.0,1.0,0.9239,0.35,2.0,0.006,3.08
WRK-04724,0.7409,79.04,0,1.0,0,0.7409,0.2562,0.6416,6.71,1.0,0.1497,8.73
WRK-04725,0.372,54.57,0,0.8745,0,0.6941,0.3232,0.6444,0.61,0.0,0.038,5.99
WRK-04726,0.6427,68.85,0,0.8623,0,0.2668,1.0,0.7303,1.7,2.0,0.3382,5.98
WRK-04727,0.6561,136.33,1,1.0,0,0.2338,1.0,0.7126,0.86,2.0,0.4273,19.96
WRK-04728,0.34,36.81,1,0.706,0,0.8003,0.5757,0.7319,0.35,0.0,0.256,10.03
WRK-04729,0.7143,122.03,0,1.0,1,0.8051,0.4661,0.6796,2.55,0.0,0.3112,14.41
WRK-04730,0.3188,36.5,0,0.6447,0,0.2827,1.0,0.5642,3.53,0.0,0.2066,1.69
WRK-04731,0.5059,22.14,0,0.7155,1,0.2986,1.0,0.6503,3.59,0.0,0.2313,5.56
WRK-04732,0.4395,65.75,0,0.6617,0,0.6965,0.1494,0.8107,1.61,1.0,0.2797,1.7
WRK-04733,0.5936,69.11,1,0.8712,0,0.1043,1.0,0.8092,0.03,3.0,0.3133,18.99
WRK-04734,0.4672,58.93,1,1.0,0,0.0662,1.0,0.6957,2.95,2.0,0.2252,15.43
WRK-04735,0.4061,51.03,0,0.713,0,0.68,0.3416,0.7704,2.09,0.0,0.2989,0.0
WRK-04736,0.8207,85.96,0,0.856,1,0.2035,1.0,0.5601,0.13,0.0,0.0519,8.87
WRK-04737,0.6738,95.55,0,1.0,0,0.5837,0.2196,0.7584,0.99,3.0,0.1041,9.01
WRK-04738,0.4657,71.43,0,1.0,0,0.4002,0.9416,0.7266,2.34,2.0,0.1097,7.23
WRK-04739,0.5376,87.77,0,1.0,0,0.0987,1.0,0.6928,0.87,1.0,0.0863,12.94
WRK-04740,0.551,92.32,0,1.0,0,0.7608,0.5943,0.7821,1.68,4.0,0.2202,10.55
WRK-04741,0.5369,49.93,1,1.0,0,0.4602,0.5397,0.6261,0.58,4.0,0.0226,9.22
WRK-04742,0.7267,82.9,0,0.8138,1,0.9984,0.9182,0.209,52.65,5.0,0.7064,26.16
WRK-04743,0.7815,79.54,1,0.7629,0,0.0978,1.0,0.3896,7.95,8.0,0.0519,10.77
WRK-04744,0.5512,84.02,1,1.0,0,0.3749,0.9978,0.635,0.74,4.0,0.1503,20.61
WRK-04745,0.504,84.3,0,0.8195,0,0.6592,0.2699,0.5682,0.11,5.0,0.1809,8.49
WRK-04746,0.4712,53.0,0,1.0,0,0.8398,0.5976,0.2141,50.81,8.0,0.7007,25.65
WRK-04747,0.381,46.96,0,0.8852,0,0.271,1.0,0.6625,0.26,1.0,0.0619,6.15
WRK-04748,0.6488,60.15,1,0.9453,0,0.2261,1.0,0.7435,5.19,3.0,0.3976,16.39
WRK-04749,0.3279,66.53,0,0.5977,0,0.4062,0.7114,0.8174,5.22,1.0,0.2244,1.72
WRK-04750,0.3659,75.31,0,0.931,0,0.7245,0.3625,0.8328,1.88,0.0,0.1432,5.76
WRK-04751,0.7652,70.44,0,0.9688,0,0.3825,0.7387,0.6786,1.1,1.0,0.387,5.11
WRK-04752,0.68,35.13,0,0.8648,1,0.4306,0.9128,0.8502,0.2,1.0,0.1678,6.38
WRK-04753,0.4652,54.44,0,0.8747,0,0.6647,0.0514,0.7012,0.46,1.0,0.3966,5.58
WRK-04754,0.5299,76.33,0,0.8965,0,0.4439,0.9951,0.5194,0.97,1.0,0.386,9.55
WRK-04755,0.3903,11.26,0,0.5788,0,0.4363,0.5417,0.0814,93.09,7.2,0.8195,9.83
WRK-04756,0.61,133.97,0,1.0,0,0.4619,0.4707,0.1304,25.95,6.8,0.7137,31.72
WRK-04757,0.5001,94.45,1,0.9505,0,0.2866,1.0,0.8099,0.9,6.0,0.2462,19.48
WRK-04758,0.6124,21.49,0,0.9127,1,0.4483,0.7578,0.8266,2.32,2.0,0.2942,7.71
WRK-04759,0.5562,76.87,0,0.9243,0,0.1947,1.0,0.6203,1.78,0.0,0.1797,8.92
WRK-04760,0.2978,75.29,0,0.7763,0,0.8198,0.5004,0.7048,5.08,1.0,0.0656,5.52
WRK-04761,0.4211,18.62,0,0.5369,0,0.8135,0.4648,0.7239,0.83,1.0,0.2255,4.25
WRK-04762,0.5349,57.67,0,0.684,1,0.825,0.5614,0.6097,0.75,0.0,0.1064,1.18
WRK-04763,0.7073,196.73,0,1.0,0,0.5485,0.4151,0.8343,2.24,5.0,0.0229,13.55
WRK-04764,0.5956,35.5,0,0.8432,1,0.7216,0.1886,0.72,0.82,0.0,0.2001,5.44
WRK-04765,0.723,85.89,0,0.7966,0,0.7971,0.6118,0.8438,0.91,3.0,0.2355,8.89
WRK-04766,0.5328,8.18,0,0.9064,1,0.8297,0.7095,0.6422,3.13,1.0,0.3871,5.03
WRK-04767,0.5624,97.12,0,0.9991,0,0.3887,0.6673,0.887,0.85,5.0,0.2367,13.15
WRK-04768,0.7652,104.51,0,1.0,0,0.7029,0.3823,0.2585,35.51,11.5,0.9466,32.14
WRK-04769,0.769,122.11,1,1.0,0,0.46,0.6791,0.4564,1.88,4.0,0.27,21.03
WRK-04770,0.7915,134.07,1,1.0,0,0.3425,0.7919,0.6745,1.03,4.0,0.1983,22.68
WRK-04771,0.505,59.52,1,1.0,0,0.05,1.0,0.7627,1.32,3.0,0.1499,21.41
WRK-04772,0.3565,50.32,1,0.7302,0,0.6756,0.0904,0.8825,6.96,2.0,0.1066,9.8
WRK-04773,0.6052,8.92,0,0.8546,0,0.5117,0.4186,0.6584,2.09,1.0,0.3666,7.11
WRK-04774,0.3799,20.23,0,0.6758,0,0.6312,0.0855,0.8218,1.95,0.0,0.2691,1.2
WRK-04775,0.4414,80.32,0,1.0,0,0.3828,0.6811,0.8075,2.83,5.0,0.0103,6.16
WRK-04776,0.6964,134.75,0,1.0,1,0.7274,0.38,0.7489,0.97,4.0,0.0604,12.9
WRK-04777,0.4248,63.51,0,1.0,0,0.6067,0.1754,0.5437,0.38,0.0,0.261,2.79
WRK-04778,0.4711,40.1,1,0.6264,0,0.05,1.0,0.8595,1.17,1.0,0.3104,12.79
WRK-04779,0.6066,108.02,1,1.0,0,0.2005,1.0,0.3489,49.96,10.2,1.0,40.18
WRK-04780,0.6405,106.64,1,1.0,0,0.4456,0.5874,0.7894,1.04,5.0,0.3377,16.49
WRK-04781,0.4237,59.03,0,0.7277,1,0.9747,0.8409,0.2586,66.52,7.4,0.7539,23.06
WRK-04782,0.7791,89.82,0,0.9302,0,0.5209,0.4932,0.7279,0.2,3.0,0.0299,9.92
WRK-04783,0.5643,68.98,1,1.0,1,0.3881,1.0,0.2945,61.4,8.2,0.6416,26.14
WRK-04784,0.3187,71.51,1,0.9034,1,0.0817,1.0,0.1349,59.69,5.0,0.9618,42.16
WRK-04785,0.5581,50.47,0,0.7608,1,0.3482,0.9345,0.7181,0.07,0.0,0.304,1.36
WRK-04786,0.588,55.84,0,1.0,0,0.4074,0.6791,0.9088,1.62,0.0,0.1155,6.52
WRK-04787,0.5561,73.76,0,0.9086,0,0.4442,0.645,0.6006,1.09,0.0,0.0772,6.82
WRK-04788,0.5183,134.69,1,1.0,0,0.3996,0.9409,0.7774,1.41,5.0,0.5724,15.8
WRK-04789,0.4742,67.09,1,0.9582,0,0.0855,1.0,0.7122,0.52,7.0,0.283,14.43
WRK-04790,0.7398,114.79,0,1.0,0,0.2599,0.9988,0.1316,98.23,8.1,0.6936,27.01
WRK-04791,0.6773,53.02,0,0.8277,0,0.5322,0.396,0.6642,1.42,1.0,0.1679,4.61
WRK-04792,0.3103,20.49,0,0.5669,0,0.9214,0.6917,0.8568,8.47,1.0,0.0562,1.9
WRK-04793,0.5202,12.77,0,0.5056,0,0.5417,0.3081,0.6762,6.27,0.0,0.359,1.28
WRK-04794,0.3018,104.39,0,1.0,0,0.6256,0.2127,0.8496,1.2,0.0,0.2431,11.33
WRK-04795,0.6506,90.77,0,0.895,0,0.3448,0.7754,0.7245,0.34,3.0,0.0571,10.3
WRK-04796,0.5166,37.71,0,0.7826,0,0.4851,0.4864,0.6465,1.05,0.0,0.3212,2.1
WRK-04797,0.7422,98.23,1,1.0,0,0.1566,1.0,0.6495,2.1,4.0,0.0791,15.59
WRK-04798,0.8239,84.69,1,0.988,0,0.2515,1.0,0.4957,1.02,3.0,0.3521,21.82
WRK-04799,0.7563,78.11,1,0.8967,0,0.159,1.0,0.875,0.39,1.0,0.0285,16.52
WRK-04800,0.542,142.24,1,1.0,0,0.133,1.0,0.5285,1.34,4.0,0.3417,19.31
WRK-04801,0.719,81.6,0,0.8864,0,0.5126,0.4697,0.7237,0.66,1.0,0.3816,10.86
WRK-04802,0.6907,105.53,0,1.0,0,0.6986,0.1599,0.8605,0.39,1.0,0.103,8.0
WRK-04803,0.4163,18.86,0,0.7721,1,0.8651,0.5496,0.1407,78.39,4.7,0.9663,27.03
WRK-04804,0.2846,61.72,0,0.7957,0,0.5739,0.3917,0.7028,0.89,0.0,0.3769,4.04
WRK-04805,0.483,54.26,0,0.7073,0,0.5204,0.8082,0.8927,1.19,0.0,0.1691,3.22
WRK-04806,0.4356,57.77,0,0.8469,0,0.7545,0.4715,0.8078,1.01,2.0,0.1138,4.96
WRK-04807,0.5772,111.25,1,0.9341,0,0.2564,1.0,0.5611,2.16,6.0,0.3478,12.97
WRK-04808,0.3633,17.92,0,0.6557,0,0.8765,0.6868,0.5532,0.64,2.0,0.2724,2.51
WRK-04809,0.7091,58.74,0,0.9546,0,0.7627,0.3584,0.7182,0.61,0.0,0.28,4.31
WRK-04810,0.4434,49.17,0,0.768,0,0.4911,0.6234,0.315,113.25,5.9,0.6441,25.44
WRK-04811,0.4258,17.91,0,0.7405,0,0.5926,0.4264,0.7328,3.87,0.0,0.0445,4.21
WRK-04812,0.7008,43.94,0,0.8785,0,0.254,1.0,0.1307,33.99,8.8,0.633,25.62
WRK-04813,0.7303,113.69,1,1.0,0,0.2562,1.0,0.8463,0.58,5.0,0.3026,23.34
WRK-04814,0.6232,85.99,0,1.0,0,0.3956,0.6414,0.8103,0.38,3.0,0.2118,10.17
WRK-04815,0.3764,28.16,1,0.6262,0,0.6759,0.1502,0.688,0.22,1.0,0.2867,7.48
WRK-04816,0.5088,86.77,0,1.0,0,0.4202,0.5844,0.7799,2.82,1.0,0.0107,9.69
WRK-04817,0.3596,48.26,0,0.7537,0,0.5409,0.3977,0.6694,2.92,0.0,0.1786,5.44
WRK-04818,0.5058,84.45,0,1.0,0,0.2607,1.0,0.6773,0.72,2.0,0.2804,13.18
WRK-04819,0.5435,131.95,1,1.0,0,0.05,1.0,0.7377,0.92,6.0,0.2129,23.02
WRK-04820,0.3744,4.52,0,0.4927,1,0.7415,0.3449,0.5497,2.92,1.0,0.3212,0.29
WRK-04821,0.5565,107.97,0,1.0,0,0.3671,1.0,0.5709,0.41,3.0,0.2513,12.32
WRK-04822,0.3106,74.13,0,0.7139,0,0.6637,0.107,0.8304,1.45,1.0,0.1426,2.52
WRK-04823,0.5117,24.18,0,0.6493,0,0.8536,0.5935,0.6283,0.34,0.0,0.0661,3.55
WRK-04824,0.3847,9.43,1,0.6436,0,0.6394,0.1205,0.2818,62.77,7.5,0.7666,13.29
WRK-04825,0.6966,106.83,1,0.9231,0,0.05,1.0,0.6003,1.92,3.0,0.4719,20.07
WRK-04826,0.5191,103.33,0,1.0,0,0.4112,0.6647,0.6602,2.69,2.0,0.3903,13.07
WRK-04827,0.5022,39.98,0,0.9538,0,0.8184,0.436,0.8675,2.24,2.0,0.249,6.07
WRK-04828,0.6869,86.77,0,1.0,0,0.1055,1.0,0.6787,0.01,2.0,0.0645,12.6
WRK-04829,0.3955,26.76,0,0.5294,0,0.4241,0.6487,0.7142,0.25,0.0,0.0477,2.23
WRK-04830,0.5077,160.29,0,1.0,0,0.4033,0.7642,0.592,0.29,2.0,0.063,12.83
WRK-04831,0.4966,62.54,1,1.0,0,0.31,0.8551,0.843,0.25,4.0,0.2301,12.27
WRK-04832,0.7493,77.56,0,1.0,0,0.536,0.319,0.6334,1.88,0.0,0.129,3.59
WRK-04833,0.7827,98.72,0,0.9454,0,0.7637,0.3273,0.1404,47.76,7.6,0.9756,35.13
WRK-04834,0.4976,32.98,0,0.8343,0,0.7637,0.3134,0.8603,0.01,4.0,0.0208,7.92
WRK-04835,0.2006,28.14,1,0.4926,0,0.7484,0.5135,0.6277,0.97,4.0,0.0916,14.0
WRK-04836,0.5703,106.03,0,0.9403,1,0.8821,0.7099,0.7158,1.2,1.0,0.1445,8.53
WRK-04837,0.4622,31.37,0,0.7894,0,0.2603,1.0,0.4074,3.65,1.0,0.1061,1.39
WRK-04838,0.7789,168.77,1,1.0,0,0.1018,1.0,0.6886,0.66,2.0,0.362,25.29
WRK-04839,0.2327,96.88,0,0.7767,0,0.8689,0.6351,0.6977,2.42,2.0,0.2898,6.14
WRK-04840,0.3441,17.76,0,0.5,0,0.9901,0.8657,0.8117,2.66,1.0,0.164,4.15
WRK-04841,0.5641,56.45,1,0.6205,0,0.5252,0.3699,0.8345,9.8,3.0,0.195,4.46
WRK-04842,0.7206,108.65,1,1.0,0,0.05,1.0,0.7803,0.03,4.0,0.2927,20.86
WRK-04843,0.7917,87.27,1,1.0,0,0.05,1.0,0.3946,5.68,3.0,0.3412,15.14
WRK-04844,0.4187,37.9,0,0.8885,0,0.8413,0.9528,0.7212,4.66,2.0,0.1399,4.99
WRK-04845,0.3218,90.78,0,0.7851,0,0.3082,0.9801,0.5979,0.44,1.0,0.3442,5.24
WRK-04846,0.565,51.67,1,0.8479,1,0.6995,0.6087,0.5245,1.61,2.0,0.3705,17.88
WRK-04847,0.4581,63.41,0,0.9105,1,0.5152,0.6634,0.2572,0.66,0.0,0.1807,5.83
WRK-04848,0.7283,152.43,0,1.0,0,0.8337,0.5056,0.8825,0.4,2.0,0.3349,10.46
WRK-04849,0.4605,43.33,0,0.8417,0,0.4574,1.0,0.4126,1.95,1.0,0.1303,6.62
WRK-04850,0.3881,36.81,1,0.6546,0,0.7988,0.4448,0.8385,5.92,2.0,0.3387,8.89
WRK-04851,0.2883,18.74,0,0.615,1,0.7376,0.3675,0.8761,0.05,0.0,0.2242,0.0
WRK-04852,0.4949,44.68,0,0.7537,0,0.831,0.8733,0.6703,3.4,1.0,0.3646,3.0
WRK-04853,0.9382,109.79,1,1.0,0,0.1442,1.0,0.7776,0.79,2.0,0.3148,22.89
WRK-04854,0.7587,116.8,1,1.0,0,0.05,1.0,0.875,0.25,3.0,0.5298,24.91
WRK-04855,0.6692,67.92,0,0.9483,0,0.3072,1.0,0.7425,3.06,0.0,0.2297,5.78
WRK-04856,0.1973,54.45,0,0.7863,1,0.8077,1.0,0.7237,0.32,2.0,0.3719,3.45
WRK-04857,0.3152,60.42,0,0.745,0,0.2742,0.9943,0.909,2.58,1.0,0.1991,3.25
WRK-04858,0.5244,61.05,0,0.5324,0,0.8198,0.6411,0.6421,3.35,1.0,0.0356,1.32
WRK-04859,0.3977,48.77,0,0.9593,0,0.215,1.0,0.5411,0.38,1.0,0.2866,9.89
WRK-04860,0.4203,59.85,1,0.7352,0,0.5559,0.4782,0.658,0.07,2.0,0.2931,6.86
WRK-04861,0.7724,105.41,0,1.0,0,0.3223,1.0,0.9018,0.01,4.0,0.1134,11.28
WRK-04862,0.5686,60.69,0,0.8491,1,0.911,1.0,0.8996,1.65,1.0,0.0018,6.6
WRK-04863,0.364,26.47,0,0.5948,0,0.4196,0.6137,0.905,1.39,2.0,0.1804,4.48
WRK-04864,0.3676,45.2,0,0.8463,0,0.9217,1.0,0.648,0.57,0.0,0.2487,8.72
WRK-04865,0.3857,6.62,0,0.4779,0,0.6268,0.1019,0.852,0.7,1.0,0.3588,3.05
WRK-04866,0.5998,118.36,0,0.8961,0,0.3798,0.9411,0.592,4.28,1.0,0.0304,12.78
WRK-04867,0.6341,83.88,1,0.9239,0,0.5824,0.1694,0.5584,2.4,4.0,0.0089,10.77
WRK-04868,0.513,131.66,0,1.0,0,0.4059,1.0,0.8092,0.37,4.0,0.0708,12.56
WRK-04869,0.3948,6.95,1,0.434,0,0.4617,0.526,0.905,0.2,3.0,0.1281,7.16
WRK-04870,0.5705,65.39,0,0.7224,0,0.7228,0.2717,0.7103,0.54,0.0,0.1798,2.77
WRK-04871,0.5851,39.0,0,0.8043,0,0.8169,0.7373,0.7035,2.15,0.0,0.0638,5.7
WRK-04872,0.4721,25.89,0,0.5229,0,0.4929,0.4869,0.7435,2.44,1.0,0.1612,3.05
WRK-04873,0.6343,93.61,1,1.0,0,0.05,1.0,0.1154,93.37,8.9,0.7936,44.78
WRK-04874,0.692,104.67,0,1.0,1,0.72,0.2286,0.6297,1.64,7.0,0.2292,11.08
WRK-04875,0.4922,42.98,0,0.8577,1,0.3167,1.0,0.5868,2.92,2.0,0.1747,5.82
WRK-04876,0.4316,42.75,0,0.8061,0,0.7683,0.4353,0.795,7.42,0.0,0.3261,7.75
WRK-04877,0.7351,50.47,1,0.7778,0,0.741,0.4144,0.8756,0.0,1.0,0.3418,8.29
WRK-04878,0.684,84.71,1,0.8057,0,0.088,1.0,0.8111,0.61,5.0,0.0209,12.3
WRK-04879,0.5926,33.84,0,0.5454,0,0.5612,0.4895,0.6732,1.39,0.0,0.1215,6.44
WRK-04880,0.5642,103.96,1,0.9055,0,0.05,1.0,0.8052,4.68,3.0,0.5142,18.76
WRK-04881,0.7742,80.16,0,0.7591,0,0.881,0.7312,0.8309,0.48,1.0,0.0549,6.98
WRK-04882,0.4411,46.45,0,0.5456,0,0.931,0.7755,0.8786,0.16,1.0,0.1988,1.51
WRK-04883,0.8211,106.81,0,0.9399,0,0.7158,0.2993,0.7827,0.25,1.0,0.2105,7.8
WRK-04884,0.435,30.56,0,0.9322,0,0.369,1.0,0.336,67.05,4.1,0.6627,19.14
WRK-04885,0.8296,96.28,1,1.0,0,0.2618,1.0,0.676,0.92,5.0,0.0459,18.37
WRK-04886,0.4707,27.95,0,0.8866,1,0.8155,0.4552,0.9341,0.44,0.0,0.3219,2.15
WRK-04887,0.3549,63.23,0,0.7394,0,0.9602,1.0,0.5102,0.24,3.0,0.1792,2.07
WRK-04888,0.6949,144.4,1,1.0,0,0.05,1.0,0.7382,0.48,6.0,0.5652,23.82
WRK-04889,0.5787,71.74,1,1.0,0,0.1146,1.0,0.7583,0.59,4.0,0.0048,15.47
WRK-04890,0.5877,78.66,0,1.0,0,0.3407,0.7842,0.8772,1.15,0.0,0.1351,9.68
WRK-04891,0.409,43.35,0,0.7414,0,0.7532,0.3035,0.8674,0.43,0.0,0.0986,1.87
WRK-04892,0.6578,92.64,1,0.941,0,0.2732,1.0,0.8781,2.88,6.0,0.3907,21.26
WRK-04893,0.7051,118.18,1,1.0,1,0.071,1.0,0.3214,55.16,6.6,1.0,42.58
WRK-04894,0.7883,97.87,0,1.0,1,0.7231,0.5827,0.7011,1.77,6.0,0.1531,9.61
WRK-04895,0.9549,138.14,1,1.0,0,0.2203,1.0,0.6192,2.17,5.0,0.5669,21.79
WRK-04896,0.7135,80.02,0,0.829,1,0.4439,0.6004,0.6258,2.37,1.0,0.0477,9.85
WRK-04897,0.3912,87.32,1,0.8944,0,0.417,0.701,0.6432,7.22,2.0,0.2888,22.36
WRK-04898,0.5463,86.93,0,1.0,0,0.7123,0.1978,0.858,4.82,0.0,0.099,7.12
WRK-04899,0.424,51.3,0,0.7814,0,0.6427,0.048,0.6359,0.44,0.0,0.2393,2.33
WRK-04900,0.5748,123.98,0,0.985,0,0.7939,0.5402,0.898,0.42,2.0,0.027,9.39
WRK-04901,0.5174,94.3,0,1.0,0,0.8231,0.5376,0.6114,0.83,2.0,0.1222,8.47
WRK-04902,0.4362,47.1,0,0.6492,0,0.5143,0.6972,0.8083,0.57,0.0,0.1258,1.68
WRK-04903,0.6129,65.48,1,0.8905,0,0.1828,1.0,0.6575,4.02,2.0,0.1751,14.77
WRK-04904,0.5588,42.23,1,0.6234,0,0.1658,1.0,0.868,3.1,1.0,0.032,11.22
WRK-04905,0.4912,39.1,0,0.9668,0,0.585,0.3705,0.7368,0.72,0.0,0.394,5.04
WRK-04906,0.3904,43.52,0,0.6955,0,0.7659,0.4323,0.6682,1.83,2.0,0.0658,4.27
WRK-04907,0.5311,32.77,0,0.8189,1,0.7864,0.3604,0.4357,0.51,0.0,0.1298,5.73
WRK-04908,0.5214,68.32,0,0.6986,0,0.6681,0.1338,0.6579,6.23,0.0,0.2771,2.14
WRK-04909,0.5522,38.71,0,0.8125,0,0.4111,0.6849,0.9003,5.27,1.0,0.3707,8.5
WRK-04910,0.6843,82.22,0,0.9323,0,0.303,1.0,0.5409,0.81,4.0,0.1475,13.76
WRK-04911,0.4641,32.9,0,0.5675,0,0.576,0.3562,0.8641,1.26,1.0,0.2294,0.0
WRK-04912,0.5968,107.71,0,1.0,0,0.348,0.7858,0.8774,2.48,5.0,0.0663,10.47
WRK-04913,0.7934,101.62,1,1.0,0,0.05,1.0,0.6341,1.48,0.0,0.3211,20.58
WRK-04914,0.7224,117.89,1,0.9581,0,0.478,0.4984,0.4341,0.91,2.0,0.443,21.77
WRK-04915,0.571,51.97,0,0.6657,0,0.6613,0.1863,0.8937,0.11,0.0,0.1452,2.11
WRK-04916,0.5865,106.76,1,1.0,0,0.3246,0.8231,0.7643,2.6,5.0,0.3898,18.02
WRK-04917,0.6474,84.51,0,1.0,0,0.2455,1.0,0.8845,0.11,1.0,0.0047,7.89
WRK-04918,0.5459,51.54,0,1.0,0,0.7022,0.2854,0.6306,0.33,1.0,0.0736,2.99
WRK-04919,0.2379,64.12,0,0.7618,0,0.84,0.7805,0.5175,0.9,0.0,0.1341,2.25
WRK-04920,0.6894,111.17,1,1.0,0,0.1062,1.0,0.663,3.5,1.0,0.4195,12.38
WRK-04921,0.4648,33.86,0,0.6055,0,0.4595,0.4812,0.5953,0.14,1.0,0.3428,2.98
WRK-04922,0.4039,53.75,0,0.5997,0,0.7812,0.3421,0.7271,5.75,1.0,0.0955,2.73
WRK-04923,0.6156,162.59,1,1.0,0,0.2856,1.0,0.2155,51.33,9.5,1.0,29.79
WRK-04924,0.3141,31.47,0,0.6911,1,0.8775,0.6478,0.565,0.74,1.0,0.0798,0.91
WRK-04925,0.4383,118.76,0,1.0,0,0.4794,0.4542,0.8361,2.78,0.0,0.2408,11.17
WRK-04926,0.6806,143.88,1,1.0,0,0.6057,0.2511,0.4987,2.96,3.0,0.2924,19.06
WRK-04927,0.6254,101.15,1,1.0,0,0.4882,0.6722,0.6783,1.29,2.0,0.2958,15.35
WRK-04928,0.591,150.33,0,1.0,0,0.4531,0.7276,0.7196,5.04,0.0,0.3623,10.15
WRK-04929,0.5283,33.17,0,0.9611,0,0.7591,0.3645,0.8068,2.85,0.0,0.0858,5.01
WRK-04930,0.5274,24.01,1,0.8241,0,0.3773,0.9312,0.1294,43.82,6.5,0.8765,24.57
WRK-04931,0.8699,134.57,1,1.0,0,0.2673,1.0,0.7033,1.53,3.0,0.594,26.21
WRK-04932,0.3685,32.35,0,0.5134,0,0.5906,0.4259,0.4534,0.67,1.0,0.1242,3.98
WRK-04933,0.4075,17.16,0,0.5619,0,0.6237,0.1621,0.0887,86.12,8.4,0.9248,14.84
WRK-04934,0.4038,21.35,0,0.7093,1,0.7069,0.3419,0.8262,0.17,1.0,0.1288,6.73
WRK-04935,0.6328,79.0,1,0.8643,0,0.1142,1.0,0.7696,0.53,1.0,0.1421,18.29
WRK-04936,0.5137,89.99,0,0.8466,0,0.4349,0.7604,0.86,0.89,3.0,0.1159,12.19
WRK-04937,0.2543,24.06,0,0.6988,0,0.6218,0.2478,0.9268,0.26,1.0,0.3748,1.71
WRK-04938,0.5534,97.84,0,1.0,0,0.27,1.0,0.7971,2.36,4.0,0.2784,6.53
WRK-04939,0.4947,49.23,1,1.0,0,0.0625,1.0,0.8678,0.27,4.0,0.3761,11.02
WRK-04940,0.5661,109.71,0,1.0,0,0.6723,0.0904,0.6539,0.16,2.0,0.2443,7.61
WRK-04941,0.2571,57.35,0,0.8315,0,0.779,0.3275,0.8159,0.66,0.0,0.0952,8.37
WRK-04942,0.6361,96.11,0,1.0,0,0.764,0.532,0.7919,2.85,2.0,0.0883,7.57
WRK-04943,0.3406,59.29,1,0.7235,0,0.5869,0.1705,0.7465,0.72,0.0,0.3194,11.85
WRK-04944,0.4289,61.33,1,0.7433,0,0.5546,0.4608,0.7788,0.49,2.0,0.1049,11.58
WRK-04945,0.8061,156.71,1,1.0,0,0.111,1.0,0.6213,6.19,5.0,0.1436,15.43
WRK-04946,0.3642,41.0,0,0.5957,0,0.4038,0.7734,0.7082,0.3,0.0,0.0074,3.83
WRK-04947,0.4762,68.37,0,1.0,1,0.552,0.4062,0.6243,1.15,1.0,0.3169,1.82
WRK-04948,0.7664,107.44,0,1.0,0,0.4984,0.401,0.7173,0.35,0.0,0.2871,9.9
WRK-04949,0.5166,76.27,0,1.0,0,0.4814,0.8858,0.7462,0.31,0.0,0.0993,9.28
WRK-04950,0.4192,70.47,0,0.9549,0,0.4832,0.4712,0.7546,0.86,0.0,0.1338,8.3
WRK-04951,0.4927,86.32,0,1.0,0,0.2788,1.0,0.8864,2.21,3.0,0.2619,12.86
WRK-04952,0.6538,95.77,1,1.0,0,0.3132,1.0,0.5164,0.27,1.0,0.286,18.77
WRK-04953,0.4836,60.49,1,0.8823,1,0.05,1.0,0.6813,4.69,3.0,0.1418,14.38
WRK-04954,0.5912,44.01,0,0.8272,0,0.6915,0.1243,0.8138,0.44,0.0,0.1797,5.82
WRK-04955,0.5706,78.63,1,0.9924,0,0.3841,0.82,0.5402,0.24,4.0,0.1327,11.48
WRK-04956,0.564,28.32,1,0.9102,1,0.4162,0.6009,0.7746,5.42,3.0,0.1772,7.6
WRK-04957,0.5406,25.91,0,0.7905,1,0.7533,0.3152,0.6086,0.36,2.0,0.0475,3.0
WRK-04958,0.5236,69.1,0,1.0,0,0.6273,0.0804,0.1589,61.5,4.5,0.65,20.33
WRK-04959,0.4465,24.2,0,0.6645,0,0.959,0.9735,0.8051,0.52,1.0,0.3494,2.04
WRK-04960,0.4182,24.5,0,0.6127,0,0.4452,0.6248,0.8176,2.34,1.0,0.3728,2.97
WRK-04961,0.6557,110.66,0,0.9025,0,0.7911,0.4576,0.7485,0.47,1.0,0.1674,5.11
WRK-04962,0.7247,78.28,0,0.9989,1,0.3771,0.6914,0.5192,0.35,0.0,0.3806,7.82
WRK-04963,0.3102,48.33,1,0.6503,0,0.5076,0.5101,0.8447,0.86,4.0,0.0527,6.25
WRK-04964,0.4444,17.72,0,0.8071,1,0.3722,0.8573,0.7662,3.4,0.0,0.1131,7.38
WRK-04965,0.1244,20.59,0,0.5677,0,0.4267,0.8211,0.9205,4.84,0.0,0.2027,3.74
WRK-04966,0.7144,78.17,0,1.0,0,0.8025,0.4889,0.7749,0.04,1.0,0.1399,3.75
WRK-04967,0.4843,28.39,0,0.7659,1,0.4038,0.806,0.2077,14.3,7.7,0.8868,24.27
WRK-04968,0.5118,79.33,0,0.9668,1,0.4045,0.8541,0.621,0.53,1.0,0.1461,2.97
WRK-04969,0.5623,134.81,0,1.0,1,0.1743,1.0,0.8355,3.68,3.0,0.1547,13.57
WRK-04970,0.3982,77.15,1,0.8554,0,0.05,1.0,0.7503,5.64,6.0,0.0443,11.86
WRK-04971,0.4876,60.11,0,0.5864,0,1.0,1.0,0.6242,0.23,0.0,0.2542,4.04
WRK-04972,0.5976,66.82,0,0.9086,0,0.6207,0.2171,0.6605,0.69,1.0,0.0351,6.25
WRK-04973,0.4827,79.02,0,0.8776,0,0.5436,0.2815,0.17,79.74,8.7,0.7747,29.23
WRK-04974,0.4054,47.13,0,0.7172,1,0.4283,1.0,0.7558,0.05,3.0,0.0445,2.95
WRK-04975,0.4474,41.46,0,0.8065,0,0.3591,0.7316,0.8007,1.18,0.0,0.2318,5.79
WRK-04976,0.4976,42.05,1,0.7053,0,0.5695,0.5329,0.2443,65.37,10.0,0.6012,17.93
WRK-04977,0.7262,92.16,0,1.0,0,0.3008,1.0,0.0825,84.36,6.1,0.8158,30.84
WRK-04978,0.7274,80.28,0,0.8842,0,0.3451,0.8337,0.4154,1.93,4.0,0.0513,8.14
WRK-04979,0.3149,22.02,1,0.3867,0,0.4151,0.6722,0.8509,3.84,7.0,0.3544,10.13
WRK-04980,0.6134,100.89,1,0.9838,0,0.1689,1.0,0.8352,1.36,1.0,0.4659,18.68
WRK-04981,0.431,40.13,1,0.6542,0,0.6966,0.123,0.7592,1.43,1.0,0.2066,8.26
WRK-04982,0.2983,32.86,0,0.6746,0,0.7653,0.4237,0.7793,2.06,1.0,0.2312,0.0
WRK-04983,0.5358,34.27,0,0.8386,0,0.3769,0.7606,0.6953,1.6,2.0,0.3401,3.2
WRK-04984,0.6491,78.42,0,0.905,0,0.5712,0.2154,0.8663,3.75,0.0,0.1206,4.14
WRK-04985,0.5417,24.13,0,0.8853,0,0.613,0.3202,0.8511,0.83,1.0,0.3931,4.23
WRK-04986,0.6393,118.33,1,1.0,0,0.2065,1.0,0.7702,0.36,2.0,0.2218,23.87
WRK-04987,0.2318,27.75,0,0.6302,0,0.8744,0.568,0.8309,0.37,1.0,0.0399,1.6
WRK-04988,0.4217,14.7,1,0.4538,0,0.4977,0.4327,0.5711,0.85,2.0,0.3669,10.37
WRK-04989,0.4571,30.51,0,0.459,0,0.4112,0.7301,0.6838,2.81,1.0,0.2309,4.23
WRK-04990,0.2366,6.16,0,0.4758,0,0.6896,0.3558,0.6382,0.21,1.0,0.0879,0.0
WRK-04991,0.4295,85.64,0,0.8689,0,0.6189,0.1599,0.585,0.11,0.0,0.2023,5.97
WRK-04992,0.7367,71.91,0,0.8588,0,0.354,0.7943,0.0733,28.58,5.8,0.7011,21.12
WRK-04993,0.4277,27.43,0,0.6344,0,0.8017,0.5767,0.8679,1.0,0.0,0.1853,5.47
WRK-04994,0.6167,69.84,0,0.8274,0,0.3357,0.8683,0.7246,0.7,0.0,0.3335,3.75
WRK-04995,0.3245,54.87,0,0.668,0,0.5144,0.5272,0.5962,7.9,1.0,0.1051,1.57
WRK-04996,0.5565,39.58,0,0.8881,0,0.7727,0.3729,0.7983,2.24,0.0,0.034,3.08
WRK-04997,0.4198,34.34,0,0.5996,1,0.483,0.5417,0.7965,0.15,0.0,0.2607,3.02
WRK-04998,0.4577,66.15,0,0.7586,0,0.2989,0.9079,0.5005,8.25,1.0,0.2103,4.29
WRK-04999,0.3856,50.91,0,0.4941,0,0.3705,0.8224,0.8319,0.23,1.0,0.0416,2.84
WRK-05000,0.5934,105.5,0,1.0,0,0.6788,0.1154,0.6516,1.95,2.0,0.2238,10.02
WRK-05001,0.5838,39.75,0,0.8598,0,0.4972,0.4535,0.7008,1.78,2.0,0.2175,7.34
WRK-05002,0.7577,106.35,1,1.0,0,0.4999,0.7735,0.7174,1.74,5.0,0.1663,18.41
WRK-05003,0.4161,48.83,0,0.8431,0,0.7751,0.6635,0.6811,1.46,0.0,0.0752,4.82
WRK-05004,0.4089,53.26,0,0.6466,0,0.802,0.4035,0.58,0.23,2.0,0.2168,3.06
WRK-05005,0.5843,104.63,0,0.8726,0,0.8518,0.6279,0.8547,0.63,3.0,0.3768,8.98
WRK-05006,0.33,19.73,0,0.4822,0,0.8488,0.8263,0.7071,4.77,1.0,0.216,2.75
WRK-05007,0.7825,85.51,0,0.9948,0,0.3424,0.8802,0.7315,0.02,1.0,0.0248,8.36
WRK-05008,0.3913,69.81,0,0.9241,0,0.8699,0.6447,0.6966,0.74,1.0,0.0047,6.24
WRK-05009,0.4887,102.34,0,0.9637,0,0.3594,0.8519,0.7215,1.5,2.0,0.3196,11.95
WRK-05010,0.5787,47.86,1,1.0,0,0.4993,0.5142,0.7557,0.68,2.0,0.0355,9.61
WRK-05011,0.4266,38.99,0,0.6692,0,0.6286,0.2319,0.6212,0.88,0.0,0.0891,5.68
WRK-05012,0.8529,104.27,0,1.0,0,0.2059,1.0,0.8089,0.06,2.0,0.2636,12.85
WRK-05013,0.6875,88.8,0,0.9508,0,0.6476,0.2754,0.6202,0.99,2.0,0.3791,8.68
WRK-05014,0.3098,19.21,0,0.4342,1,0.7685,0.6858,0.4827,0.28,0.0,0.0648,2.52
WRK-05015,0.3701,62.07,0,0.7021,0,0.9686,0.8269,0.679,3.97,1.0,0.1892,2.15
WRK-05016,0.4706,22.7,0,0.5942,0,0.5848,0.252,0.6315,0.48,2.0,0.2705,3.5
WRK-05017,0.7938,92.22,1,1.0,0,0.5076,0.3767,0.5961,1.69,5.0,0.0226,17.46
WRK-05018,0.5654,120.72,0,1.0,0,0.5102,0.5547,0.7046,10.15,5.0,0.1695,9.54
WRK-05019,0.4389,84.52,0,0.8965,0,0.5255,0.3246,0.7473,1.32,1.0,0.1623,9.23
WRK-05020,0.4163,63.25,0,0.7726,0,0.5445,0.7644,0.4477,0.65,1.0,0.0779,4.71
WRK-05021,0.3394,19.6,0,0.6112,0,0.5909,0.4222,0.6619,1.36,1.0,0.0423,2.54
WRK-05022,0.8686,90.5,1,0.9071,0,0.4934,0.4929,0.802,2.03,1.0,0.3955,20.78
WRK-05023,0.4187,42.77,0,0.6201,0,0.7896,0.6273,0.6988,1.93,0.0,0.1126,5.48
WRK-05024,0.6751,136.89,0,0.943,0,0.5936,0.5232,0.8192,0.26,3.0,0.2977,8.75
WRK-05025,0.5453,63.1,0,0.7823,0,0.936,0.8904,0.6495,1.17,1.0,0.1734,6.28
WRK-05026,0.6908,115.81,1,1.0,0,0.3395,0.8245,0.5755,6.03,6.0,0.417,17.03
WRK-05027,0.5606,61.31,1,1.0,0,0.447,0.6628,0.7712,1.81,1.0,0.0699,13.38
WRK-05028,0.5866,93.7,0,0.9155,0,0.6349,0.1812,0.227,87.37,4.2,0.7623,19.65
WRK-05029,0.3637,95.14,0,0.7139,0,0.628,0.1218,0.7619,1.42,2.0,0.3641,7.56
WRK-05030,0.6339,12.94,0,0.8296,1,0.6476,0.289,0.8166,1.06,0.0,0.1849,2.83
WRK-05031,0.6056,54.1,0,0.8815,0,0.8961,0.6408,0.792,1.55,0.0,0.396,7.89
WRK-05032,0.3881,55.27,0,0.7506,0,0.7749,0.5443,0.6708,1.99,1.0,0.2484,1.5
WRK-05033,0.4088,50.1,1,0.9338,0,0.205,1.0,0.1082,47.06,5.5,0.9276,25.26
WRK-05034,0.5954,30.48,0,0.7699,0,0.3039,0.9138,0.7843,10.21,0.0,0.2172,0.97
WRK-05035,0.6702,103.18,1,1.0,0,0.1242,1.0,0.1769,97.11,4.6,1.0,32.94
WRK-05036,0.5285,34.58,0,0.856,0,0.6752,0.1646,0.5559,0.22,0.0,0.3084,1.0
WRK-05037,0.4501,24.66,1,0.6177,0,0.7185,0.666,0.6649,0.13,1.0,0.2269,13.14
WRK-05038,0.6065,88.06,0,0.876,0,0.6983,0.1712,0.7433,2.46,2.0,0.0329,8.66
WRK-05039,0.2228,5.86,0,0.4468,0,0.8277,0.6086,0.8732,3.68,1.0,0.2314,1.63
WRK-05040,0.4459,43.23,0,0.9695,0,0.8663,0.8684,0.624,2.1,1.0,0.3155,4.28
WRK-05041,0.4808,75.21,1,1.0,0,0.2482,1.0,0.7326,0.48,5.0,0.1619,18.78
WRK-05042,0.4009,20.13,0,0.8396,0,0.396,0.7692,0.7738,2.38,0.0,0.2363,6.47
WRK-05043,0.6562,92.93,0,0.889,0,0.6241,0.1161,0.7648,0.27,1.0,0.2377,7.47
WRK-05044,0.5386,102.56,1,1.0,0,0.696,0.5247,0.6437,1.26,6.0,0.1888,23.45
WRK-05045,0.5812,76.98,0,0.6318,0,0.6004,0.1354,0.6638,4.22,0.0,0.0741,0.0
WRK-05046,0.6532,59.72,0,1.0,0,0.6281,0.099,0.8415,1.42,3.0,0.0441,5.41
WRK-05047,0.3653,38.97,0,0.6805,0,0.9091,0.8832,0.6534,1.65,3.0,0.0744,0.04
WRK-05048,0.4205,71.81,0,0.6655,0,0.2707,1.0,0.835,0.31,1.0,0.0639,4.07
WRK-05049,0.4032,77.15,0,0.9964,0,0.4232,0.601,0.651,0.87,2.0,0.1802,6.4
WRK-05050,0.3553,31.77,0,0.5742,1,0.6925,0.197,0.8978,1.24,0.0,0.258,3.06
WRK-05051,0.8243,61.01,0,0.8242,1,0.5629,0.3055,0.7268,0.32,0.0,0.0122,5.9
WRK-05052,0.5127,28.39,0,0.8465,1,0.4323,0.7074,0.3067,0.34,1.0,0.3358,5.26
WRK-05053,0.3571,31.01,0,0.4976,0,0.6852,0.093,0.4296,0.86,1.0,0.0694,2.44
WRK-05054,0.3046,24.33,0,0.6427,0,0.7953,0.3889,0.6798,0.3,1.0,0.1562,0.9
WRK-05055,0.8117,92.19,0,1.0,1,0.6862,0.1844,0.6642,8.04,3.0,0.3048,9.51
WRK-05056,0.1189,14.82,0,0.4985,0,0.937,0.7389,0.1041,58.06,5.4,0.853,11.11
WRK-05057,0.3446,21.5,0,0.5464,0,0.8469,1.0,0.6236,3.28,2.0,0.1024,1.88
WRK-05058,0.4463,58.92,0,0.8298,0,0.7511,0.7591,0.752,0.39,0.0,0.1335,4.51
WRK-05059,0.4271,55.05,1,1.0,0,0.1059,1.0,0.5861,0.34,5.0,0.3438,8.3
WRK-05060,0.4691,58.23,0,0.6813,0,0.3127,1.0,0.8653,8.06,0.0,0.3898,2.4
WRK-05061,0.7462,88.76,1,0.9404,0,0.289,0.9569,0.7321,1.04,8.0,0.0605,17.69
WRK-05062,0.537,68.02,0,1.0,1,0.8201,0.4298,0.4924,2.02,0.0,0.2471,4.97
WRK-05063,0.8175,117.36,0,1.0,0,0.4797,0.5225,0.8543,1.1,2.0,0.0249,12.63
WRK-05064,0.2861,63.06,0,0.7684,0,0.9195,0.7794,0.5166,1.59,0.0,0.0931,2.92
WRK-05065,0.7531,107.83,0,1.0,0,0.5757,0.1922,0.7568,2.76,1.0,0.1793,5.93
WRK-05066,0.412,57.09,0,0.9064,0,0.3128,1.0,0.82,7.47,0.0,0.3196,9.24
WRK-05067,0.6097,76.86,1,0.9677,1,0.2733,0.996,0.6466,5.09,2.0,0.0679,17.83
WRK-05068,0.6873,91.37,0,1.0,0,0.5469,0.6808,0.8594,0.01,1.0,0.2291,8.88
WRK-05069,0.7173,143.31,1,1.0,0,0.3258,0.9964,0.7236,0.14,4.0,0.4078,27.59
WRK-05070,0.3967,26.72,0,0.6087,1,0.3756,1.0,0.8199,0.03,0.0,0.3275,4.17
WRK-05071,0.3064,30.72,0,0.3486,0,0.8171,0.4845,0.5059,1.82,2.0,0.1057,3.32
WRK-05072,0.6313,107.77,1,1.0,0,0.0675,1.0,0.8087,0.41,1.0,0.3285,16.46
WRK-05073,0.4883,36.79,0,0.7586,0,0.7141,0.2829,0.4913,1.09,0.0,0.2189,2.98
WRK-05074,0.3528,86.23,0,0.8012,0,1.0,0.9,0.8998,2.34,1.0,0.2129,9.37
WRK-05075,0.4846,37.53,0,0.7506,0,0.3396,1.0,0.2745,53.53,6.6,0.653,24.95
WRK-05076,0.588,72.21,1,0.8077,0,0.4613,0.6427,0.3352,44.11,13.5,0.8861,26.71
WRK-05077,0.4464,78.37,1,1.0,0,0.5653,0.2417,0.617,2.18,1.0,0.2477,13.49
WRK-05078,0.7546,200.62,0,1.0,0,0.38,0.8288,0.6561,2.28,2.0,0.1624,13.96
WRK-05079,0.4597,101.1,0,1.0,0,0.4207,0.7029,0.685,4.3,3.0,0.0527,9.95
WRK-05080,0.8079,86.43,0,1.0,0,0.5764,0.2842,0.4343,0.61,1.0,0.3512,7.53
WRK-05081,0.3032,52.14,0,1.0,0,0.7686,0.3146,0.8209,3.03,0.0,0.1249,2.87
WRK-05082,0.6875,130.52,1,1.0,0,0.5045,0.4726,0.67,0.18,4.0,0.2252,22.09
WRK-05083,0.7205,111.83,0,1.0,0,0.3612,0.9775,0.6337,4.44,3.0,0.0662,12.41
WRK-05084,0.7453,71.17,1,0.7952,0,0.7917,0.5515,0.2371,76.84,9.1,0.6483,25.73
WRK-05085,0.7073,102.19,1,0.9293,1,0.05,1.0,0.2341,86.11,10.3,1.0,27.22
WRK-05086,0.4668,57.76,0,0.9939,0,0.3374,1.0,0.6909,0.12,1.0,0.1831,8.02
WRK-05087,0.4638,74.35,0,0.8203,0,0.8577,0.6209,0.7801,0.9,0.0,0.1155,4.4
WRK-05088,0.4905,31.36,0,0.6787,0,0.8717,0.755,0.575,0.07,0.0,0.0222,3.29
WRK-05089,0.5991,48.03,0,0.9795,0,0.3046,0.8953,0.7642,0.13,0.0,0.1661,6.12
WRK-05090,0.4997,120.78,1,1.0,0,0.2467,1.0,0.6515,3.56,3.0,0.4644,18.21
WRK-05091,0.4421,23.51,0,0.6344,0,0.4241,0.6588,0.368,6.45,0.0,0.2537,1.92
WRK-05092,0.6781,95.58,1,0.8111,0,0.4143,0.6096,0.6246,0.94,7.0,0.332,18.81
WRK-05093,0.681,102.07,0,1.0,0,0.5653,0.298,0.7882,0.04,2.0,0.0825,9.47
WRK-05094,0.3614,22.91,0,0.5115,0,0.7012,0.3088,0.8632,3.33,1.0,0.2077,1.55
WRK-05095,0.6673,83.6,0,0.8846,0,0.322,1.0,0.7187,2.38,2.0,0.2215,8.58
WRK-05096,0.6538,32.81,0,0.8457,0,0.4567,0.4912,0.686,2.82,1.0,0.0623,3.98
WRK-05097,0.9087,91.73,0,1.0,0,0.6025,0.6052,0.7561,2.03,2.0,0.355,12.27
WRK-05098,0.5776,51.96,0,1.0,0,0.2535,0.9964,0.7211,1.97,0.0,0.0502,6.29
WRK-05099,0.3348,22.41,0,0.5079,0,0.3469,0.943,0.7604,2.13,1.0,0.2646,2.76
WRK-05100,0.5304,79.76,1,1.0,0,0.2579,1.0,0.7684,3.03,3.0,0.2328,12.12
WRK-05101,0.7039,90.48,0,0.9502,0,0.5146,0.7772,0.7649,1.8,0.0,0.1718,11.39
WRK-05102,0.576,104.27,1,0.9403,0,0.4504,0.631,0.7468,1.77,4.0,0.4603,15.72
WRK-05103,0.4491,42.07,0,0.7254,1,0.3712,0.876,0.4783,0.12,1.0,0.314,3.58
WRK-05104,0.6749,83.17,0,0.9067,0,0.4569,0.5589,0.7237,0.41,3.0,0.2771,10.36
WRK-05105,0.7846,113.74,0,1.0,1,0.6548,0.0777,0.7905,5.45,2.0,0.3736,13.45
WRK-05106,0.2711,56.13,0,0.6272,0,0.7838,0.3856,0.5229,0.35,0.0,0.358,2.87
WRK-05107,0.3923,53.32,0,0.8099,1,0.6963,0.1422,0.7841,3.14,1.0,0.1619,2.36
WRK-05108,0.4258,18.95,0,0.5635,0,0.3192,1.0,0.6743,2.55,2.0,0.013,2.4
WRK-05109,0.4833,48.87,0,0.8547,0,0.5422,0.4391,0.5789,0.31,1.0,0.0075,5.25
WRK-05110,0.5933,56.76,0,1.0,0,0.823,0.5325,0.4647,3.72,0.0,0.2209,2.53
WRK-05111,0.5371,98.73,0,0.975,1,0.5939,0.6289,0.5948,1.08,1.0,0.3622,8.37
WRK-05112,0.5882,47.38,0,0.602,0,0.8903,0.89,0.7413,1.74,1.0,0.3964,2.04
WRK-05113,0.257,12.24,0,0.6133,0,0.5533,0.3023,0.8602,0.25,1.0,0.1852,1.25
WRK-05114,0.5577,71.77,1,1.0,0,0.2449,1.0,0.7364,0.71,2.0,0.1286,12.17
WRK-05115,0.5453,43.6,0,0.789,0,0.5775,0.5013,0.7945,0.67,1.0,0.2925,2.04
WRK-05116,0.3892,84.09,0,1.0,0,0.7079,0.1687,0.9284,0.04,2.0,0.1953,8.41
WRK-05117,0.4769,89.63,0,1.0,0,0.4509,0.6666,0.7242,3.35,0.0,0.2113,11.57
WRK-05118,0.6741,103.05,1,0.9537,0,0.1616,1.0,0.9298,1.59,5.0,0.3684,20.07
WRK-05119,0.4343,62.29,0,0.7456,0,0.7451,0.5672,0.7183,0.65,0.0,0.2148,3.42
WRK-05120,0.6526,96.43,1,1.0,0,0.646,0.1669,0.8809,2.77,4.0,0.0644,20.79
WRK-05121,0.4846,48.7,0,0.8212,0,0.5232,0.4213,0.9132,0.39,0.0,0.0896,2.87
WRK-05122,0.6246,117.56,0,1.0,0,0.2855,0.9246,0.8446,6.46,2.0,0.0516,11.59
WRK-05123,0.7383,110.93,1,0.8786,0,0.3811,0.692,0.7565,1.07,3.0,0.1728,15.86
WRK-05124,0.3856,43.76,0,0.5098,0,0.5815,0.2873,0.6941,3.41,1.0,0.1097,0.54
WRK-05125,0.6428,137.35,1,1.0,0,0.3339,0.9344,0.879,2.52,5.0,0.3964,13.87
WRK-05126,0.265,48.51,0,0.5869,1,1.0,1.0,0.6166,1.75,0.0,0.2753,2.3
WRK-05127,0.5362,42.45,0,0.8169,0,0.6871,0.5097,0.7945,1.54,0.0,0.3092,4.13
WRK-05128,0.5485,88.43,1,0.9291,0,0.1724,1.0,0.5378,0.42,4.0,0.0027,17.41
WRK-05129,0.292,63.75,0,0.736,0,0.9047,0.8394,0.6898,1.52,2.0,0.377,2.84
WRK-05130,0.6922,81.7,1,0.9424,0,0.4173,0.6844,0.6227,2.21,4.0,0.1792,20.01
WRK-05131,0.3378,67.78,0,1.0,0,0.3744,1.0,0.8716,2.2,0.0,0.2626,6.21
WRK-05132,0.793,69.37,0,0.9496,0,0.3692,0.7358,0.5128,0.06,1.0,0.3726,6.95
WRK-05133,0.6928,99.76,0,0.8152,0,0.6851,0.2326,0.8167,1.16,4.0,0.1561,9.91
WRK-05134,0.7165,80.99,0,1.0,1,0.4019,0.9406,0.6206,2.79,3.0,0.2396,9.71
WRK-05135,0.3172,72.44,0,0.7936,0,0.8831,0.8277,0.2279,67.53,6.7,0.9682,17.99
WRK-05136,0.7811,86.05,0,0.9571,0,0.2703,1.0,0.1057,54.19,5.1,0.9986,28.56
WRK-05137,0.6798,57.9,0,0.8664,0,0.3525,0.801,0.77,0.85,0.0,0.14,4.88
WRK-05138,0.3451,46.61,0,0.7196,0,0.4304,0.6971,0.5582,1.09,0.0,0.3001,2.03
WRK-05139,0.736,98.65,0,1.0,0,0.7101,0.2719,0.804,0.77,1.0,0.008,9.54
WRK-05140,0.2454,40.14,1,0.427,1,0.1523,1.0,0.8039,1.02,4.0,0.2336,10.03
WRK-05141,0.5492,87.82,1,0.9906,0,0.2691,1.0,0.8632,0.95,5.0,0.1911,18.23
WRK-05142,0.6304,203.94,1,1.0,0,0.5541,0.2471,0.7043,0.78,5.0,0.4295,20.74
WRK-05143,0.428,54.57,1,0.746,0,0.2073,1.0,0.7812,0.75,4.0,0.3107,9.28
WRK-05144,0.6497,75.61,0,0.6556,0,0.9776,0.9997,0.5562,2.47,0.0,0.2275,3.44
WRK-05145,0.4839,62.49,0,0.695,1,0.7124,0.364,0.6865,1.16,3.0,0.1138,0.98
WRK-05146,0.3764,43.74,0,0.6165,0,0.4992,0.542,0.881,0.05,2.0,0.0352,0.3
WRK-05147,0.726,80.58,0,0.9952,0,0.844,0.4893,0.2482,24.64,10.1,0.8029,18.01
WRK-05148,0.4409,64.05,0,0.7038,0,0.9619,0.9079,0.9356,1.63,0.0,0.1826,3.55
WRK-05149,0.4046,75.51,0,1.0,0,0.1813,1.0,0.8183,0.24,0.0,0.3194,5.03
WRK-05150,0.6808,117.84,0,1.0,0,0.7448,0.6154,0.8138,5.6,2.0,0.1645,9.6
WRK-05151,0.5447,49.73,1,0.9169,0,0.3854,0.746,0.486,1.04,5.0,0.2263,15.9
WRK-05152,0.5997,110.02,0,1.0,0,0.6711,0.0681,0.9027,0.46,3.0,0.0458,8.67
WRK-05153,0.4834,93.73,0,1.0,0,0.6184,0.0904,0.1196,46.43,10.1,0.7271,20.76
WRK-05154,0.3896,53.16,0,0.6483,0,0.8507,0.7787,0.5789,2.4,0.0,0.1696,2.43
WRK-05155,0.4377,42.55,0,0.8014,0,0.8193,0.4718,0.6046,2.3,3.0,0.0428,4.63
WRK-05156,0.417,48.15,0,0.6693,1,0.8538,0.7322,0.5984,1.9,2.0,0.3301,3.99
WRK-05157,0.2756,10.73,0,0.4261,0,0.3997,0.8145,0.6479,4.01,4.0,0.098,2.81
WRK-05158,0.726,104.42,1,1.0,0,0.3988,0.7565,0.6382,2.03,5.0,0.3469,16.74
WRK-05159,0.4858,22.05,0,0.7456,0,0.933,0.9436,0.6074,3.01,0.0,0.2451,3.03
WRK-05160,0.2984,20.97,1,0.7121,0,0.6552,0.0336,0.8061,0.78,1.0,0.3725,8.83
WRK-05161,0.6607,88.43,0,0.9773,1,0.6442,0.1307,0.4783,7.81,1.0,0.1932,7.82
WRK-05162,0.7787,122.68,0,1.0,0,0.4025,0.7762,0.7261,0.24,2.0,0.3699,12.49
WRK-05163,0.4948,67.99,0,0.9739,0,0.8038,0.4565,0.6923,4.88,1.0,0.1987,3.39
WRK-05164,0.4075,92.19,0,0.9036,0,0.1784,1.0,0.8435,1.13,2.0,0.1751,10.31
WRK-05165,0.4343,57.84,0,1.0,0,0.7188,0.1854,0.4807,0.06,1.0,0.3915,3.47
WRK-05166,0.7709,108.83,1,1.0,0,0.2698,0.9522,0.5514,3.12,5.0,0.291,20.02
WRK-05167,0.2083,53.83,0,0.6354,0,0.917,1.0,0.5337,1.42,2.0,0.1907,3.19
WRK-05168,0.6138,24.79,0,0.7094,0,0.5982,0.2019,0.7402,0.32,0.0,0.3263,3.85
WRK-05169,0.3301,81.84,0,1.0,0,0.4214,0.6537,0.6302,2.25,3.0,0.1177,7.03
WRK-05170,0.6068,140.67,0,1.0,0,0.7398,0.4696,0.6516,1.9,4.0,0.1938,10.11
WRK-05171,0.6089,69.99,0,0.8723,0,0.3023,0.8823,0.3993,0.65,3.0,0.3578,2.37
WRK-05172,0.8536,72.21,1,0.9473,1,0.4112,0.6264,0.6785,0.02,2.0,0.0216,15.28
WRK-05173,0.5842,65.5,1,0.8387,0,0.6553,0.1893,0.5792,0.48,2.0,0.2174,16.97
WRK-05174,0.5365,47.01,0,1.0,0,0.1696,1.0,0.8224,3.18,2.0,0.0535,4.31
WRK-05175,0.5785,34.65,0,0.8946,0,0.3324,0.8798,0.7161,0.11,1.0,0.255,4.52
WRK-05176,0.401,13.33,0,0.6788,0,0.7318,0.3166,0.6254,1.86,0.0,0.177,4.05
WRK-05177,0.5625,13.08,0,0.7494,1,1.0,1.0,0.7591,0.36,0.0,0.3546,3.5
WRK-05178,0.6361,66.72,0,0.7669,0,0.4149,0.808,0.6098,0.8,1.0,0.3413,3.67
WRK-05179,0.6547,92.88,0,1.0,0,0.3525,0.8438,0.3291,30.36,9.3,0.6199,21.65
WRK-05180,0.6924,73.2,1,0.7876,0,0.2894,1.0,0.8689,1.97,3.0,0.2856,8.29
WRK-05181,0.4123,75.15,0,0.832,0,1.0,0.9138,0.1422,55.91,4.9,0.9014,18.56
WRK-05182,0.5195,52.27,1,0.7437,0,0.5191,0.4595,0.3452,37.54,9.0,0.6728,30.22
WRK-05183,0.2451,53.0,0,0.757,1,0.4505,0.6215,0.7469,0.86,1.0,0.3888,0.6
WRK-05184,0.386,29.5,0,0.4928,0,0.8849,0.7307,0.4545,0.43,2.0,0.1197,0.0
WRK-05185,0.3797,54.6,0,0.7999,0,0.7866,0.4132,0.7677,0.1,0.0,0.0085,0.0
WRK-05186,0.3672,32.92,0,0.5632,0,0.8252,0.5101,0.7618,5.95,3.0,0.2053,0.66
WRK-05187,0.4744,58.18,0,0.6974,0,0.7278,0.3281,0.6135,4.3,0.0,0.3488,4.76
WRK-05188,0.6306,83.71,0,1.0,0,0.3552,0.8242,0.6946,2.21,2.0,0.1203,11.38
WRK-05189,0.4631,77.44,1,0.9279,0,0.05,1.0,0.4881,0.78,7.0,0.03,16.36
WRK-05190,0.463,78.66,0,1.0,0,0.5485,1.0,0.9137,6.57,0.0,0.1136,8.0
WRK-05191,0.3472,36.06,0,0.516,1,0.6277,0.057,0.8124,0.55,1.0,0.1998,1.11
WRK-05192,0.3424,12.97,0,0.4633,0,0.5896,0.2329,0.7763,0.16,0.0,0.2996,0.0
WRK-05193,0.6676,71.87,0,0.8348,0,0.919,0.8465,0.9159,0.39,0.0,0.2026,4.45
WRK-05194,0.6586,84.19,0,1.0,0,0.6417,0.0426,0.8319,1.56,3.0,0.3174,3.79
WRK-05195,0.4806,60.9,0,1.0,0,0.6541,0.1086,0.8208,0.15,3.0,0.1796,6.66
WRK-05196,0.6577,71.13,0,0.8031,0,0.9076,0.7134,0.7872,0.06,2.0,0.0892,2.95
WRK-05197,0.3311,17.91,0,0.5424,0,0.6589,0.1455,0.6,3.13,1.0,0.1207,0.0
WRK-05198,0.5072,21.64,0,0.6906,0,0.7497,0.2774,0.6486,5.14,0.0,0.1138,0.0
WRK-05199,0.6832,96.44,0,0.9701,0,0.4688,0.5074,0.922,0.96,2.0,0.3931,11.09
WRK-05200,0.3494,16.11,0,0.5301,0,0.4862,0.6115,0.159,63.54,5.2,0.8086,18.44
WRK-05201,0.6917,97.98,1,0.9115,0,0.4323,0.8441,0.7604,0.64,4.0,0.2622,19.69
WRK-05202,0.5979,70.0,0,0.9157,0,0.3609,0.8183,0.5686,0.07,1.0,0.3677,6.25
WRK-05203,0.4151,52.62,1,0.7158,0,0.0793,1.0,0.8362,0.11,3.0,0.3692,14.04
WRK-05204,0.3744,39.93,1,0.7396,0,0.7295,0.2127,0.635,0.89,2.0,0.3367,9.18
WRK-05205,0.5503,99.87,0,1.0,1,0.3682,0.7211,0.9098,2.4,2.0,0.2351,8.42
WRK-05206,0.711,105.6,0,1.0,0,0.4473,0.547,0.1667,27.43,7.2,0.7215,31.87
WRK-05207,0.3596,126.27,0,0.9109,0,0.6369,0.0395,0.7236,4.48,1.0,0.0795,8.82
WRK-05208,0.4216,56.0,0,0.6561,0,0.6013,0.4614,0.1594,37.67,6.8,0.9772,19.58
WRK-05209,0.6345,117.82,0,0.9855,0,0.831,0.5257,0.6122,3.36,1.0,0.2433,12.83
WRK-05210,0.9567,107.98,1,1.0,0,0.05,1.0,0.4669,0.65,7.0,0.4858,20.01
WRK-05211,0.667,77.55,0,0.9703,0,0.8373,0.6088,0.6674,1.27,1.0,0.2872,8.48
WRK-05212,0.3845,23.09,0,0.8001,0,0.293,1.0,0.916,1.25,1.0,0.2132,8.82
WRK-05213,0.552,110.27,0,1.0,0,0.2516,1.0,0.7324,1.07,3.0,0.1578,10.24
WRK-05214,0.7107,99.7,0,0.9493,0,0.2654,1.0,0.8858,3.87,2.0,0.2711,10.47
WRK-05215,0.5569,57.34,0,0.662,0,0.4727,0.5528,0.7144,2.19,0.0,0.1254,4.4
WRK-05216,0.4955,36.24,1,0.782,0,0.7263,0.4873,0.6538,4.28,1.0,0.3111,11.25
WRK-05217,0.5523,43.34,0,0.8652,1,0.392,0.7151,0.5655,2.59,0.0,0.327,2.63
WRK-05218,0.4593,35.31,0,0.6998,1,0.6518,0.2994,0.8631,1.46,1.0,0.3867,3.69
WRK-05219,0.7048,132.12,0,1.0,1,0.525,0.3444,0.7796,6.17,3.0,0.1761,10.52
WRK-05220,0.4592,62.68,0,1.0,0,0.2175,1.0,0.5896,3.46,0.0,0.3441,4.59
WRK-05221,0.4945,89.55,0,1.0,0,0.4267,0.7864,0.5971,0.86,3.0,0.3395,13.42
WRK-05222,0.4502,21.14,0,0.7457,1,0.8956,0.702,0.6663,1.32,0.0,0.2124,0.64
WRK-05223,0.4118,14.91,0,0.5657,0,0.6965,0.4515,0.9096,0.21,1.0,0.156,0.08
WRK-05224,0.3959,29.24,0,0.733,1,0.5903,0.1689,0.6574,4.3,1.0,0.2422,0.26
WRK-05225,0.6361,108.37,1,1.0,1,0.1231,1.0,0.2155,98.27,10.1,0.7994,34.3
WRK-05226,0.8385,73.69,0,0.9899,0,0.5257,0.5499,0.6362,0.54,0.0,0.3271,5.71
WRK-05227,0.5001,48.93,0,0.9617,0,0.2957,0.9056,0.6121,3.39,0.0,0.2819,7.36
WRK-05228,0.5195,69.87,0,0.9216,1,0.2508,1.0,0.7146,0.13,1.0,0.3122,6.59
WRK-05229,0.7632,89.54,1,1.0,0,0.05,1.0,0.8208,0.12,6.0,0.0842,14.18
WRK-05230,0.5019,57.25,0,0.9928,0,0.1028,1.0,0.8879,1.26,2.0,0.194,7.68
WRK-05231,0.5587,43.15,0,0.8802,0,0.8563,0.5183,0.7761,0.46,1.0,0.2507,7.21
WRK-05232,0.7518,76.89,0,0.9543,0,0.3321,0.9058,0.2205,37.52,5.2,0.7813,16.99
WRK-05233,0.5375,80.16,0,1.0,0,0.127,1.0,0.1575,25.79,12.4,0.8749,31.7
WRK-05234,0.5711,18.54,1,0.9377,1,0.335,0.9273,0.5816,2.76,5.0,0.204,14.64
WRK-05235,0.6245,85.79,1,1.0,0,0.2618,1.0,0.4373,1.44,1.0,0.0508,16.58
WRK-05236,0.4808,50.46,0,0.7545,0,0.7379,0.4702,0.8316,0.02,0.0,0.2279,1.54
WRK-05237,0.6446,82.86,0,0.8713,0,0.5406,0.6071,0.6538,2.11,3.0,0.2263,10.81
WRK-05238,0.4253,28.09,1,0.7644,1,0.137,1.0,0.7721,6.79,0.0,0.1886,10.07
WRK-05239,0.5943,22.45,0,0.3997,0,0.7383,0.2551,0.707,1.63,2.0,0.0745,1.67
WRK-05240,0.2569,7.26,0,0.5811,0,0.7163,0.4007,0.8326,2.95,0.0,0.2679,1.79
WRK-05241,0.5567,61.68,0,0.9691,1,0.8492,0.6008,0.7444,3.28,1.0,0.19,9.6
WRK-05242,0.311,33.4,0,0.7007,1,0.7593,0.3364,0.8496,0.54,1.0,0.0004,1.15
WRK-05243,0.3905,22.44,0,0.4564,0,0.524,0.4343,0.5298,1.17,1.0,0.0119,2.69
WRK-05244,0.5855,45.47,0,0.5834,0,0.5344,0.3986,0.6586,1.97,1.0,0.3438,3.55
WRK-05245,0.403,79.55,1,1.0,0,0.3066,1.0,0.822,1.41,3.0,0.0327,9.54
WRK-05246,0.4921,24.92,0,0.8729,0,0.458,0.7002,0.7294,0.01,0.0,0.0298,6.76
WRK-05247,0.6486,113.26,1,0.9897,1,0.3569,0.875,0.8436,1.46,6.0,0.3548,19.57
WRK-05248,0.3122,22.73,0,0.5416,0,0.966,0.8065,0.6613,0.03,0.0,0.192,3.31
WRK-05249,0.4507,31.02,0,0.6693,0,0.5623,0.3587,0.2821,59.89,6.0,0.8218,22.75
WRK-05250,0.6072,107.61,1,1.0,0,0.146,1.0,0.891,4.6,4.0,0.5692,16.1
WRK-05251,0.6023,42.23,0,0.8485,0,0.599,0.1538,0.5967,0.6,0.0,0.2369,5.72
WRK-05252,0.5737,114.22,0,0.9441,0,0.126,1.0,0.7976,1.31,4.0,0.3168,11.64
WRK-05253,0.2555,38.02,1,0.5546,0,0.4689,0.6964,0.1246,65.96,10.8,0.7653,25.72
WRK-05254,0.6317,105.41,0,1.0,0,0.7656,0.5041,0.6413,0.14,2.0,0.003,9.68
WRK-05255,0.3545,50.47,0,1.0,0,0.2856,1.0,0.7719,0.98,0.0,0.088,4.57
WRK-05256,0.6015,44.79,0,0.9965,0,0.2873,0.9135,0.4512,0.3,0.0,0.0707,9.64
WRK-05257,0.5976,124.76,1,1.0,1,0.1065,1.0,0.4791,1.92,3.0,0.5433,22.89
WRK-05258,0.397,51.32,0,1.0,0,0.6243,0.1471,0.6315,0.13,0.0,0.3457,3.57
WRK-05259,0.4331,42.51,0,0.5093,0,0.7485,0.3846,0.8877,0.86,1.0,0.0975,1.56
WRK-05260,0.5031,20.27,0,0.8811,1,0.6056,0.2844,0.5256,6.85,0.0,0.3221,8.17
WRK-05261,0.2585,49.99,1,0.6673,0,0.6343,0.1446,0.7026,0.77,8.0,0.0505,5.28
WRK-05262,0.8832,115.46,1,1.0,0,0.5103,0.4509,0.7242,3.29,5.0,0.5414,20.35
WRK-05263,0.5699,104.04,0,0.9492,0,0.7891,0.4422,0.6804,1.06,3.0,0.1714,7.74
WRK-05264,0.6643,73.54,0,0.8584,0,0.4263,0.6442,0.7107,3.19,2.0,0.1452,4.54
WRK-05265,0.4333,59.41,0,0.8017,1,0.6705,0.1097,0.669,0.34,2.0,0.0092,3.77
WRK-05266,0.4368,20.65,0,0.5551,0,0.8553,0.5372,0.8056,1.55,3.0,0.1725,5.36
WRK-05267,0.687,140.66,1,0.9785,0,0.2105,1.0,0.742,0.53,4.0,0.2949,16.29
WRK-05268,0.3339,42.93,1,0.8158,0,0.5441,0.3109,0.8757,1.3,6.0,0.0692,12.26
WRK-05269,0.3739,56.49,0,0.7715,0,0.7534,0.5913,0.9036,0.47,1.0,0.2713,4.68
WRK-05270,0.6318,74.22,1,0.9254,0,0.05,1.0,0.5712,0.1,2.0,0.378,12.45
WRK-05271,0.6099,22.03,0,0.824,0,0.32,1.0,0.5474,0.28,0.0,0.1393,7.64
WRK-05272,0.5865,81.34,1,1.0,0,0.4132,0.836,0.812,0.22,2.0,0.0575,16.87
WRK-05273,0.7114,51.93,1,0.8464,0,0.2665,0.9812,0.7141,2.85,3.0,0.0801,16.22
WRK-05274,0.6193,76.11,0,0.8009,1,0.7072,0.2495,0.8165,0.89,0.0,0.3726,4.36
WRK-05275,0.6493,101.02,0,1.0,0,0.1307,1.0,0.7101,3.61,0.0,0.1607,12.48
WRK-05276,0.4572,20.56,1,0.8487,0,0.772,0.6358,0.742,3.76,0.0,0.1569,12.39
WRK-05277,0.4461,36.52,0,0.7788,0,0.7564,0.3592,0.8316,4.78,2.0,0.2522,2.05
WRK-05278,0.38,68.16,0,0.8916,0,0.2605,0.9965,0.5695,0.51,0.0,0.3978,6.4
WRK-05279,0.6024,80.42,1,0.9149,1,0.5804,0.2144,0.7581,1.58,5.0,0.1232,15.01
WRK-05280,0.5169,47.43,1,0.8205,0,0.1499,1.0,0.7408,0.03,0.0,0.3519,20.77
WRK-05281,0.3217,65.84,0,0.7868,0,0.9865,0.918,0.9284,0.15,0.0,0.1004,3.54
WRK-05282,0.4556,99.86,0,0.8768,1,0.8551,0.5922,0.7036,0.54,0.0,0.2097,9.54
WRK-05283,0.3874,57.19,0,0.7645,0,0.7393,0.2253,0.8255,1.25,0.0,0.2338,1.67
WRK-05284,0.3785,37.99,0,0.7447,0,0.8249,0.7777,0.7,1.81,0.0,0.124,2.35
WRK-05285,0.3486,9.32,1,0.5781,0,0.6734,0.3459,0.7146,0.62,1.0,0.2562,9.25
WRK-05286,0.7294,101.67,1,1.0,0,0.2921,1.0,0.9078,2.24,7.0,0.5072,19.4
WRK-05287,0.4972,61.13,0,1.0,1,0.3005,1.0,0.8729,1.56,0.0,0.2022,6.4
WRK-05288,0.442,46.07,0,0.7166,0,0.3897,0.8887,0.7795,2.08,0.0,0.3127,4.06
WRK-05289,0.3654,90.36,0,1.0,0,0.269,1.0,0.4912,0.05,1.0,0.196,7.88
WRK-05290,0.3886,60.18,0,1.0,0,0.4715,0.5789,0.5397,0.78,1.0,0.1305,6.2
WRK-05291,0.3477,56.72,0,0.8205,0,0.2259,1.0,0.8921,0.19,1.0,0.3612,3.8
WRK-05292,0.4845,46.85,0,0.6144,0,0.5515,0.2546,0.6302,0.93,1.0,0.1519,2.92
WRK-05293,0.5224,54.21,0,1.0,0,0.3362,1.0,0.8109,3.27,1.0,0.3954,7.5
WRK-05294,0.3311,47.24,0,0.825,0,0.8717,0.5874,0.6458,2.57,1.0,0.1685,3.9
WRK-05295,0.3349,20.7,1,0.622,0,0.1572,1.0,0.6375,3.32,1.0,0.0694,13.05
WRK-05296,0.384,58.38,0,0.7873,0,0.8127,0.4854,0.7919,0.99,1.0,0.2459,3.57
WRK-05297,0.6491,84.04,1,1.0,0,0.05,1.0,0.6669,1.33,1.0,0.0588,12.99
WRK-05298,0.4368,57.2,1,0.6782,1,0.3522,0.8135,0.6474,3.29,2.0,0.1023,13.44
WRK-05299,0.527,37.12,0,0.8877,0,0.5129,0.4341,0.7361,0.11,2.0,0.0685,5.49
WRK-05300,0.6165,70.81,0,0.9625,0,0.5541,0.2629,0.7709,1.75,2.0,0.2812,5.95
WRK-05301,0.82,73.95,1,1.0,0,0.05,1.0,0.6743,1.04,1.0,0.3085,16.63
WRK-05302,0.4848,33.3,0,0.7296,0,0.6427,0.1041,0.7841,1.87,2.0,0.0476,2.41
WRK-05303,0.6037,18.17,0,0.7978,0,0.6421,0.3749,0.6664,1.53,2.0,0.3006,0.0
WRK-05304,0.6462,74.65,0,0.8358,1,0.9455,0.741,0.7864,1.16,1.0,0.0846,4.59
WRK-05305,0.5978,36.49,0,0.9523,1,0.1406,1.0,0.8365,0.13,2.0,0.0342,9.74
WRK-05306,0.4221,57.63,0,0.6266,0,0.4016,0.6378,0.8642,0.86,2.0,0.1747,5.3
WRK-05307,0.8104,123.31,0,1.0,0,0.9119,0.7245,0.6767,0.82,2.0,0.0357,13.7
WRK-05308,0.4323,84.93,0,0.8873,0,0.5006,0.6071,0.7122,3.63,4.0,0.3618,6.92
WRK-05309,0.741,113.35,1,1.0,1,0.4729,0.4536,0.7605,0.06,3.0,0.5524,16.74
WRK-05310,0.6902,78.4,1,0.717,0,0.2339,1.0,0.8194,5.53,1.0,0.0755,13.96
WRK-05311,0.5192,20.18,0,0.4529,1,0.7824,0.3718,0.6067,0.96,2.0,0.2777,0.73
WRK-05312,0.2653,16.93,0,0.5417,0,0.6148,0.1196,0.899,1.53,1.0,0.0925,1.63
WRK-05313,0.6971,43.1,0,0.9173,0,0.7272,0.2095,0.5671,4.09,1.0,0.0745,7.71
WRK-05314,0.6651,72.0,0,0.9071,0,0.49,0.574,0.649,1.92,0.0,0.3095,6.45
WRK-05315,0.5675,110.61,1,0.9813,1,0.3665,0.9004,0.7333,0.51,9.0,0.5644,18.12
WRK-05316,0.5898,78.16,0,0.9929,0,0.4726,0.5222,0.8452,1.93,2.0,0.136,1.65
WRK-05317,0.5179,62.84,0,0.9235,0,0.4379,0.7323,0.7722,3.7,0.0,0.3144,9.09
WRK-05318,0.7723,129.15,0,1.0,0,0.2724,1.0,0.7823,1.56,1.0,0.0931,10.73
WRK-05319,0.3669,60.64,0,0.8249,0,0.7549,0.2653,0.8391,4.35,2.0,0.0674,5.61
WRK-05320,0.5635,29.38,0,0.7864,0,0.6364,0.0365,0.7486,0.07,0.0,0.3888,1.04
WRK-05321,0.5707,61.12,0,1.0,0,0.5801,0.2226,0.6528,1.25,0.0,0.0894,4.71
WRK-05322,0.3962,41.23,0,0.6559,0,0.9586,0.9341,0.6178,0.59,1.0,0.2012,5.69
WRK-05323,0.3786,49.58,0,0.7377,0,0.3116,0.9977,0.6515,2.06,0.0,0.2592,0.61
WRK-05324,0.5757,100.2,1,0.9876,0,0.54,0.4045,0.342,2.23,6.0,0.6154,15.28
WRK-05325,0.3489,28.89,0,0.5628,1,0.9976,0.8791,0.5182,2.77,0.0,0.3957,4.65
WRK-05326,0.8859,103.55,0,1.0,1,0.674,0.2982,0.1174,109.77,6.6,0.9179,31.22
WRK-05327,0.7122,108.62,1,1.0,0,0.4362,0.6674,0.7765,1.19,3.0,0.3635,18.35
WRK-05328,0.5288,9.09,0,0.6957,1,0.9091,0.8235,0.6466,3.32,3.0,0.3319,1.24
WRK-05329,0.5011,39.55,0,0.945,0,0.725,0.2592,0.5031,2.12,1.0,0.1283,8.34
WRK-05330,0.6766,81.01,1,0.9799,1,0.2003,1.0,0.5769,2.91,8.0,0.0934,15.4
WRK-05331,0.6604,69.54,0,0.892,0,0.5815,0.1875,0.8287,0.39,2.0,0.1034,6.7
WRK-05332,0.4165,59.41,1,0.8423,1,0.5087,0.5749,0.7874,12.6,1.0,0.1241,13.86
WRK-05333,0.7224,75.02,1,0.8547,0,0.05,1.0,0.7662,0.36,1.0,0.3108,21.57
WRK-05334,0.3037,7.73,0,0.6237,0,0.4223,0.6701,0.8452,0.04,0.0,0.1105,1.94
WRK-05335,0.5733,88.08,0,0.7451,1,0.6458,0.0549,0.6545,0.24,2.0,0.3479,6.26
WRK-05336,0.7496,140.5,1,1.0,0,0.2713,0.9744,0.6525,1.99,4.0,0.16,16.15
WRK-05337,0.3065,44.83,1,0.5955,1,0.5044,0.3923,0.8534,2.95,2.0,0.3037,4.72
WRK-05338,0.7083,118.74,0,1.0,0,0.6982,0.1523,0.7201,1.11,0.0,0.1349,14.82
WRK-05339,0.6789,73.97,1,0.8068,0,0.6233,0.2035,0.879,2.59,2.0,0.1311,15.36
WRK-05340,0.5338,86.63,0,1.0,0,0.3693,0.9095,0.568,3.05,3.0,0.3806,13.77
WRK-05341,0.4888,55.82,0,0.9991,0,0.3949,0.734,0.604,5.96,0.0,0.1994,2.83
WRK-05342,0.5152,77.71,0,0.8898,0,0.5964,0.3342,0.6308,0.91,1.0,0.3421,2.28
WRK-05343,0.7055,160.19,1,1.0,0,0.1862,1.0,0.6758,1.62,4.0,0.3915,24.23
WRK-05344,0.6601,82.28,1,0.9554,0,0.5262,0.4464,0.5242,0.27,1.0,0.1342,10.89
WRK-05345,0.6281,99.24,0,1.0,0,0.6771,0.2451,0.568,3.58,2.0,0.1096,10.41
WRK-05346,0.7657,55.71,0,0.7378,0,0.4718,0.6862,0.7858,1.5,0.0,0.2792,3.23
WRK-05347,0.5951,72.14,0,0.7763,1,0.44,0.566,0.3165,79.38,5.6,0.9245,26.66
WRK-05348,0.5183,97.67,0,1.0,0,0.7388,0.9499,0.7056,3.95,2.0,0.2397,10.86
WRK-05349,0.4196,54.05,0,1.0,0,0.4147,0.7177,0.6902,0.52,0.0,0.1173,7.87
WRK-05350,0.5523,76.72,0,0.944,1,0.3317,1.0,0.6206,2.2,1.0,0.0295,9.03
WRK-05351,0.6961,40.44,0,0.9107,0,0.3705,1.0,0.4818,2.01,1.0,0.0589,8.85
WRK-05352,0.6492,88.34,0,0.8091,1,0.7751,0.4778,0.8596,3.59,0.0,0.0352,8.58
WRK-05353,0.7947,83.76,0,1.0,0,0.5533,0.6335,0.6413,6.87,2.0,0.1863,10.84
WRK-05354,0.6572,91.21,1,0.8998,0,0.0605,1.0,0.8692,2.58,2.0,0.3081,16.39
WRK-05355,0.4356,48.07,0,0.8227,0,0.6889,0.2272,0.6629,0.66,0.0,0.1178,6.85
WRK-05356,0.4474,103.76,0,0.7937,0,0.712,0.1781,0.1131,58.54,8.0,0.8021,24.43
WRK-05357,0.4885,52.66,0,0.7923,0,0.8282,0.4615,0.6599,0.93,2.0,0.2531,2.8
WRK-05358,0.4249,54.01,0,0.8556,0,0.2396,1.0,0.0537,44.07,4.4,0.9728,32.01
WRK-05359,0.6354,145.89,1,1.0,0,0.1523,1.0,0.7388,9.2,4.0,0.2552,20.87
WRK-05360,0.6098,73.37,0,1.0,0,0.6804,0.135,0.5244,5.64,0.0,0.3045,6.72
WRK-05361,0.3766,46.91,0,0.7307,1,0.5867,0.2364,0.916,0.64,1.0,0.1832,0.87
WRK-05362,0.4136,66.08,0,0.8681,0,0.8842,0.6085,0.5361,8.06,0.0,0.0602,4.01
WRK-05363,0.4236,103.24,1,0.8365,1,0.5452,0.7701,0.8832,1.29,6.0,0.4943,24.92
WRK-05364,0.5008,53.3,0,0.7869,0,0.3288,1.0,0.7708,0.49,1.0,0.1129,3.7
WRK-05365,0.4881,42.4,0,0.9597,0,0.4948,0.4444,0.7068,1.36,1.0,0.2556,3.94
WRK-05366,0.558,43.72,0,0.8585,0,0.3614,0.8542,0.8457,2.73,0.0,0.0037,7.61
WRK-05367,0.6878,248.46,0,1.0,0,0.7131,0.3353,0.8772,1.24,2.0,0.3039,12.76
WRK-05368,0.604,91.91,1,0.9585,0,0.1099,1.0,0.7562,0.45,1.0,0.1502,23.43
WRK-05369,0.3704,37.05,1,0.6971,0,0.7898,0.3596,0.2965,43.07,5.6,0.9938,27.57
WRK-05370,0.5171,64.26,0,1.0,0,0.663,0.0962,0.8555,1.55,2.0,0.2904,2.79
WRK-05371,0.5011,70.67,1,0.8313,0,0.5304,0.4236,0.9014,5.88,5.0,0.0873,13.89
WRK-05372,0.3815,52.39,0,0.7514,0,0.7034,0.8769,0.8749,0.73,0.0,0.0965,3.95
WRK-05373,0.5559,67.8,0,1.0,0,0.7716,0.4682,0.7456,0.34,1.0,0.1423,6.61
WRK-05374,0.5437,39.14,1,0.8053,0,0.7143,0.2307,0.5588,4.68,2.0,0.1217,11.61
WRK-05375,0.3597,45.97,0,0.7001,0,0.863,0.88,0.7226,3.69,1.0,0.0558,3.42
WRK-05376,0.4159,42.48,0,0.6925,0,0.8943,0.6838,0.6967,0.74,0.0,0.1494,3.04
WRK-05377,0.4412,44.15,0,0.7506,0,0.4389,0.5854,0.5527,0.06,0.0,0.2161,1.15
WRK-05378,0.4986,59.95,0,0.9536,0,0.2194,1.0,0.6224,3.19,1.0,0.0269,5.96
WRK-05379,0.5566,85.24,0,0.977,0,0.4014,0.628,0.8207,5.15,1.0,0.3818,8.38
WRK-05380,0.5678,104.46,1,0.9765,0,0.6464,0.0195,0.0596,50.91,3.5,1.0,32.32
WRK-05381,0.3885,29.61,0,1.0,1,0.8237,1.0,0.7273,0.78,1.0,0.055,4.47
WRK-05382,0.366,6.71,0,0.5972,0,0.4201,0.6872,0.1594,52.21,7.5,0.9827,15.12
WRK-05383,0.8088,90.93,0,0.959,0,0.2652,1.0,0.7852,3.76,2.0,0.0958,8.13
WRK-05384,0.6706,132.74,1,1.0,1,0.382,0.7417,0.7301,1.52,3.0,0.1956,14.91
WRK-05385,0.7715,78.49,0,1.0,0,0.5717,0.3463,0.8456,0.24,0.0,0.3659,2.77
WRK-05386,0.5682,4.68,0,0.5288,0,0.6824,0.2288,0.7046,2.61,1.0,0.1352,0.0
WRK-05387,0.5823,43.17,0,0.7664,0,0.8307,0.6044,0.7968,1.84,1.0,0.3355,1.92
WRK-05388,0.3188,16.56,0,0.6029,0,0.6284,0.1148,0.6628,1.69,0.0,0.0916,1.2
WRK-05389,0.6298,112.57,1,1.0,0,0.3156,0.8534,0.7996,1.16,2.0,0.6298,17.09
WRK-05390,0.4501,60.02,0,0.7326,0,0.7497,0.3404,0.7604,0.97,0.0,0.2821,2.41
WRK-05391,0.4994,31.81,0,0.6993,0,0.6427,0.0438,0.8953,0.45,2.0,0.0597,0.21
WRK-05392,0.5054,55.64,0,0.8314,0,0.6543,0.1671,0.2229,16.67,7.1,0.6382,24.37
WRK-05393,0.5288,49.13,0,0.8881,0,0.7035,0.241,0.8408,5.21,0.0,0.3514,5.53
WRK-05394,0.5321,47.38,0,0.7485,1,0.8417,0.6949,0.7931,0.57,1.0,0.2242,6.16
WRK-05395,0.5182,110.69,0,1.0,0,0.7652,0.3388,0.7875,1.49,1.0,0.3679,11.98
WRK-05396,0.6545,138.75,1,1.0,0,0.4568,0.4928,0.8201,1.97,1.0,0.2984,19.48
WRK-05397,0.3429,5.0,0,0.4753,0,0.5151,0.3458,0.7846,11.92,1.0,0.2616,2.22
WRK-05398,0.7279,93.92,0,1.0,0,0.7435,0.3406,0.8913,0.35,1.0,0.0083,10.54
WRK-05399,0.4714,19.7,0,0.5294,0,0.8327,0.4889,0.2568,45.29,8.4,0.647,20.48
WRK-05400,0.6662,69.35,0,0.7881,0,0.5704,0.2005,0.53,0.47,1.0,0.1697,3.68
WRK-05401,0.4127,56.95,0,0.8077,0,0.7427,0.2324,0.7234,4.53,0.0,0.0769,2.62
WRK-05402,0.3667,58.64,0,0.7027,0,0.6259,0.0652,0.7245,0.09,1.0,0.1202,0.47
WRK-05403,0.4471,34.78,0,0.7166,0,0.9037,0.667,0.1687,94.41,6.6,0.8258,11.95
WRK-05404,0.5954,85.63,1,0.9926,0,0.2522,1.0,0.5141,2.62,2.0,0.2352,25.08
WRK-05405,0.7087,88.18,0,1.0,0,0.444,0.5718,0.7565,0.79,2.0,0.2419,7.59
WRK-05406,0.6468,116.36,1,0.9497,0,0.4929,0.4264,0.6484,3.19,3.0,0.4828,19.58
WRK-05407,0.1903,40.54,0,0.5386,0,0.4501,0.7019,0.6214,1.66,3.0,0.1885,2.38
WRK-05408,0.4599,82.07,0,0.7796,1,0.6959,0.237,0.9145,10.11,3.0,0.0469,3.95
WRK-05409,0.6354,83.04,1,0.8896,0,0.357,0.8338,0.6396,2.81,5.0,0.1689,18.06
WRK-05410,0.5017,35.2,0,0.679,0,0.5834,0.1909,0.7883,2.05,3.0,0.203,1.3
WRK-05411,0.7204,105.29,1,1.0,0,0.05,1.0,0.2491,150.0,9.5,0.8799,41.75
WRK-05412,0.5796,83.42,1,0.7831,1,0.05,1.0,0.2305,36.89,9.8,0.6409,34.68
WRK-05413,0.6294,102.59,1,0.9161,0,0.4581,0.4847,0.5773,0.5,5.0,0.349,17.91
WRK-05414,0.2127,24.76,0,0.6053,0,0.6733,0.1211,0.3489,61.86,5.2,0.6657,20.3
WRK-05415,0.3831,89.88,0,1.0,1,0.8218,0.5984,0.3021,68.37,6.0,0.856,25.46
WRK-05416,0.6008,25.08,0,0.7847,1,0.5099,0.5371,0.6588,4.1,1.0,0.0454,5.47
WRK-05417,0.4602,77.65,0,1.0,0,0.2187,1.0,0.7764,3.74,1.0,0.0412,10.7
WRK-05418,0.6238,35.94,0,0.9069,0,0.4467,0.6474,0.7228,0.42,1.0,0.0309,9.49
WRK-05419,0.4926,72.93,0,0.932,0,0.1853,1.0,0.8707,0.52,0.0,0.1377,9.39
WRK-05420,0.3806,63.17,0,0.8344,0,0.4539,0.5936,0.6946,0.25,0.0,0.1056,7.03
WRK-05421,0.412,43.57,0,0.7181,1,0.9069,0.8555,0.5741,1.0,1.0,0.1778,5.53
WRK-05422,0.4565,22.38,0,0.5006,0,0.5823,0.2133,0.2247,42.15,5.0,0.6451,22.32
WRK-05423,0.7738,132.73,1,1.0,1,0.207,1.0,0.603,2.89,6.0,0.2581,19.71
WRK-05424,0.6014,31.68,0,0.8201,0,1.0,0.9117,0.8298,1.16,0.0,0.2307,10.23
WRK-05425,0.6033,68.86,0,0.9935,0,0.4405,0.6001,0.7191,0.79,0.0,0.2393,7.87
WRK-05426,0.5206,17.69,0,0.8745,0,0.261,1.0,0.7672,3.81,1.0,0.3433,7.43
WRK-05427,0.5568,55.27,0,0.8817,0,0.3539,1.0,0.6885,1.65,1.0,0.0489,10.23
WRK-05428,0.4665,28.75,0,0.8509,0,0.776,0.8424,0.6407,0.87,1.0,0.2092,5.64
WRK-05429,0.6335,103.78,1,1.0,1,0.2091,1.0,0.6024,0.72,7.0,0.289,24.89
WRK-05430,0.5102,59.52,0,0.9013,0,0.3924,0.8221,0.6832,1.45,1.0,0.3889,8.27
WRK-05431,0.2596,1.48,0,0.5346,0,0.4188,0.935,0.4752,5.98,0.0,0.31,0.31
WRK-05432,0.5958,19.23,0,0.8253,0,0.7095,0.4057,0.8072,4.62,0.0,0.3891,8.81
WRK-05433,0.4881,51.81,0,0.9731,0,0.3282,0.849,0.6804,0.67,1.0,0.0478,5.61
WRK-05434,0.7357,85.94,0,1.0,0,0.3,0.894,0.8183,1.18,2.0,0.2791,10.86
WRK-05435,0.6452,99.09,0,0.9086,0,0.6154,0.1632,0.8339,0.8,4.0,0.3437,9.19
WRK-05436,0.3845,16.52,0,0.4533,0,0.8485,0.4994,0.8644,2.3,0.0,0.0392,2.44
WRK-05437,0.7207,78.49,1,1.0,1,0.4189,0.8041,0.918,0.34,4.0,0.219,20.46
WRK-05438,0.667,93.82,1,1.0,1,0.1847,1.0,0.7117,0.35,3.0,0.1783,23.6
WRK-05439,0.6235,86.35,0,0.9858,0,0.9014,0.7492,0.8248,0.42,2.0,0.2202,10.85
WRK-05440,0.688,81.94,0,1.0,1,0.2824,1.0,0.8334,0.5,2.0,0.1532,7.0
WRK-05441,0.6477,86.02,1,0.9749,1,0.3194,0.934,0.5715,4.13,1.0,0.0616,18.32
WRK-05442,0.6174,79.16,0,0.867,0,0.1284,1.0,0.6766,0.64,0.0,0.3173,3.3
WRK-05443,0.3734,11.06,0,0.5836,0,0.6554,0.173,0.6279,2.45,2.0,0.0176,0.0
WRK-05444,0.5776,70.51,0,0.9229,0,0.5373,0.3556,0.8417,1.13,0.0,0.031,6.77
WRK-05445,0.4446,100.39,0,1.0,0,0.6481,0.0667,0.5034,0.44,2.0,0.0857,10.15
WRK-05446,0.4422,75.87,0,1.0,0,0.4717,0.7184,0.8275,1.17,1.0,0.2724,7.04
WRK-05447,0.2634,60.24,0,0.7552,0,0.4464,0.6017,0.8506,3.8,1.0,0.1686,1.83
WRK-05448,0.6766,79.93,0,0.779,1,1.0,0.9451,0.6878,2.6,1.0,0.1395,4.65
WRK-05449,0.7326,81.75,0,0.8174,0,0.4095,0.7213,0.7975,2.19,2.0,0.1446,11.69
WRK-05450,0.6169,18.02,0,0.7834,0,0.5214,0.5946,0.2169,31.57,8.0,0.659,26.17
WRK-05451,0.4887,104.61,0,1.0,0,0.8667,0.5981,0.8168,0.8,1.0,0.3699,9.33
WRK-05452,0.4765,45.82,1,0.5913,1,0.6245,0.1333,0.5933,2.12,1.0,0.0911,16.27
WRK-05453,0.5085,113.19,1,0.9596,0,0.5086,0.6319,0.8613,0.23,3.0,0.2452,22.26
WRK-05454,0.539,40.7,0,0.7638,0,0.4472,0.6518,0.1233,17.92,4.3,0.7716,23.44
WRK-05455,0.5587,101.83,0,1.0,0,0.1905,1.0,0.8356,3.7,2.0,0.1527,10.05
WRK-05456,0.6756,60.83,0,0.7598,0,0.6326,0.199,0.707,1.08,0.0,0.288,4.52
WRK-05457,0.5364,37.28,0,0.8702,1,0.3651,1.0,0.5018,0.19,1.0,0.0889,7.55
WRK-05458,0.5738,109.62,1,1.0,0,0.4215,0.6814,0.846,1.14,4.0,0.1916,11.89
WRK-05459,0.7031,71.85,0,0.9522,0,0.2969,1.0,0.8126,0.01,1.0,0.0141,8.24
WRK-05460,0.4424,26.48,0,0.5807,1,0.3138,0.8939,0.835,1.77,0.0,0.1833,2.36
WRK-05461,0.5056,10.7,1,0.5023,0,0.3807,0.7046,0.7999,1.15,0.0,0.0202,9.96
WRK-05462,0.8225,255.04,0,1.0,0,0.3677,0.8512,0.7389,0.35,2.0,0.3768,15.73
WRK-05463,0.5556,37.6,0,0.6795,1,0.4746,0.4636,0.0628,60.18,5.8,0.9584,19.31
WRK-05464,0.5296,70.93,0,1.0,0,0.393,0.6507,0.8133,5.16,1.0,0.0701,7.19
WRK-05465,0.5683,13.01,0,0.7013,0,0.4857,0.4283,0.7237,5.03,0.0,0.1565,3.13
WRK-05466,0.5392,83.89,0,0.9614,0,0.4929,0.5701,0.8227,0.86,2.0,0.3068,8.94
WRK-05467,0.7446,113.01,1,1.0,0,0.2975,0.9119,0.4193,0.39,5.0,0.3748,17.76
WRK-05468,0.4358,64.56,0,1.0,0,0.5042,0.4071,0.6639,2.6,1.0,0.3502,6.81
WRK-05469,0.6669,79.41,0,0.7826,0,0.6613,0.0732,0.347,60.97,3.6,0.8147,10.53
WRK-05470,0.4844,78.03,0,1.0,0,0.2543,1.0,0.3657,2.16,1.0,0.197,5.7
WRK-05471,0.6877,78.69,0,0.9795,0,0.2826,0.9737,0.6706,1.98,0.0,0.0986,8.43
WRK-05472,0.6722,105.2,0,1.0,0,0.8207,0.6054,0.6383,1.41,3.0,0.3997,13.04
WRK-05473,0.5248,45.57,0,0.7343,0,0.451,0.6155,0.5561,0.81,0.0,0.3418,2.63
WRK-05474,0.3321,27.77,0,0.6605,0,0.8714,0.5542,0.6733,3.47,0.0,0.3978,2.11
WRK-05475,0.7352,143.6,1,1.0,0,0.05,1.0,0.7727,3.02,3.0,0.6658,26.79
WRK-05476,0.7462,93.02,0,1.0,0,0.6784,0.2985,0.055,54.33,7.1,0.9194,21.49
WRK-05477,0.6296,95.3,0,1.0,1,0.5928,0.351,0.8261,2.47,2.0,0.1949,12.67
WRK-05478,0.4586,83.37,1,0.766,0,0.3402,0.8767,0.2777,0.2,5.0,0.2877,15.95
WRK-05479,0.8548,81.74,1,1.0,0,0.266,0.9697,0.8635,3.16,3.0,0.0401,17.16
WRK-05480,0.6635,83.35,0,1.0,0,0.7115,0.1849,0.7371,2.92,1.0,0.1751,8.9
WRK-05481,0.3802,34.33,0,0.6907,0,0.7594,0.3223,0.5353,0.17,0.0,0.3523,0.0
WRK-05482,0.7624,112.76,0,1.0,0,0.6229,0.1877,0.8794,1.3,2.0,0.1751,7.78
WRK-05483,0.4797,67.35,1,0.9295,0,0.5694,0.4225,0.8046,3.64,3.0,0.1067,11.99
WRK-05484,0.3874,56.47,0,0.731,0,0.4592,0.6525,0.6456,3.01,1.0,0.2566,4.12
WRK-05485,0.6088,67.58,0,0.9529,0,0.6624,0.0717,0.6191,4.25,1.0,0.2844,0.32
WRK-05486,0.461,27.56,0,0.8258,0,1.0,1.0,0.6576,4.7,1.0,0.0962,6.02
WRK-05487,0.5923,32.53,0,0.8769,0,0.7527,0.3298,0.6107,5.62,0.0,0.1441,7.34
WRK-05488,0.4509,43.69,0,0.7206,0,0.3906,0.8018,0.767,0.1,0.0,0.1549,4.99
WRK-05489,0.4212,35.68,1,0.6722,0,0.6603,0.0573,0.8974,5.67,6.0,0.3169,3.71
WRK-05490,0.4347,66.38,0,1.0,0,0.241,1.0,0.7011,5.43,2.0,0.0934,6.69
WRK-05491,0.7204,94.88,1,0.8449,0,0.5306,0.4147,0.6315,2.24,3.0,0.3478,17.69
WRK-05492,0.5124,52.16,0,0.6986,0,0.8089,0.7334,0.3477,1.69,2.0,0.0762,3.77
WRK-05493,0.4596,37.77,0,0.858,0,0.4754,0.5338,0.5275,2.83,0.0,0.2979,9.15
WRK-05494,0.447,0.0,0,0.7461,1,0.5575,0.3628,0.5835,5.91,0.0,0.143,3.27
WRK-05495,0.5264,57.13,0,0.8168,0,0.4301,0.6289,0.7832,6.56,0.0,0.1508,4.38
WRK-05496,0.44,28.95,0,0.814,0,0.4963,0.5556,0.7942,5.76,1.0,0.3525,1.87
WRK-05497,0.4938,57.87,0,0.9077,0,0.1107,1.0,0.3926,1.19,0.0,0.1429,9.43
WRK-05498,0.8094,115.01,1,1.0,0,0.1766,1.0,0.6135,0.72,4.0,0.5503,17.52
WRK-05499,0.5095,10.4,0,0.491,0,0.6868,0.1298,0.1672,87.11,6.9,0.7374,14.27
WRK-05500,0.779,144.18,0,1.0,0,0.4922,0.3953,0.6549,5.07,1.0,0.3599,12.98
WRK-05501,0.4367,27.94,0,0.6808,0,0.6247,0.0902,0.8788,0.7,0.0,0.3799,0.78
WRK-05502,0.7302,48.39,0,0.8439,1,0.7812,0.5401,0.692,2.72,2.0,0.1619,5.08
WRK-05503,0.5332,93.94,1,1.0,0,0.0503,1.0,0.8025,2.26,2.0,0.1901,19.88
WRK-05504,0.3629,27.7,0,0.737,0,0.9043,0.8317,0.6811,0.14,1.0,0.0815,2.03
WRK-05505,0.7179,70.37,0,0.9664,0,0.4397,0.5305,0.8089,0.29,0.0,0.3238,5.44
WRK-05506,0.423,59.41,0,0.8641,0,0.203,1.0,0.8583,1.02,1.0,0.11,5.64
WRK-05507,0.8192,154.61,0,1.0,0,0.2553,1.0,0.3382,42.0,8.4,0.7373,36.57
WRK-05508,0.7169,129.08,1,1.0,0,0.5091,0.8865,0.8322,0.95,3.0,0.2937,17.34
WRK-05509,0.6605,80.98,0,0.8356,0,0.6663,0.3302,0.7126,2.56,0.0,0.0713,8.42
WRK-05510,0.358,46.98,0,0.6519,0,0.4501,0.6137,0.7869,0.22,0.0,0.3936,1.34
WRK-05511,0.6382,104.87,1,1.0,0,0.6287,0.2877,0.0678,46.68,5.9,1.0,36.25
WRK-05512,0.4062,43.39,0,0.8297,0,0.6628,0.065,0.7555,0.89,2.0,0.1667,0.0
WRK-05513,0.4017,20.73,0,0.6478,0,0.7548,0.3157,0.9132,0.01,0.0,0.1525,5.02
WRK-05514,0.388,81.05,0,0.9061,0,0.3089,0.8557,0.7692,1.04,2.0,0.2134,10.49
WRK-05515,0.7263,75.19,1,1.0,0,0.2123,1.0,0.5373,0.11,3.0,0.2843,14.28
WRK-05516,0.4523,55.25,0,0.5916,1,0.6356,0.1128,0.8627,0.74,0.0,0.1302,2.09
WRK-05517,0.738,64.33,0,0.9115,0,0.3055,1.0,0.8478,1.73,0.0,0.1836,7.56
WRK-05518,0.3097,32.18,0,0.5716,0,0.908,0.7244,0.5629,0.97,1.0,0.2448,0.8
WRK-05519,0.514,84.75,0,1.0,0,0.1687,1.0,0.6936,0.12,1.0,0.2173,9.71
WRK-05520,0.6497,80.94,0,0.8986,1,0.262,1.0,0.8753,2.89,1.0,0.3348,10.34
WRK-05521,0.9119,108.31,0,1.0,0,0.3889,0.9447,0.6969,0.64,0.0,0.3757,12.04
WRK-05522,0.5013,46.57,0,0.6538,0,0.7588,0.3011,0.7401,0.77,1.0,0.2389,0.94
WRK-05523,0.4056,92.99,0,0.9126,0,0.3288,0.8644,0.924,4.01,1.0,0.3117,8.47
WRK-05524,0.414,15.26,0,0.5371,0,0.4624,0.5378,0.8033,0.09,1.0,0.3797,0.48
WRK-05525,0.7082,84.96,1,0.9538,0,0.05,1.0,0.1972,45.45,8.5,0.6315,37.91
WRK-05526,0.6105,86.91,1,1.0,0,0.5983,0.1729,0.4097,2.11,3.0,0.195,18.7
WRK-05527,0.7596,164.08,1,1.0,0,0.4596,0.5676,0.6778,0.45,4.0,0.2903,22.11
WRK-05528,0.4666,69.67,0,1.0,0,0.5717,0.2606,0.7294,3.03,2.0,0.3801,8.07
WRK-05529,0.7127,82.48,1,1.0,0,0.4302,0.6438,0.8523,6.5,6.0,0.377,15.74
WRK-05530,0.7219,116.88,1,1.0,0,0.5399,0.2968,0.87,1.9,2.0,0.3547,14.77
WRK-05531,0.7416,79.29,0,0.9045,1,0.3488,0.7787,0.4859,1.56,0.0,0.0293,1.58
WRK-05532,0.3196,32.08,0,0.7471,0,0.8807,0.6068,0.9077,3.21,0.0,0.238,2.26
WRK-05533,0.5134,97.56,0,1.0,0,0.1798,1.0,0.7634,1.28,1.0,0.3377,9.67
WRK-05534,0.7058,84.8,0,0.8699,1,0.81,0.6442,0.7452,0.3,3.0,0.2099,11.24
WRK-05535,0.5565,95.59,0,1.0,0,0.4944,0.5594,0.2658,31.23,8.8,0.6458,21.28
WRK-05536,0.3759,15.99,0,0.6811,0,0.828,0.6451,0.8044,2.44,1.0,0.0685,3.43
WRK-05537,0.8149,104.06,0,1.0,0,0.5607,0.5133,0.7834,2.25,5.0,0.0056,10.4
WRK-05538,0.4963,46.61,0,0.756,0,0.5688,0.7205,0.6004,4.35,1.0,0.0593,3.09
WRK-05539,0.5334,63.7,1,0.515,0,0.55,0.2954,0.8108,0.59,3.0,0.3695,11.44
WRK-05540,0.4296,26.33,0,0.5016,0,0.5482,0.3458,0.6225,1.52,2.0,0.1002,0.32
WRK-05541,0.6728,77.1,0,1.0,0,0.6147,0.6766,0.8293,1.12,0.0,0.1062,4.03
WRK-05542,0.5029,54.26,0,0.8338,0,0.2625,0.9776,0.7797,1.86,0.0,0.333,5.7
WRK-05543,0.5119,64.47,0,1.0,0,0.6689,0.0909,0.8391,3.12,1.0,0.1229,2.61
WRK-05544,0.415,41.72,0,0.7959,0,0.3762,1.0,0.7529,1.73,0.0,0.2529,2.54
WRK-05545,0.6265,26.61,0,0.8208,1,0.7075,0.2036,0.4182,0.25,0.0,0.0897,3.94
WRK-05546,0.3751,5.78,0,0.3762,0,0.9746,0.871,0.7942,0.9,1.0,0.1498,3.22
WRK-05547,0.6875,23.38,0,0.7612,0,0.7061,0.3324,0.8913,0.6,1.0,0.1805,1.92
WRK-05548,0.6775,106.58,1,1.0,0,0.1969,1.0,0.5474,2.53,7.0,0.3524,15.68
WRK-05549,0.6626,25.01,0,0.9256,0,0.5167,0.3735,0.4607,1.16,0.0,0.0208,5.31
WRK-05550,0.4975,40.67,0,0.5555,0,0.5718,0.2942,0.6182,1.4,2.0,0.0368,1.22
WRK-05551,0.6474,79.79,0,0.9458,0,0.1246,1.0,0.7781,4.87,0.0,0.2724,6.02
WRK-05552,0.5234,25.95,1,0.8105,1,0.6743,0.5391,0.8207,0.36,2.0,0.1812,14.44
WRK-05553,0.4209,47.28,0,0.6991,0,0.974,0.8585,0.8272,0.1,0.0,0.3691,3.31
WRK-05554,0.4285,46.68,0,0.6775,0,0.8546,0.5125,0.7226,4.78,0.0,0.3699,3.9
WRK-05555,0.6335,109.93,1,1.0,1,0.6158,0.086,0.7408,0.06,6.0,0.3352,14.49
WRK-05556,0.5939,83.81,1,0.9083,1,0.4996,0.4835,0.7843,3.3,3.0,0.1809,22.52
WRK-05557,0.6932,86.02,0,1.0,0,0.3148,0.8809,0.7398,0.76,4.0,0.1561,11.23
WRK-05558,0.3453,53.0,0,1.0,0,0.46,0.5763,0.4521,0.88,0.0,0.102,6.69
WRK-05559,0.7174,74.99,1,0.9094,0,0.2654,1.0,0.2617,38.46,8.1,0.6669,41.85
WRK-05560,0.4512,57.78,0,0.9328,0,0.3648,0.7463,0.7657,7.16,1.0,0.0124,5.13
WRK-05561,0.6626,90.45,1,0.9214,0,0.05,1.0,0.7935,0.43,4.0,0.1384,22.42
WRK-05562,0.7718,144.69,1,1.0,0,0.05,1.0,0.7213,0.02,3.0,0.4151,21.95
WRK-05563,0.5172,73.5,0,0.7541,0,0.6229,0.0788,0.8343,1.25,1.0,0.2835,2.07
WRK-05564,0.578,79.8,0,1.0,1,0.5229,0.4716,0.5491,0.19,1.0,0.0238,4.76
WRK-05565,0.7127,110.36,0,1.0,0,0.2449,1.0,0.6656,2.1,1.0,0.3427,10.18
WRK-05566,0.4368,44.58,0,0.6437,1,0.42,0.6175,0.8476,1.41,0.0,0.21,4.51
WRK-05567,0.5542,27.25,0,0.8161,0,0.8219,0.4332,0.5112,6.14,1.0,0.1197,2.43
WRK-05568,0.5875,105.0,1,1.0,1,0.3345,1.0,0.7505,0.68,7.0,0.2818,17.07
WRK-05569,0.4143,96.62,0,1.0,0,0.6589,0.1466,0.6897,0.49,1.0,0.0671,11.9
WRK-05570,0.3861,9.91,0,0.764,1,0.3962,0.6411,0.6818,0.54,0.0,0.2623,0.92
WRK-05571,0.5148,53.32,0,0.6984,0,0.6911,0.1893,0.7262,8.29,0.0,0.3581,2.03
WRK-05572,0.357,64.7,0,0.7782,0,0.447,0.6377,0.7777,0.45,1.0,0.083,1.2
WRK-05573,0.4093,18.39,0,0.8684,1,0.7783,0.3687,0.7427,3.29,0.0,0.1511,8.99
WRK-05574,0.3873,48.19,0,0.6557,0,0.9407,0.736,0.4975,8.11,0.0,0.2089,4.4
WRK-05575,0.4984,69.32,0,0.6793,1,0.4629,0.5257,0.6792,2.84,2.0,0.2958,0.0
WRK-05576,0.5489,84.18,0,0.9168,0,0.2966,1.0,0.6955,0.7,1.0,0.1708,7.94
WRK-05577,0.8369,99.82,0,0.9849,0,0.2827,1.0,0.7047,2.74,2.0,0.3761,13.54
WRK-05578,0.313,22.39,0,0.6588,1,0.4577,0.6084,0.7376,1.58,1.0,0.2713,3.78
WRK-05579,0.687,100.17,1,1.0,0,0.3502,0.7597,0.6891,0.76,4.0,0.4219,19.74
WRK-05580,0.5825,90.55,0,0.9214,0,0.2272,1.0,0.7611,1.13,0.0,0.1416,8.67
WRK-05581,0.6533,85.94,1,1.0,0,0.1448,1.0,0.8172,1.49,5.0,0.3662,22.28
WRK-05582,0.4393,51.74,0,0.7524,0,0.5721,0.1971,0.8089,2.88,1.0,0.2172,2.36
WRK-05583,0.2808,55.52,0,0.8297,0,0.8842,0.8492,0.9051,0.89,0.0,0.1204,2.68
WRK-05584,0.9461,110.02,1,1.0,1,0.05,1.0,0.7875,0.48,5.0,0.6318,26.49
WRK-05585,0.6404,71.84,1,0.9576,0,0.05,1.0,0.8148,0.62,4.0,0.1714,13.69
WRK-05586,0.3604,63.26,0,0.7655,0,0.4124,0.6205,0.0582,65.82,4.6,0.9518,24.35
WRK-05587,0.6275,40.66,0,0.8813,1,0.2013,1.0,0.9261,5.52,0.0,0.379,6.91
WRK-05588,0.5251,25.58,0,0.5771,0,0.4024,0.7057,0.7899,2.93,0.0,0.3532,2.97
WRK-05589,0.5401,85.63,0,0.9249,0,0.7353,0.3099,0.8409,4.37,2.0,0.3628,9.91
WRK-05590,0.3539,66.44,1,0.7362,1,0.8055,0.5049,0.868,1.32,4.0,0.3527,13.16
WRK-05591,0.7371,88.88,1,1.0,0,0.1977,1.0,0.5398,0.52,4.0,0.3351,16.53
WRK-05592,0.4995,64.17,0,1.0,0,0.2795,1.0,0.4473,2.05,0.0,0.1035,6.22
WRK-05593,0.7221,103.93,1,1.0,0,0.0981,1.0,0.0815,40.6,13.3,1.0,38.68
WRK-05594,0.2692,42.96,0,0.7552,0,0.3239,0.8342,0.8282,1.19,1.0,0.0074,2.5
WRK-05595,0.3857,50.44,0,0.6536,0,0.8391,0.521,0.6966,0.4,0.0,0.3036,3.88
WRK-05596,0.4797,70.1,0,1.0,0,0.5281,0.3636,0.8597,4.17,1.0,0.3685,3.19
WRK-05597,0.6856,67.12,1,0.9281,0,0.1078,1.0,0.579,1.05,7.0,0.1357,17.01
WRK-05598,0.3791,33.46,0,0.6471,0,0.4959,0.7053,0.8851,0.18,0.0,0.051,0.82
WRK-05599,0.5715,55.71,0,0.6691,0,0.3564,0.9272,0.8814,3.04,1.0,0.0023,3.41
WRK-05600,0.5079,66.12,0,0.8591,0,0.1828,1.0,0.7996,5.82,3.0,0.1643,2.66
WRK-05601,0.5316,91.54,0,1.0,0,0.5679,0.4451,0.7125,5.06,2.0,0.1713,7.6
WRK-05602,0.2816,18.73,0,0.5334,0,0.7927,0.3735,0.6909,0.87,1.0,0.3451,2.83
WRK-05603,0.8559,99.08,0,1.0,0,0.1832,1.0,0.8246,0.13,0.0,0.135,13.71
WRK-05604,0.6158,111.91,1,1.0,0,0.1235,1.0,0.5568,5.23,7.0,0.3245,21.26
WRK-05605,0.789,94.25,0,1.0,0,0.6891,0.2187,0.5314,2.04,2.0,0.0659,7.61
WRK-05606,0.8818,164.07,1,1.0,0,0.3183,0.9713,0.2375,77.87,9.0,1.0,40.48
WRK-05607,0.721,80.66,0,0.8037,0,0.3976,1.0,0.4904,4.89,1.0,0.0832,8.75
WRK-05608,0.7326,125.1,1,1.0,0,0.5225,0.5972,0.7375,4.4,5.0,0.341,19.38
WRK-05609,0.4034,77.75,0,1.0,0,0.6562,0.0822,0.9036,2.0,0.0,0.3871,3.32
WRK-05610,0.7044,110.55,0,1.0,0,0.4046,0.7516,0.7035,2.57,3.0,0.2227,11.92
WRK-05611,0.5682,70.41,0,1.0,0,0.6827,0.1539,0.8009,2.43,0.0,0.1411,3.18
WRK-05612,0.624,40.21,0,0.9956,0,0.6994,0.1405,0.8001,2.43,1.0,0.1467,5.66
WRK-05613,0.3024,39.42,1,0.7618,0,0.3631,1.0,0.8933,1.15,3.0,0.3754,11.84
WRK-05614,0.4565,64.39,0,0.8912,0,0.7489,0.261,0.9339,0.87,0.0,0.2802,1.5
WRK-05615,0.4471,94.09,0,1.0,0,0.3783,0.7124,0.7348,0.96,2.0,0.2177,8.27
WRK-05616,0.433,69.96,0,0.7694,0,0.3174,1.0,0.664,1.09,0.0,0.0569,5.96
WRK-05617,0.2993,97.67,0,0.8237,0,0.8342,0.6124,0.4703,1.17,5.0,0.1734,12.62
WRK-05618,0.6404,31.01,0,0.8503,0,0.2417,1.0,0.7644,0.84,0.0,0.3834,8.3
WRK-05619,0.4746,9.38,0,0.5613,1,0.401,0.6387,0.6594,0.3,0.0,0.3488,3.97
WRK-05620,0.5121,52.3,0,0.8434,0,0.776,0.3384,0.7549,3.27,0.0,0.1582,5.39
WRK-05621,0.7617,93.3,1,1.0,0,0.3587,1.0,0.4329,0.5,7.0,0.1131,21.53
WRK-05622,0.7026,104.23,1,1.0,0,0.05,1.0,0.5197,0.02,5.0,0.5187,20.48
WRK-05623,0.5694,49.81,0,0.9631,0,0.7268,0.2867,0.779,3.31,0.0,0.259,7.61
WRK-05624,0.3582,67.39,1,0.7781,0,0.1404,1.0,0.8015,1.14,2.0,0.0709,14.52
WRK-05625,0.5998,27.67,0,0.697,0,0.4974,0.4894,0.6561,7.41,3.0,0.3907,1.64
WRK-05626,0.2687,31.33,0,0.6082,0,0.7237,0.3695,0.5448,1.75,2.0,0.1031,0.0
WRK-05627,0.5336,93.3,0,0.8542,0,0.7658,0.2963,0.7435,0.07,1.0,0.0372,8.56
WRK-05628,0.7102,238.32,1,1.0,0,0.2981,1.0,0.6325,0.43,0.0,0.2667,25.16
WRK-05629,0.6631,79.85,1,0.984,0,0.1726,1.0,0.786,4.58,4.0,0.3098,19.1
WRK-05630,0.7418,145.27,1,1.0,0,0.6229,0.2229,0.6925,4.23,3.0,0.4242,16.58
WRK-05631,0.628,126.41,1,0.9519,0,0.161,1.0,0.7337,0.72,3.0,0.4668,24.67
WRK-05632,0.8009,108.64,1,0.9244,0,0.383,1.0,0.6694,2.74,3.0,0.341,19.11
WRK-05633,0.6628,213.8,0,1.0,0,0.6603,0.1578,0.9061,3.1,5.0,0.3993,13.25
WRK-05634,0.4986,73.34,0,0.9641,0,0.7507,0.4336,0.3629,0.08,2.0,0.3109,6.05
WRK-05635,0.4658,55.71,0,0.7478,0,0.8805,0.6636,0.6734,0.82,1.0,0.1752,3.37
WRK-05636,0.7302,78.09,0,0.9399,0,0.2264,1.0,0.584,1.69,1.0,0.0473,8.06
WRK-05637,0.5261,60.72,0,1.0,0,0.6503,0.2715,0.8069,1.32,0.0,0.3259,1.47
WRK-05638,0.7154,86.46,0,0.9366,0,0.6577,0.0402,0.7516,2.02,2.0,0.3358,7.67
WRK-05639,0.7789,116.54,1,1.0,0,0.4683,0.4819,0.0715,38.63,6.4,0.8461,39.61
WRK-05640,0.234,12.87,0,0.5442,0,0.3702,0.786,0.8736,4.52,0.0,0.2837,1.45
WRK-05641,0.3071,79.62,0,0.9413,0,0.7907,0.5005,0.7602,0.89,1.0,0.0599,4.81
WRK-05642,0.4739,59.42,0,0.8605,0,0.7313,0.2314,0.8201,0.41,2.0,0.2295,7.65
WRK-05643,0.3842,55.92,0,0.7438,1,0.9594,1.0,0.7826,1.86,0.0,0.2,5.16
WRK-05644,0.4464,58.32,0,0.6307,1,0.9971,0.9133,0.8832,0.46,0.0,0.0652,5.59
WRK-05645,0.6516,112.32,0,1.0,0,0.2624,0.9949,0.6761,2.79,0.0,0.3406,9.94
WRK-05646,0.7665,112.99,1,1.0,0,0.4242,0.809,0.4973,0.13,6.0,0.4823,20.59
WRK-05647,0.2804,6.27,0,0.5816,0,0.863,0.6023,0.7734,3.28,3.0,0.3391,2.49
WRK-05648,0.3791,15.07,0,0.4769,1,0.8064,0.9255,0.7772,0.43,0.0,0.2874,4.72
WRK-05649,0.2727,7.61,0,0.5439,1,0.6226,0.0916,0.2589,29.71,9.1,0.9978,22.55
WRK-05650,0.4109,19.84,0,0.5895,0,0.4696,0.6602,0.694,2.93,0.0,0.1413,0.63
WRK-05651,0.2297,10.86,0,0.3429,0,0.7256,0.2174,0.4766,0.06,0.0,0.1651,1.27
WRK-05652,0.4279,22.05,0,0.6279,0,0.5476,0.6241,0.5267,8.98,0.0,0.2795,1.09
WRK-05653,0.6025,130.29,1,1.0,1,0.6926,0.2482,0.6358,2.98,2.0,0.2683,22.05
WRK-05654,0.6493,150.64,1,0.9888,1,0.3855,0.6665,0.8034,1.21,6.0,0.25,16.72
WRK-05655,0.6216,45.49,0,0.9346,0,0.3388,0.9495,0.0922,97.63,5.1,0.904,18.39
WRK-05656,0.5682,21.35,1,0.822,1,0.1447,1.0,0.8042,0.9,4.0,0.1431,17.97
WRK-05657,0.3183,68.32,0,0.9155,0,0.2528,1.0,0.788,1.08,2.0,0.0805,3.57
WRK-05658,0.3962,42.41,0,0.6942,0,0.4508,0.5617,0.6241,0.04,0.0,0.1825,2.27
WRK-05659,0.5299,79.31,0,0.9521,1,0.2568,1.0,0.1034,56.44,7.3,0.7488,28.05
WRK-05660,0.2644,32.0,0,0.6733,0,0.7056,0.1829,0.7471,3.26,0.0,0.0957,0.0
WRK-05661,0.5594,64.58,0,0.7191,1,0.8575,0.6735,0.591,0.36,0.0,0.3296,0.37
WRK-05662,0.5948,24.89,0,0.7963,1,0.8947,0.7639,0.7897,2.48,2.0,0.3715,2.58
WRK-05663,0.4852,109.66,0,0.9359,0,0.5794,0.4707,0.181,58.71,5.9,0.6183,20.5
WRK-05664,0.7282,94.44,0,0.7448,0,0.6997,0.1698,0.8076,2.95,1.0,0.3823,6.36
WRK-05665,0.649,116.74,0,1.0,0,0.4056,0.7849,0.8578,0.43,2.0,0.151,10.2
WRK-05666,0.6581,89.18,0,0.9244,0,0.8287,0.6676,0.7237,3.56,1.0,0.1492,13.68
WRK-05667,0.4642,74.1,0,0.9787,0,0.3994,0.7647,0.7053,2.55,1.0,0.0824,6.89
WRK-05668,0.4148,55.12,0,0.823,0,0.8185,0.6045,0.6644,0.65,1.0,0.3046,2.92
WRK-05669,0.3443,50.67,0,0.7191,0,0.8075,0.6216,0.5712,2.63,1.0,0.0846,1.24
WRK-05670,0.3324,52.52,0,0.711,1,0.3699,0.9566,0.8122,1.14,1.0,0.2527,2.24
WRK-05671,0.4871,77.02,0,1.0,0,0.5559,0.735,0.1174,40.53,6.4,0.9612,25.86
WRK-05672,0.3906,40.79,0,0.6768,1,0.9758,0.8417,0.8613,0.72,0.0,0.2272,2.73
WRK-05673,0.6252,0.0,0,0.3525,0,0.684,0.3232,0.8042,0.71,1.0,0.3051,2.46
WRK-05674,0.2923,37.68,0,0.6672,0,0.5517,0.3004,0.8211,1.04,2.0,0.3312,1.54
WRK-05675,0.67,63.96,1,0.847,0,0.2851,0.9449,0.6939,1.63,4.0,0.2595,19.04
WRK-05676,0.3661,59.28,0,1.0,1,0.349,0.7693,0.6729,0.56,2.0,0.2238,3.34
WRK-05677,0.619,74.54,0,0.8961,0,0.2995,1.0,0.0593,56.98,7.4,0.7869,18.45
WRK-05678,0.4522,56.25,0,0.9405,0,0.7047,0.208,0.2963,44.13,7.7,0.8659,29.17
WRK-05679,0.7176,93.26,0,0.9018,0,0.545,0.2995,0.5152,6.04,1.0,0.3755,5.91
WRK-05680,0.684,120.17,0,1.0,0,0.2249,1.0,0.7022,1.67,1.0,0.344,13.71
WRK-05681,0.5347,29.01,0,0.8602,1,0.4552,1.0,0.6542,4.59,0.0,0.1278,5.8
WRK-05682,0.4156,60.64,1,0.8932,1,0.2175,1.0,0.6631,0.95,2.0,0.2986,13.08
WRK-05683,0.5679,99.09,0,1.0,0,0.4272,0.7297,0.8915,2.09,0.0,0.1136,13.26
WRK-05684,0.6278,90.04,0,0.8606,0,0.1611,1.0,0.1083,52.68,5.7,0.691,21.82
WRK-05685,0.6194,92.93,0,0.9132,0,0.3698,0.7428,0.701,2.97,4.0,0.2501,9.56
WRK-05686,0.6859,78.35,0,0.8748,0,0.711,0.5854,0.7132,2.18,0.0,0.3333,6.77
WRK-05687,0.4947,71.47,0,0.8636,0,0.3069,0.9125,0.8402,0.61,0.0,0.3916,7.79
WRK-05688,0.5312,44.11,0,0.7702,0,0.5034,0.4573,0.4854,0.66,0.0,0.1237,4.33
WRK-05689,0.4298,74.75,0,0.8606,0,0.5629,0.3497,0.9312,0.49,0.0,0.225,5.44
WRK-05690,0.4123,41.6,0,0.9071,0,0.2958,0.9071,0.6617,1.05,0.0,0.1986,5.44
WRK-05691,0.5232,77.13,1,0.9914,0,0.5947,0.3821,0.6609,0.21,1.0,0.0991,12.48
WRK-05692,0.5943,108.98,0,0.9397,0,0.4977,0.4065,0.893,2.07,1.0,0.0489,11.4
WRK-05693,0.4398,14.6,0,0.5793,1,0.5694,0.6765,0.7159,0.19,2.0,0.0116,1.06
WRK-05694,0.6553,28.48,0,1.0,1,0.2575,1.0,0.8853,0.73,0.0,0.2431,7.98
WRK-05695,0.635,62.9,1,0.8651,0,0.05,1.0,0.7387,6.03,4.0,0.0222,15.97
WRK-05696,0.6381,81.19,0,1.0,0,0.6937,0.4729,0.449,0.98,3.0,0.0221,7.1
WRK-05697,0.7187,115.52,0,1.0,1,0.3019,1.0,0.6924,8.66,1.0,0.2994,10.55
WRK-05698,0.4779,69.3,0,0.8268,1,0.4672,0.5594,0.7355,3.51,0.0,0.2434,3.6
WRK-05699,0.3748,73.94,0,0.7218,0,0.6557,0.215,0.6845,0.11,0.0,0.1855,0.74
WRK-05700,0.6349,80.07,0,0.8695,0,0.159,1.0,0.6647,1.17,1.0,0.3455,11.98
WRK-05701,0.6951,76.13,0,1.0,0,0.7091,0.2635,0.5784,4.57,1.0,0.0347,7.6
WRK-05702,0.7198,109.75,1,0.9878,0,0.3425,0.7753,0.5084,1.25,2.0,0.4933,13.59
WRK-05703,0.4523,47.04,0,0.866,0,0.7908,0.8794,0.7383,3.21,2.0,0.0848,6.74
WRK-05704,0.5477,52.85,1,0.86,0,0.1398,1.0,0.8143,0.39,3.0,0.3587,14.56
WRK-05705,0.5165,52.8,0,1.0,0,0.2281,1.0,0.8511,0.73,2.0,0.0864,7.45
WRK-05706,0.3886,58.8,0,0.8304,0,0.4062,0.6205,0.6358,2.83,0.0,0.2108,6.29
WRK-05707,0.6971,101.67,1,0.9409,0,0.2091,1.0,0.301,25.95,13.6,1.0,37.54
WRK-05708,0.4921,81.09,0,1.0,0,0.8622,0.8229,0.8401,3.54,2.0,0.3158,7.84
WRK-05709,0.4989,83.78,1,0.8799,0,0.4009,1.0,0.7185,2.07,1.0,0.1094,20.56
WRK-05710,0.4565,54.51,0,0.7483,0,0.4776,0.6343,0.7805,1.16,0.0,0.0213,2.21
WRK-05711,0.5212,55.1,0,0.986,1,0.2649,1.0,0.7964,2.15,1.0,0.1491,7.23
WRK-05712,0.431,22.77,0,0.5236,0,0.6033,0.2087,0.8319,2.83,1.0,0.0959,2.59
WRK-05713,0.6894,91.73,0,1.0,1,0.2464,1.0,0.8721,1.92,1.0,0.1976,10.41
WRK-05714,0.2418,61.14,0,0.8071,0,0.281,1.0,0.8004,7.48,1.0,0.1783,7.72
WRK-05715,0.4822,27.59,0,0.6841,0,0.7148,0.1777,0.6014,4.08,3.0,0.1984,1.63
WRK-05716,0.7129,133.2,0,0.9865,0,0.7008,0.5786,0.7566,1.05,2.0,0.1314,8.28
WRK-05717,0.4537,24.81,0,0.7508,0,0.3247,0.8134,0.8256,0.14,2.0,0.3454,2.1
WRK-05718,0.337,101.41,1,0.8604,0,0.3103,1.0,0.6817,1.32,2.0,0.2686,11.12
WRK-05719,0.7385,80.38,0,1.0,0,0.5776,0.2252,0.8517,2.78,3.0,0.2482,11.94
WRK-05720,0.7344,82.85,1,0.9043,0,0.3767,1.0,0.7901,0.6,1.0,0.2206,12.34
WRK-05721,0.341,23.95,0,0.5996,0,0.2873,1.0,0.6812,0.06,1.0,0.3207,1.96
WRK-05722,0.746,82.04,0,1.0,0,0.7701,0.4489,0.5826,1.69,3.0,0.0251,8.5
WRK-05723,0.2566,50.83,0,0.685,0,0.6793,0.2625,0.6802,1.64,0.0,0.1966,2.74
WRK-05724,0.5666,88.49,1,1.0,0,0.2952,1.0,0.6199,1.02,4.0,0.3806,16.81
WRK-05725,0.3849,47.76,0,0.9347,0,0.577,0.3011,0.8155,0.81,0.0,0.1565,5.46
WRK-05726,0.4082,77.29,0,1.0,0,0.4236,0.7332,0.8821,2.69,0.0,0.2922,3.05
WRK-05727,0.7706,65.94,0,0.9587,0,0.738,0.2547,0.5772,0.43,2.0,0.3543,8.9
WRK-05728,0.8846,146.4,0,1.0,0,0.6231,0.2061,0.8378,0.49,4.0,0.3159,10.76
WRK-05729,0.6988,84.19,0,0.825,0,0.4754,0.6251,0.7925,5.04,4.0,0.099,8.77
WRK-05730,0.6289,110.07,1,1.0,0,0.05,1.0,0.8277,1.14,6.0,0.2055,17.33
WRK-05731,0.4323,61.62,0,0.6538,0,0.6338,0.3269,0.8022,3.22,0.0,0.2906,0.1
WRK-05732,0.7579,141.33,1,1.0,0,0.0877,1.0,0.4845,3.39,5.0,0.2304,22.18
WRK-05733,0.325,56.68,1,0.6798,0,0.6493,0.0393,0.7916,1.59,1.0,0.0098,5.97
WRK-05734,0.6342,88.47,1,1.0,0,0.3783,0.747,0.9104,0.51,8.0,0.1663,16.41
WRK-05735,0.5148,57.69,0,0.6914,0,0.6011,0.2391,0.5648,0.17,0.0,0.3679,1.36
WRK-05736,0.5663,86.02,0,1.0,0,0.8421,0.5546,0.7807,1.81,3.0,0.0164,7.25
WRK-05737,0.4201,81.79,0,1.0,0,0.8334,0.5949,0.6467,1.21,1.0,0.1646,9.49
WRK-05738,0.3811,16.48,0,0.5292,0,0.6513,0.0767,0.2746,147.24,3.5,0.7194,11.14
WRK-05739,0.5727,37.88,0,0.9329,0,0.5249,0.3172,0.8035,0.39,0.0,0.205,8.58
WRK-05740,0.67,82.83,0,1.0,0,0.177,1.0,0.8268,3.54,1.0,0.3957,8.97
WRK-05741,0.4562,55.57,1,0.7614,0,0.7981,0.5292,0.8269,2.64,2.0,0.313,14.78
WRK-05742,0.6986,89.83,0,0.9372,0,0.2097,1.0,0.624,0.87,3.0,0.268,9.11
WRK-05743,0.5369,12.23,1,0.5051,0,0.5139,0.6034,0.7657,1.74,1.0,0.0422,13.91
WRK-05744,0.6699,78.53,1,1.0,0,0.3762,0.9877,0.6442,0.38,2.0,0.2867,13.15
WRK-05745,0.7167,102.13,1,0.9724,0,0.2031,1.0,0.6775,2.53,3.0,0.5893,17.97
WRK-05746,0.8422,151.3,0,1.0,0,0.2359,1.0,0.6493,5.98,1.0,0.219,14.54
WRK-05747,0.6361,164.25,1,1.0,1,0.3763,1.0,0.7617,0.88,1.0,0.1371,19.43
WRK-05748,0.4441,30.04,0,0.9283,0,0.3837,1.0,0.7551,0.75,1.0,0.3937,3.65
WRK-05749,0.4,21.53,0,0.4908,1,0.3513,1.0,0.8755,0.89,0.0,0.0781,2.13
WRK-05750,0.8061,84.23,0,0.9125,0,0.848,0.572,0.8657,0.35,2.0,0.0254,10.45
WRK-05751,0.4089,11.16,0,0.6353,1,0.6754,0.5876,0.5888,4.88,0.0,0.1472,4.96
WRK-05752,0.5422,30.38,0,0.7574,0,0.7729,0.599,0.5831,0.15,0.0,0.2844,1.81
WRK-05753,0.6041,123.97,0,1.0,0,0.3508,0.8144,0.2471,57.15,9.3,0.9066,21.21
WRK-05754,0.4753,92.03,0,1.0,1,0.2205,1.0,0.6434,0.57,4.0,0.3771,10.04
WRK-05755,0.6487,32.18,0,0.7607,0,0.2777,0.9643,0.7872,1.98,0.0,0.2329,3.52
WRK-05756,0.5813,113.49,1,1.0,0,0.1372,1.0,0.755,0.46,2.0,0.6153,21.86
WRK-05757,0.4604,85.37,0,1.0,1,0.1388,1.0,0.5752,3.92,0.0,0.1389,10.99
WRK-05758,0.619,94.15,0,0.9119,1,0.891,0.6323,0.7758,3.87,2.0,0.1013,9.0
WRK-05759,0.5942,62.92,1,0.8252,0,0.3151,0.9941,0.4546,4.89,1.0,0.0009,20.4
WRK-05760,0.7398,99.28,1,1.0,1,0.05,1.0,0.8379,1.91,3.0,0.2739,21.98
WRK-05761,0.7555,162.04,0,1.0,1,0.7598,0.3942,0.3982,2.78,1.0,0.0728,14.69
WRK-05762,0.5846,42.44,0,0.9265,0,0.6484,0.1103,0.5118,2.52,1.0,0.1492,4.63
WRK-05763,0.4719,4.95,0,0.7641,0,1.0,1.0,0.8579,1.33,0.0,0.3755,3.37
WRK-05764,0.5883,107.58,0,0.9824,0,0.325,1.0,0.7057,1.31,3.0,0.0188,10.71
WRK-05765,0.501,66.93,0,1.0,1,0.1577,1.0,0.7185,2.32,0.0,0.1667,7.32
WRK-05766,0.6095,101.02,1,1.0,0,0.4786,0.7204,0.8457,5.48,4.0,0.4462,22.12
WRK-05767,0.6271,138.74,0,1.0,1,0.783,0.6493,0.8268,4.45,3.0,0.3601,11.2
WRK-05768,0.6308,77.3,0,0.9298,0,0.3013,0.9443,0.9015,10.82,0.0,0.225,6.93
WRK-05769,0.8393,68.46,0,0.6027,1,1.0,0.9097,0.6369,0.54,2.0,0.2145,3.61
WRK-05770,0.5748,67.55,1,0.9538,0,0.4505,0.6717,0.6857,2.45,1.0,0.3578,12.93
WRK-05771,0.5255,130.5,0,1.0,0,0.5081,0.4827,0.6506,0.07,0.0,0.1671,9.56
WRK-05772,0.6197,15.3,0,0.6815,1,0.8472,1.0,0.7631,0.52,2.0,0.0075,2.91
WRK-05773,0.7407,121.67,1,1.0,0,0.05,1.0,0.5999,1.14,3.0,0.3047,15.16
WRK-05774,0.6916,87.39,0,1.0,0,0.3586,0.9345,0.9022,4.31,1.0,0.1931,10.79
WRK-05775,0.7823,74.35,1,0.771,1,0.243,1.0,0.8415,2.86,6.0,0.3135,10.89
WRK-05776,0.38,29.87,0,0.583,0,0.561,0.4748,0.8707,1.62,2.0,0.3973,0.0
WRK-05777,0.6902,120.58,1,1.0,0,0.1201,1.0,0.4859,0.69,3.0,0.4889,20.82
WRK-05778,0.597,133.28,1,1.0,1,0.47,0.556,0.6263,1.43,8.0,0.3822,21.17
WRK-05779,0.4516,38.71,0,0.6807,1,0.8484,0.5213,0.7717,4.97,0.0,0.0067,0.0
WRK-05780,0.5292,43.66,0,0.9164,0,0.2779,1.0,0.6249,2.85,1.0,0.2435,5.74
WRK-05781,0.5872,42.95,0,0.7435,0,0.5884,0.2915,0.8253,1.08,2.0,0.1003,0.15
WRK-05782,0.5688,39.96,0,0.8658,0,0.494,0.4186,0.713,0.58,0.0,0.3361,5.09
WRK-05783,0.3945,23.75,0,0.5905,0,0.4179,0.7745,0.7576,1.96,1.0,0.2572,1.46
WRK-05784,0.3763,30.95,0,0.5626,0,0.5342,0.9027,0.8157,2.6,0.0,0.1648,1.82
WRK-05785,0.7129,79.75,0,0.8729,0,0.3556,0.758,0.854,2.53,0.0,0.122,5.25
WRK-05786,0.6341,117.39,1,0.9925,0,0.402,0.6462,0.7679,5.55,4.0,0.5107,21.51
WRK-05787,0.2836,90.39,0,0.7977,0,0.9406,0.8523,0.7906,0.29,1.0,0.3995,5.16
WRK-05788,0.6955,127.05,0,1.0,0,0.5292,0.4156,0.3467,57.1,5.3,0.7148,30.54
WRK-05789,0.5853,67.35,0,1.0,0,0.6505,0.1141,0.7919,0.4,0.0,0.0331,7.37
WRK-05790,0.2741,37.19,0,0.7175,0,0.8031,0.434,0.8346,0.11,2.0,0.2426,1.24
WRK-05791,0.3182,48.98,1,0.5721,0,0.7227,0.3299,0.8953,0.71,1.0,0.1777,10.11
WRK-05792,0.7427,82.97,0,0.9738,0,0.5816,0.3902,0.4862,0.92,3.0,0.2629,7.57
WRK-05793,0.6723,92.1,0,0.9789,0,0.2628,1.0,0.7084,0.11,4.0,0.2212,12.31
WRK-05794,0.2094,36.86,0,0.7146,0,0.3018,1.0,0.7364,0.72,1.0,0.0518,2.2
WRK-05795,0.6493,72.53,0,0.7902,0,0.3858,0.9274,0.8213,0.01,1.0,0.2608,2.65
WRK-05796,0.6435,29.26,0,0.8524,0,0.2924,0.8954,0.7952,0.53,0.0,0.0703,9.54
WRK-05797,0.4139,81.04,0,0.7526,0,0.7268,0.2729,0.7222,3.25,2.0,0.27,5.24
WRK-05798,0.6368,142.73,0,1.0,0,0.4331,0.7818,0.9106,2.23,3.0,0.3541,13.44
WRK-05799,0.7334,101.85,1,0.9541,0,0.314,0.9078,0.605,0.02,2.0,0.5512,19.64
WRK-05800,0.7436,101.37,1,0.9687,1,0.05,1.0,0.1107,28.98,11.7,0.9858,36.46
WRK-05801,0.8017,85.81,1,0.9605,0,0.5863,0.3945,0.3847,1.1,8.0,0.2257,18.94
WRK-05802,0.4582,73.46,0,0.7397,0,0.4241,0.6533,0.8025,1.85,1.0,0.2953,2.33
WRK-05803,0.8187,84.64,1,1.0,1,0.3715,0.7255,0.2139,41.39,10.9,0.615,34.79
WRK-05804,0.4309,11.3,0,0.5394,0,0.7117,0.2163,0.6219,1.93,1.0,0.192,0.0
WRK-05805,0.6769,62.2,0,1.0,0,0.518,0.5778,0.921,0.11,0.0,0.2902,5.63
WRK-05806,0.4874,34.81,0,0.9752,0,0.3622,0.8196,0.6501,4.43,1.0,0.1623,5.43
WRK-05807,0.5389,62.9,1,0.7079,0,0.55,0.2836,0.0716,79.44,6.6,0.9283,26.54
WRK-05808,0.3806,32.69,0,0.627,0,0.9356,0.7174,0.7321,0.78,0.0,0.2275,1.05
WRK-05809,0.658,99.53,0,0.845,1,0.8573,0.5318,0.775,1.46,2.0,0.366,12.03
WRK-05810,0.7323,75.77,0,0.8536,0,0.1469,1.0,0.8527,0.69,2.0,0.3564,5.96
WRK-05811,0.486,51.85,0,0.5548,0,0.5172,0.4702,0.7475,1.92,1.0,0.0942,6.55
WRK-05812,0.393,22.76,0,0.4923,1,0.9149,1.0,0.5919,3.11,0.0,0.0258,4.02
WRK-05813,0.4607,65.09,0,0.9769,0,0.268,1.0,0.6418,1.0,0.0,0.0832,4.79
WRK-05814,0.4218,0.0,0,0.4563,0,0.7882,0.9858,0.0575,42.06,9.0,0.8878,26.27
WRK-05815,0.6295,76.25,0,0.9319,0,0.8093,0.4445,0.7418,0.16,1.0,0.1983,3.62
WRK-05816,0.6928,110.95,1,1.0,0,0.0928,1.0,0.8158,3.36,3.0,0.4293,20.99
WRK-05817,0.763,107.05,1,0.9831,0,0.05,1.0,0.8199,3.8,6.0,0.1784,21.12
WRK-05818,0.4808,27.12,1,0.6722,0,0.3808,0.8181,0.7514,1.27,1.0,0.1035,6.99
WRK-05819,0.7667,85.34,0,0.9279,0,0.3444,0.8447,0.4563,3.51,0.0,0.2075,11.01
WRK-05820,0.6365,95.12,1,0.98,0,0.2874,1.0,0.6457,0.85,2.0,0.1741,22.63
WRK-05821,0.4788,85.26,0,0.9831,0,0.343,0.9132,0.7366,3.11,2.0,0.3354,12.35
WRK-05822,0.3881,47.52,0,0.5778,0,0.6578,0.3687,0.7416,1.19,2.0,0.3289,4.31
WRK-05823,0.3894,55.54,0,0.8428,0,0.4068,0.7068,0.6027,0.43,1.0,0.0046,9.24
WRK-05824,0.5396,68.35,0,0.8592,0,0.2618,1.0,0.4855,1.73,0.0,0.0638,7.09
WRK-05825,0.5963,122.75,0,1.0,1,0.4254,0.614,0.4397,1.98,1.0,0.0463,7.96
WRK-05826,0.6483,101.33,1,1.0,0,0.05,1.0,0.6213,11.41,3.0,0.5607,15.1
WRK-05827,0.4669,24.61,0,0.8684,1,0.7309,0.2493,0.7853,2.87,0.0,0.286,5.51
WRK-05828,0.2975,52.7,0,0.7561,0,0.5254,0.5291,0.7626,0.75,0.0,0.0817,5.17
WRK-05829,0.8178,98.22,0,1.0,0,0.2556,1.0,0.8009,2.08,2.0,0.2846,15.69
WRK-05830,0.6024,91.69,1,0.8622,0,0.465,0.4896,0.7615,0.93,1.0,0.1932,12.34
WRK-05831,0.48,96.77,0,1.0,0,0.4171,0.9141,0.8157,0.71,0.0,0.2519,8.41
WRK-05832,0.6264,24.01,0,0.9621,1,0.7256,0.3901,0.8072,0.82,0.0,0.0206,7.57
WRK-05833,0.5231,86.42,0,0.8675,1,0.1811,1.0,0.533,1.85,3.0,0.1921,12.15
WRK-05834,0.6136,47.33,0,0.8028,0,0.688,0.1043,0.6127,0.43,1.0,0.3026,6.98
WRK-05835,0.5042,75.3,0,1.0,0,0.3298,1.0,0.7231,2.02,1.0,0.2206,7.54
WRK-05836,0.5079,84.18,0,0.88,0,0.5712,0.483,0.7059,0.44,2.0,0.3289,8.07
WRK-05837,0.4898,38.93,0,0.5904,0,0.6506,0.0637,0.7821,1.68,2.0,0.1746,1.29
WRK-05838,0.754,126.24,1,1.0,0,0.0918,1.0,0.5845,0.52,4.0,0.4056,15.06
WRK-05839,0.333,62.07,0,1.0,1,0.5084,0.3594,0.7063,1.69,1.0,0.3989,3.58
WRK-05840,0.3577,33.63,0,0.7266,0,0.8157,0.5961,0.7036,0.85,0.0,0.3672,0.94
WRK-05841,0.5057,54.97,0,0.7907,0,0.8945,0.6235,0.7144,4.1,1.0,0.0483,3.65
WRK-05842,0.3298,0.0,0,0.5057,0,0.4518,0.6026,0.8628,5.66,0.0,0.0692,2.98
WRK-05843,0.7796,104.51,0,0.9509,1,0.2596,1.0,0.3175,34.69,5.9,0.7178,28.81
WRK-05844,0.7149,132.36,1,1.0,1,0.3134,1.0,0.7123,1.17,3.0,0.2303,20.39
WRK-05845,0.4568,48.57,1,0.6949,0,0.2537,1.0,0.8991,4.25,2.0,0.2882,9.99
WRK-05846,0.64,36.39,0,0.7574,0,0.8926,0.7609,0.9359,1.21,1.0,0.2082,3.04
WRK-05847,0.7054,93.66,1,1.0,0,0.5838,1.0,0.6622,5.26,5.0,0.1673,22.24
WRK-05848,0.4141,74.05,1,0.6898,1,0.2121,1.0,0.836,0.2,3.0,0.0829,5.11
WRK-05849,0.7219,76.99,0,0.7792,0,0.6249,0.2719,0.771,0.14,0.0,0.3949,4.36
WRK-05850,0.6022,78.84,1,1.0,0,0.05,1.0,0.764,2.92,3.0,0.2382,16.9
WRK-05851,0.5272,14.46,0,0.6538,0,0.8523,0.8148,0.6187,1.55,1.0,0.1073,1.62
WRK-05852,0.7163,118.52,0,1.0,0,0.477,0.4932,0.6728,0.06,1.0,0.346,12.43
WRK-05853,0.4852,72.97,0,0.9813,1,0.8338,0.4693,0.5181,0.71,0.0,0.3382,3.55
WRK-05854,0.5174,41.34,0,0.6161,0,0.4822,0.5542,0.7954,0.71,3.0,0.0758,3.09
WRK-05855,0.5539,66.8,1,1.0,0,0.4271,0.7305,0.7311,2.88,0.0,0.373,9.7
WRK-05856,0.5148,118.25,1,1.0,0,0.4266,0.8729,0.7641,0.06,4.0,0.5131,17.12
WRK-05857,0.7416,80.31,0,0.9197,0,0.5551,0.3465,0.4607,2.4,2.0,0.0671,10.56
WRK-05858,0.5493,67.77,0,1.0,0,0.4045,0.9731,0.8823,0.33,0.0,0.1945,3.86
WRK-05859,0.4645,54.54,0,0.9619,0,0.4609,0.6022,0.2791,42.73,5.3,0.6634,24.64
WRK-05860,0.432,44.17,0,0.7685,0,0.4305,0.7116,0.728,2.67,1.0,0.0495,5.1
WRK-05861,0.7096,107.55,1,1.0,0,0.4575,0.6586,0.8808,3.46,1.0,0.5015,16.45
WRK-05862,0.5849,123.72,1,1.0,0,0.4038,0.6716,0.5326,0.16,1.0,0.5018,20.38
WRK-05863,0.5935,109.74,1,0.9712,0,0.3504,1.0,0.2577,122.63,10.0,1.0,30.15
WRK-05864,0.5652,46.21,0,0.9241,0,0.7965,0.9285,0.7901,0.12,1.0,0.1311,6.75
WRK-05865,0.4523,21.93,0,0.5651,1,0.3929,0.7241,0.8888,3.87,1.0,0.1712,1.81
WRK-05866,0.5567,203.81,0,1.0,0,0.2086,1.0,0.9246,0.18,3.0,0.0897,14.32
WRK-05867,0.3842,23.98,0,0.5787,0,0.4485,0.5958,0.6669,2.68,0.0,0.3688,4.08
WRK-05868,0.3605,0.0,0,0.6626,0,0.2521,1.0,0.8062,0.25,1.0,0.3823,0.52
WRK-05869,0.4134,32.08,0,0.6233,0,0.407,0.7072,0.6322,1.29,0.0,0.0141,2.47
WRK-05870,0.3993,56.69,1,0.7101,0,0.229,1.0,0.1527,91.01,5.0,0.7851,27.22
WRK-05871,0.4063,63.51,0,0.7712,0,0.9127,0.7478,0.6308,0.97,0.0,0.0735,1.82
WRK-05872,0.7799,67.92,0,0.8532,1,0.3575,0.9602,0.6053,0.12,4.0,0.3905,2.66
WRK-05873,0.3569,53.4,0,0.6599,0,0.9507,0.808,0.8565,0.77,2.0,0.3609,0.0
WRK-05874,0.4566,79.94,0,1.0,0,0.3309,0.9022,0.5703,0.96,2.0,0.3527,6.91
WRK-05875,0.2727,39.56,0,0.6677,0,0.7302,0.2465,0.5947,8.88,1.0,0.3981,0.15
WRK-05876,0.6629,117.27,0,1.0,0,0.5603,0.3429,0.1501,61.14,6.2,0.7225,28.47
WRK-05877,0.4213,5.04,0,0.4804,0,0.5473,0.2842,0.6246,1.56,1.0,0.313,3.08
WRK-05878,0.5756,35.94,0,0.8482,0,0.5975,0.1369,0.7157,1.05,1.0,0.1476,3.18
WRK-05879,0.448,60.42,0,0.6965,0,0.6976,0.2276,0.6326,2.62,1.0,0.3527,4.32
WRK-05880,0.7641,108.33,0,1.0,0,0.7826,0.3587,0.7394,2.51,3.0,0.2046,8.43
WRK-05881,0.717,18.48,0,0.6898,0,0.7727,0.4877,0.5596,0.26,1.0,0.1868,3.31
WRK-05882,0.3202,27.84,0,0.591,0,0.5458,0.3151,0.7959,0.76,1.0,0.202,0.9
WRK-05883,0.3204,40.29,0,0.7459,0,0.9499,0.951,0.9078,5.25,0.0,0.1834,3.23
WRK-05884,0.466,36.6,0,0.7696,1,0.7492,0.3116,0.8014,2.9,1.0,0.2708,1.05
WRK-05885,0.4937,25.56,0,1.0,0,0.5553,0.3357,0.8408,0.78,0.0,0.1151,4.21
WRK-05886,0.3721,60.47,0,0.707,0,0.8934,0.6168,0.8559,0.13,2.0,0.3262,3.08
WRK-05887,0.3875,31.02,0,0.5957,0,0.6018,0.6444,0.7475,0.7,2.0,0.3481,2.13
WRK-05888,0.6502,37.26,0,0.9965,0,0.3016,0.9328,0.7755,2.67,0.0,0.1334,7.25
WRK-05889,0.5232,44.43,1,0.6533,0,0.5511,0.281,0.8146,0.12,2.0,0.3823,9.89
WRK-05890,0.5203,40.79,0,0.9839,0,0.3706,0.7117,0.6892,0.35,1.0,0.2668,4.98
WRK-05891,0.5713,55.21,0,0.688,0,0.5055,0.4041,0.8203,0.8,0.0,0.3998,2.29
WRK-05892,0.6515,78.41,1,0.881,0,0.2459,1.0,0.734,5.57,1.0,0.0423,20.63
WRK-05893,0.4194,29.64,0,0.9254,0,0.83,0.6322,0.71,1.68,0.0,0.3922,9.04
WRK-05894,0.5643,72.4,0,1.0,0,0.6042,0.2823,0.8444,0.82,1.0,0.2806,8.28
WRK-05895,0.5029,98.54,0,0.7833,0,1.0,0.9551,0.6913,0.97,2.0,0.0481,6.48
WRK-05896,0.3896,57.02,0,0.7684,0,0.8901,0.6516,0.6972,3.42,1.0,0.2241,4.48
WRK-05897,0.7616,107.04,1,1.0,0,0.2891,0.9729,0.7458,3.5,2.0,0.6008,15.34
WRK-05898,0.3718,31.47,1,0.61,0,0.3012,0.9376,0.7184,0.22,2.0,0.2173,10.89
WRK-05899,0.3847,53.55,0,0.696,0,0.7128,0.3208,0.8551,0.46,0.0,0.2404,2.34
WRK-05900,0.2855,31.04,0,0.5241,0,0.9224,0.9359,0.8512,1.5,3.0,0.009,5.13
WRK-05901,0.3791,35.91,0,0.5881,0,0.6639,0.2993,0.6747,0.65,0.0,0.1422,1.89
WRK-05902,0.6303,73.08,0,1.0,0,0.2799,0.9436,0.6518,1.16,0.0,0.1857,8.22
WRK-05903,0.7216,113.94,1,1.0,0,0.1497,1.0,0.7382,0.33,3.0,0.5038,20.95
WRK-05904,0.3836,31.3,0,0.7461,1,0.6154,0.1308,0.7715,3.28,0.0,0.3676,6.74
WRK-05905,0.4502,34.64,0,0.7712,0,0.6038,0.5249,0.6542,0.07,3.0,0.3862,1.6
WRK-05906,0.4852,32.56,0,0.8244,0,0.5965,0.2117,0.5594,3.57,0.0,0.3445,2.93
WRK-05907,0.7114,70.16,0,0.7804,1,0.6669,0.5783,0.9307,0.06,1.0,0.0583,6.26
WRK-05908,0.4075,4.38,0,0.6166,0,0.6918,0.2401,0.9126,1.98,0.0,0.0362,3.25
WRK-05909,0.386,56.33,0,0.6445,0,0.5181,0.6068,0.6751,1.8,0.0,0.2658,0.0
WRK-05910,0.4731,104.48,1,1.0,0,0.2674,1.0,0.6872,1.37,2.0,0.3296,19.59
WRK-05911,0.5836,33.17,1,0.8768,0,0.277,0.9378,0.5144,0.44,0.0,0.3319,14.52
WRK-05912,0.4082,48.34,0,1.0,0,0.5523,0.4451,0.5157,1.52,1.0,0.1986,5.3
WRK-05913,0.4551,57.23,0,0.5341,0,0.6564,0.1467,0.4436,0.51,0.0,0.0956,1.6
WRK-05914,0.4895,27.72,0,0.6713,0,0.708,0.281,0.3271,93.02,7.3,0.67,11.78
WRK-05915,0.571,121.04,0,1.0,0,0.6634,0.0377,0.758,0.18,1.0,0.1992,9.07
WRK-05916,0.7323,66.78,0,0.9265,0,0.4054,0.6308,0.8253,3.21,1.0,0.3898,11.31
WRK-05917,0.6686,70.43,0,1.0,0,0.7287,0.4897,0.8383,1.27,1.0,0.1896,4.28
WRK-05918,0.6099,20.73,0,0.7782,0,0.951,0.9413,0.5721,0.01,0.0,0.2333,4.18
WRK-05919,0.4109,62.87,1,0.6544,1,0.653,0.0182,0.6024,1.07,2.0,0.0172,4.63
WRK-05920,0.4087,25.48,0,0.4784,0,0.8287,0.6193,0.6416,5.07,0.0,0.2912,1.01
WRK-05921,0.4099,41.22,0,0.8737,0,0.6224,0.0767,0.5843,0.77,1.0,0.2442,5.67
WRK-05922,0.3602,49.58,0,0.5963,0,0.5792,0.262,0.5834,1.96,1.0,0.1126,0.02
WRK-05923,0.1991,62.17,0,0.696,0,1.0,1.0,0.7743,2.76,0.0,0.3942,1.74
WRK-05924,0.5184,1.93,0,0.4524,0,0.3959,0.8639,0.9003,3.31,0.0,0.2553,1.61
WRK-05925,0.5022,7.78,0,0.5214,0,0.5712,0.9124,0.8972,0.33,0.0,0.1455,1.73
WRK-05926,0.7514,96.64,0,1.0,0,0.3238,1.0,0.8331,1.48,1.0,0.1498,10.0
WRK-05927,0.4108,38.75,0,0.5877,1,0.5375,0.361,0.7938,0.71,1.0,0.2342,0.0
WRK-05928,0.5259,88.83,0,0.999,0,0.6276,0.0621,0.8278,0.06,4.0,0.0262,6.71
WRK-05929,0.7025,121.27,0,1.0,0,0.4453,0.6522,0.8851,1.23,3.0,0.3952,11.79
WRK-05930,0.6234,80.03,0,1.0,0,0.8164,0.6606,0.7262,0.29,2.0,0.2075,6.6
WRK-05931,0.3905,20.97,0,0.5458,1,0.7174,0.3028,0.569,0.16,1.0,0.1814,1.86
WRK-05932,0.6048,76.27,0,1.0,0,0.7616,0.3425,0.945,1.59,0.0,0.1153,4.51
WRK-05933,0.3394,56.99,0,1.0,0,0.5673,0.2241,0.7576,6.66,0.0,0.1333,4.06
WRK-05934,0.5904,132.11,0,1.0,1,0.607,0.2317,0.7816,1.98,1.0,0.1315,12.6
WRK-05935,0.4444,46.65,0,0.6268,0,0.9584,0.8856,0.8256,3.24,0.0,0.3831,2.95
WRK-05936,0.3395,88.73,0,1.0,0,0.7732,0.579,0.7234,0.12,0.0,0.1305,9.23
WRK-05937,0.4761,22.63,0,0.7771,0,0.6724,0.3627,0.8742,0.52,0.0,0.2863,2.33
WRK-05938,0.5478,81.14,1,0.8745,0,0.05,1.0,0.8095,3.72,3.0,0.208,17.08
WRK-05939,0.3695,16.24,0,0.4986,0,0.3478,0.7947,0.1032,79.34,5.5,0.9505,17.89
WRK-05940,0.5666,45.31,0,0.8815,0,0.1897,1.0,0.8218,2.78,1.0,0.195,7.31
WRK-05941,0.4397,55.16,0,1.0,0,0.2735,1.0,0.8444,0.13,0.0,0.0297,9.04
WRK-05942,0.7422,79.44,0,0.9668,0,0.605,0.2911,0.1297,150.0,5.2,0.8578,25.45
WRK-05943,0.5563,31.36,0,0.9189,0,0.4023,0.7274,0.6455,1.76,0.0,0.2822,5.06
WRK-05944,0.485,38.88,0,0.6901,0,0.7924,0.4098,0.4926,2.39,0.0,0.1418,2.55
WRK-05945,0.4514,60.97,0,1.0,0,0.7825,0.3527,0.4636,0.54,0.0,0.1379,3.93
WRK-05946,0.7936,41.67,1,0.8491,0,0.3136,0.8842,0.8827,0.51,1.0,0.0268,10.41
WRK-05947,0.4348,69.87,0,1.0,0,0.8042,0.5449,0.8199,1.48,1.0,0.1177,2.15
WRK-05948,0.3077,20.25,0,0.4983,0,1.0,1.0,0.5111,0.08,1.0,0.1311,3.45
WRK-05949,0.2979,10.94,0,0.4985,0,0.7758,0.3248,0.6398,1.34,1.0,0.1091,0.19
WRK-05950,0.6331,122.86,0,1.0,0,0.7109,0.2143,0.6996,1.65,1.0,0.2491,11.41
WRK-05951,0.5424,58.5,0,0.9487,0,0.8728,0.5996,0.0665,55.68,9.3,0.6626,17.89
WRK-05952,0.4736,45.97,0,0.7259,0,0.6416,0.209,0.5002,2.22,0.0,0.3467,0.29
WRK-05953,0.3976,26.95,0,0.7662,0,0.5914,0.6026,0.7084,1.83,2.0,0.0858,1.82
WRK-05954,0.4129,42.91,0,0.7563,0,0.6517,0.3029,0.8134,0.02,0.0,0.1957,0.23
WRK-05955,0.2919,33.08,0,0.489,0,0.6041,0.1978,0.052,50.26,5.8,0.7368,13.32
WRK-05956,0.3695,55.58,0,0.8002,1,0.9214,0.7316,0.7825,6.43,1.0,0.3275,6.26
WRK-05957,0.5984,29.88,0,0.725,0,0.3241,1.0,0.806,0.48,0.0,0.2062,5.95
WRK-05958,0.5843,41.91,0,0.7283,0,0.5208,0.3741,0.5812,1.48,3.0,0.1978,1.7
WRK-05959,0.5638,103.67,1,0.9729,0,0.625,0.1556,0.8267,2.37,1.0,0.3168,14.27
WRK-05960,0.368,8.64,0,0.5516,0,0.8273,0.494,0.5539,2.14,3.0,0.3796,3.33
WRK-05961,0.4921,26.78,0,0.997,0,0.3561,0.8852,0.6696,2.15,1.0,0.0362,9.27
WRK-05962,0.5804,87.69,1,0.8961,0,0.4629,0.5241,0.6818,0.19,4.0,0.2716,19.14
WRK-05963,0.3928,75.89,0,0.7476,0,0.2864,0.9224,0.2873,84.05,8.5,0.6521,25.76
WRK-05964,0.5459,105.09,1,1.0,0,0.2627,1.0,0.6395,0.91,4.0,0.6365,20.36
WRK-05965,0.361,53.06,0,0.8312,0,0.9901,0.8689,0.7442,3.33,1.0,0.0295,5.42
WRK-05966,0.8999,110.7,0,1.0,1,0.5638,0.2871,0.8905,3.34,5.0,0.3945,8.58
WRK-05967,0.4333,30.17,1,0.6441,0,0.8254,0.6656,0.7973,4.42,3.0,0.0942,13.54
WRK-05968,0.5692,72.62,0,0.9314,0,0.2533,1.0,0.9008,0.81,2.0,0.0343,5.61
WRK-05969,0.5207,49.92,0,0.8194,0,0.7001,0.8412,0.8718,0.01,0.0,0.0266,7.57
WRK-05970,0.6559,136.34,1,1.0,0,0.4403,0.5872,0.8156,0.99,7.0,0.3278,19.45
WRK-05971,0.464,24.07,0,0.5908,0,0.3794,0.8523,0.5697,1.56,1.0,0.0689,1.79
WRK-05972,0.4189,39.27,1,0.9736,0,0.5689,0.2874,0.7944,3.42,3.0,0.1899,14.04
WRK-05973,0.5727,147.35,0,1.0,0,0.221,1.0,0.6876,0.63,0.0,0.1994,8.61
WRK-05974,0.6727,87.22,0,0.9558,0,0.7503,0.2623,0.6737,1.38,1.0,0.0677,3.24
WRK-05975,0.4346,12.87,0,0.5159,0,0.5244,0.5087,0.7143,0.76,1.0,0.0342,4.48
WRK-05976,0.7486,81.45,0,0.9866,0,0.7868,0.489,0.8621,1.75,3.0,0.265,7.66
WRK-05977,0.4904,27.38,0,0.5036,0,1.0,1.0,0.8855,3.59,0.0,0.1605,4.58
WRK-05978,0.5924,26.34,0,0.7427,1,0.8921,0.8209,0.293,61.94,5.0,0.6067,17.42
WRK-05979,0.5434,24.8,0,0.7874,0,0.8093,0.6542,0.6913,6.35,0.0,0.384,2.82
WRK-05980,0.7136,147.93,0,1.0,0,0.4896,0.506,0.6901,3.79,3.0,0.2849,12.8
WRK-05981,0.5584,164.99,0,1.0,0,0.5009,0.7578,0.6562,0.19,3.0,0.0764,16.67
WRK-05982,0.3024,89.68,0,0.8876,0,0.5557,0.2742,0.8145,2.99,1.0,0.0595,7.03
WRK-05983,0.4149,31.92,0,0.7928,0,0.5072,0.3769,0.0606,91.39,7.6,0.9905,19.33
WRK-05984,0.3695,46.23,0,0.6846,1,0.4698,0.6818,0.7118,0.81,0.0,0.2573,2.4
WRK-05985,0.5448,34.31,0,0.9122,0,0.485,0.6241,0.5736,0.25,0.0,0.2282,7.37
WRK-05986,0.4896,68.66,0,0.9672,0,0.4628,0.6195,0.5474,0.13,0.0,0.3457,3.35
WRK-05987,0.3998,17.71,0,0.682,1,0.8452,0.5042,0.839,2.79,2.0,0.1791,4.79
WRK-05988,0.725,89.71,0,1.0,0,0.6113,0.133,0.7901,2.29,1.0,0.1589,9.24
WRK-05989,0.5166,62.81,0,0.8453,0,0.7374,0.3228,0.5048,2.14,1.0,0.1009,8.35
WRK-05990,0.6656,151.48,1,1.0,0,0.3876,0.7092,0.7861,2.09,3.0,0.3048,21.97
WRK-05991,0.6846,124.06,1,1.0,0,0.5852,0.2644,0.8596,3.3,3.0,0.4341,18.26
WRK-05992,0.6886,100.54,1,0.8861,0,0.05,1.0,0.7861,10.74,9.0,0.5193,18.75
WRK-05993,0.4023,61.72,0,0.8215,0,0.653,0.1211,0.913,0.1,1.0,0.2527,4.53
WRK-05994,0.3843,52.91,0,0.5924,0,0.2963,0.9552,0.6916,4.28,0.0,0.2158,0.5
WRK-05995,0.7595,29.54,0,0.8602,0,0.2263,1.0,0.7351,1.95,1.0,0.1073,9.24
WRK-05996,0.5646,31.93,0,0.8175,0,0.6207,0.2591,0.7367,2.07,1.0,0.1673,5.22
WRK-05997,0.486,63.45,0,0.7281,0,0.629,0.2751,0.7097,2.16,3.0,0.3673,0.0
WRK-05998,0.3236,21.47,0,0.6118,0,0.8158,0.4654,0.7141,0.88,0.0,0.2565,3.75
WRK-05999,0.5316,52.07,0,0.7521,0,0.8731,0.5719,0.7802,1.76,0.0,0.2594,2.99
WRK-06000,0.7808,96.61,1,1.0,0,0.4503,0.5011,0.4285,5.69,2.0,0.188,14.91
WRK-06001,0.7114,88.04,0,1.0,0,0.5414,0.5485,0.599,0.67,3.0,0.2747,10.29
WRK-06002,0.4672,36.38,1,0.8615,0,0.05,1.0,0.87,3.06,5.0,0.1822,14.89
WRK-06003,0.4827,51.63,0,0.7269,0,0.341,0.8741,0.5098,0.14,0.0,0.3118,2.17
WRK-06004,0.7517,78.51,1,0.791,0,0.2747,1.0,0.7649,0.01,6.0,0.0367,14.28
WRK-06005,0.7026,86.89,0,0.786,0,0.4124,0.8015,0.7091,7.63,1.0,0.3684,5.22
WRK-06006,0.5408,31.63,0,0.8504,0,0.4748,0.445,0.7783,0.81,1.0,0.2344,5.33
WRK-06007,0.5516,62.08,0,1.0,0,0.4108,0.7762,0.8286,0.5,2.0,0.0155,3.39
WRK-06008,0.3277,31.62,0,0.6556,0,0.466,0.5421,0.728,3.23,1.0,0.0179,2.05
WRK-06009,0.6626,96.76,0,1.0,0,0.1675,1.0,0.8775,1.69,1.0,0.2803,11.55
WRK-06010,0.7157,108.9,1,1.0,0,0.05,1.0,0.617,0.39,6.0,0.2859,17.28
WRK-06011,0.5407,85.93,1,0.9847,1,0.05,1.0,0.8185,4.56,2.0,0.1329,20.91
WRK-06012,0.5162,84.59,0,0.9031,0,0.126,1.0,0.3783,3.68,2.0,0.0178,11.99
WRK-06013,0.323,80.68,0,0.7105,0,0.3008,0.9231,0.7793,2.02,2.0,0.2869,5.58
WRK-06014,0.6123,129.68,0,1.0,0,0.4404,0.6218,0.6552,1.23,2.0,0.3106,13.38
WRK-06015,0.6329,96.27,0,0.8654,0,0.649,0.0439,0.7608,1.74,2.0,0.0408,6.8
WRK-06016,0.7231,91.96,0,1.0,0,0.4999,0.4111,0.5223,1.09,0.0,0.2143,7.24
WRK-06017,0.4525,76.83,0,1.0,0,0.3297,0.9709,0.545,0.1,2.0,0.188,8.32
WRK-06018,0.7146,101.7,1,1.0,0,0.3673,0.8578,0.8982,0.59,4.0,0.5106,17.76
WRK-06019,0.4452,57.85,0,0.7995,0,0.7759,0.3229,0.6457,0.15,1.0,0.1349,0.33
WRK-06020,0.4142,59.02,0,0.7996,0,0.808,0.5014,0.6656,2.61,0.0,0.3527,3.2
WRK-06021,0.4181,68.51,0,1.0,0,0.357,1.0,0.7983,2.97,1.0,0.2752,9.02
WRK-06022,0.5665,76.48,0,1.0,0,0.8762,1.0,0.9017,0.8,1.0,0.2151,7.64
WRK-06023,0.3116,71.66,1,1.0,0,0.05,1.0,0.6655,0.61,3.0,0.1304,8.57
WRK-06024,0.3635,19.98,0,0.6663,0,0.9613,1.0,0.8006,1.41,1.0,0.3534,4.14
WRK-06025,0.6425,85.66,0,1.0,0,0.5441,0.347,0.7177,2.22,1.0,0.1335,10.56
WRK-06026,0.4835,45.43,0,0.7349,1,0.4638,0.7264,0.5393,0.48,2.0,0.2335,3.02
WRK-06027,0.5637,83.66,1,0.86,0,0.05,1.0,0.7194,2.48,2.0,0.2792,17.42
WRK-06028,0.36,44.79,0,0.6474,0,0.4433,1.0,0.5235,1.92,1.0,0.1748,2.1
WRK-06029,0.6418,122.73,1,1.0,0,0.4208,0.8227,0.7042,1.28,9.0,0.5519,20.3
WRK-06030,0.5656,69.58,0,1.0,0,0.689,0.1272,0.7692,0.51,1.0,0.0544,8.19
WRK-06031,0.4066,31.07,0,0.4533,0,0.8911,0.7785,0.54,2.28,0.0,0.3971,2.55
WRK-06032,0.3053,44.51,0,0.7734,1,0.9825,0.8767,0.7413,0.13,3.0,0.1683,4.96
WRK-06033,0.411,74.3,0,0.8881,0,0.3617,1.0,0.678,3.01,1.0,0.2728,7.43
WRK-06034,0.4509,10.73,0,0.6239,0,0.4877,0.4826,0.4507,3.72,0.0,0.2799,4.24
WRK-06035,0.4539,28.14,0,0.942,1,0.7207,0.2814,0.6334,0.13,0.0,0.1986,7.08
WRK-06036,0.7137,99.5,1,1.0,0,0.1723,1.0,0.5622,7.7,5.0,0.1269,19.99
WRK-06037,0.6493,103.06,1,1.0,0,0.2432,1.0,0.8371,4.33,2.0,0.3666,20.98
WRK-06038,0.4491,79.4,0,1.0,0,0.3226,1.0,0.1577,73.11,7.0,0.8367,20.5
WRK-06039,0.8957,99.32,0,0.8508,1,0.4442,0.6026,0.7102,2.14,4.0,0.0778,8.82
WRK-06040,0.517,27.99,1,0.8058,1,0.6039,0.1296,0.9018,1.44,2.0,0.0722,13.95
WRK-06041,0.716,95.47,0,0.9317,0,0.1026,1.0,0.6772,0.57,1.0,0.3133,9.85
WRK-06042,0.6187,100.06,1,1.0,0,0.05,1.0,0.7189,1.01,5.0,0.5371,19.14
WRK-06043,0.5222,71.56,1,1.0,0,0.05,1.0,0.8908,1.13,4.0,0.1406,18.75
WRK-06044,0.4697,46.48,1,0.6325,0,0.5894,0.3201,0.6488,1.33,1.0,0.1613,14.27
WRK-06045,0.603,96.83,0,0.956,0,0.4709,0.607,0.839,4.17,1.0,0.2202,9.94
WRK-06046,0.6756,105.14,1,1.0,0,0.2773,0.9795,0.6983,3.38,3.0,0.3631,14.96
WRK-06047,0.6484,102.72,1,1.0,0,0.2423,1.0,0.8465,1.2,2.0,0.3821,19.55
WRK-06048,0.5584,95.81,1,0.8714,0,0.0874,1.0,0.925,0.08,2.0,0.1956,20.22
WRK-06049,0.6329,45.08,0,0.7849,0,0.9019,1.0,0.7829,1.88,0.0,0.1332,5.16
WRK-06050,0.4357,47.81,0,1.0,0,0.3618,0.7552,0.8712,0.54,1.0,0.2265,8.92
WRK-06051,0.4869,122.23,1,1.0,0,0.4878,0.8955,0.7395,0.7,4.0,0.3568,18.52
WRK-06052,0.6912,29.81,0,0.8416,0,0.8715,0.8199,0.6353,0.05,0.0,0.3282,7.43
WRK-06053,0.6158,81.8,0,0.8578,0,0.3969,0.7866,0.631,2.43,3.0,0.0899,8.54
WRK-06054,0.4603,63.62,0,1.0,0,0.6501,0.2041,0.6587,3.01,1.0,0.2073,5.1
WRK-06055,0.5813,78.08,0,0.8638,0,0.316,1.0,0.7637,0.19,3.0,0.3215,7.76
WRK-06056,0.4387,31.53,0,0.7214,1,0.7211,0.4602,0.0942,24.58,6.4,0.7223,26.2
WRK-06057,0.7069,125.67,1,1.0,0,0.4776,0.665,0.824,2.99,4.0,0.5842,25.58
WRK-06058,0.5517,138.65,0,1.0,0,0.2953,1.0,0.6064,2.74,0.0,0.0988,9.12
WRK-06059,0.2692,47.22,0,0.6097,0,0.7436,0.4503,0.5723,0.07,0.0,0.3896,1.74
WRK-06060,0.6667,86.11,1,0.8747,0,0.1132,1.0,0.9229,0.79,1.0,0.0228,19.94
WRK-06061,0.709,57.87,0,0.7967,0,0.3249,1.0,0.5468,3.28,0.0,0.1761,1.99
WRK-06062,0.4744,54.01,0,0.8626,0,0.45,0.541,0.6098,0.42,1.0,0.2133,6.34
WRK-06063,0.6415,109.23,1,0.9478,1,0.0983,1.0,0.7506,4.34,3.0,0.2935,22.66
WRK-06064,0.7216,97.52,0,1.0,0,0.2277,1.0,0.7134,0.32,4.0,0.3361,10.31
WRK-06065,0.333,98.15,0,1.0,0,0.2312,1.0,0.9331,0.76,4.0,0.0541,9.12
WRK-06066,0.5168,89.75,0,1.0,0,0.6725,0.2823,0.8825,0.28,1.0,0.0669,6.38
WRK-06067,0.6929,90.74,1,1.0,0,0.49,0.5229,0.8616,0.1,5.0,0.0284,18.31
WRK-06068,0.7079,30.43,0,0.8109,1,0.9098,0.7326,0.8556,0.54,1.0,0.0823,8.93
WRK-06069,0.5506,36.34,0,0.804,0,0.9913,0.9285,0.7265,4.48,0.0,0.2567,4.59
WRK-06070,0.3046,35.72,0,0.5344,0,0.6642,0.1009,0.7107,2.05,2.0,0.0873,0.0
WRK-06071,0.5459,38.1,1,0.8368,0,0.647,0.0826,0.4326,2.67,2.0,0.0614,16.07
WRK-06072,0.3738,60.79,0,0.9375,0,0.4897,0.4587,0.8359,1.23,1.0,0.0214,7.69
WRK-06073,0.4348,59.93,0,0.7604,0,0.9024,0.8747,0.8519,0.92,1.0,0.1133,5.57
WRK-06074,0.6522,72.89,0,0.9665,1,0.4542,0.6985,0.3044,2.81,1.0,0.1252,5.06
WRK-06075,0.2792,0.0,0,0.5,1,0.7445,0.3409,0.1273,38.92,6.4,0.7559,12.75
WRK-06076,0.5891,122.76,1,1.0,0,0.5194,0.3611,0.8158,0.57,5.0,0.2904,16.04
WRK-06077,0.501,85.87,0,1.0,0,0.8523,1.0,0.8636,0.9,1.0,0.3278,11.99
WRK-06078,0.6606,27.27,0,0.8768,1,0.3262,1.0,0.8399,2.48,1.0,0.1675,8.68
WRK-06079,0.6563,63.81,0,0.9194,0,0.3072,1.0,0.7731,1.37,0.0,0.1486,7.66
WRK-06080,0.4651,35.47,0,0.6577,0,0.6532,0.0282,0.0878,97.27,7.2,0.9683,12.63
WRK-06081,0.461,12.5,0,0.5093,0,0.849,1.0,0.8585,3.42,0.0,0.3588,4.28
WRK-06082,0.7013,118.2,0,1.0,0,0.6393,0.0461,0.6822,2.29,3.0,0.3675,10.33
WRK-06083,0.4848,43.58,1,0.8874,0,0.05,1.0,0.8235,7.53,4.0,0.3519,19.26
WRK-06084,0.3956,19.0,0,0.7276,1,0.8905,0.7375,0.7117,1.4,1.0,0.2864,3.7
WRK-06085,0.4966,74.22,0,0.8567,0,0.407,0.7916,0.6343,6.63,4.0,0.2284,6.34
WRK-06086,0.4924,46.21,0,0.6847,0,0.9121,0.6717,0.7827,0.39,1.0,0.2886,4.16
WRK-06087,0.7399,81.69,0,0.8015,0,0.8739,1.0,0.7007,10.76,3.0,0.0509,6.81
WRK-06088,0.643,76.2,0,0.8467,0,0.9226,0.9099,0.7316,0.73,0.0,0.0307,4.11
WRK-06089,0.6638,94.89,0,0.848,0,0.9461,0.812,0.7161,0.27,4.0,0.1634,12.8
WRK-06090,0.3905,50.28,0,0.6642,0,0.8216,0.5215,0.3084,64.09,7.9,0.695,10.67
WRK-06091,0.5459,36.07,0,0.7807,0,0.7017,0.1524,0.5444,3.08,0.0,0.2714,0.05
WRK-06092,0.4734,30.19,0,0.5644,0,0.6856,0.0957,0.7537,8.64,0.0,0.2623,1.39
WRK-06093,0.3622,14.42,0,0.7681,1,0.7,0.1437,0.6277,0.71,1.0,0.0105,1.18
WRK-06094,0.6824,77.91,1,0.8955,0,0.3022,0.9677,0.7608,1.69,2.0,0.3191,17.78
WRK-06095,0.4736,55.99,0,1.0,0,0.1682,1.0,0.7202,0.03,0.0,0.1714,5.76
WRK-06096,0.2903,50.15,0,0.6283,0,0.528,0.469,0.6814,1.79,1.0,0.2185,0.72
WRK-06097,0.4537,48.66,0,0.7932,0,0.374,1.0,0.5582,3.89,2.0,0.3344,3.37
WRK-06098,0.322,24.59,0,0.606,0,0.7874,0.9143,0.6844,0.24,1.0,0.3798,2.42
WRK-06099,0.4214,40.33,0,0.6774,0,0.6287,0.1671,0.8507,0.19,1.0,0.2643,1.83
WRK-06100,0.6979,21.56,0,0.7438,1,0.5611,0.2752,0.058,51.4,5.7,0.8105,13.68
WRK-06101,0.6308,15.31,0,0.6785,0,0.7891,0.4933,0.61,6.65,0.0,0.2821,5.22
WRK-06102,0.426,0.0,0,0.3768,0,0.9149,0.7636,0.8358,0.45,2.0,0.3272,2.69
WRK-06103,0.7105,111.95,1,1.0,0,0.05,1.0,0.8571,0.95,0.0,0.3824,20.07
WRK-06104,0.7068,100.42,1,1.0,0,0.5671,0.2531,0.8866,0.88,2.0,0.1627,16.02
WRK-06105,0.61,47.1,0,0.6946,0,0.3215,0.822,0.6831,0.57,0.0,0.1814,5.93
WRK-06106,0.4642,80.45,0,0.9006,0,0.675,0.085,0.8007,3.88,1.0,0.1456,5.8
WRK-06107,0.66,101.74,0,1.0,0,0.742,0.3467,0.7656,2.21,2.0,0.3041,9.2
WRK-06108,0.338,57.89,0,0.7899,0,0.4551,0.5309,0.5519,0.34,0.0,0.2321,1.9
WRK-06109,0.6953,137.2,1,1.0,0,0.6302,0.1668,0.8271,0.52,2.0,0.3477,19.76
WRK-06110,0.6455,106.12,1,1.0,0,0.4192,0.5891,0.5633,0.3,1.0,0.2904,16.78
WRK-06111,0.3357,39.01,0,0.7293,0,0.9591,0.8502,0.8592,3.94,1.0,0.244,4.88
WRK-06112,0.7143,71.51,0,0.8453,1,0.4364,0.5825,0.705,0.35,1.0,0.2938,4.14
WRK-06113,0.6585,65.64,0,0.8383,0,0.3602,0.7705,0.5391,0.07,0.0,0.2447,3.67
WRK-06114,0.6925,71.67,0,0.7864,1,0.7143,0.4271,0.6143,0.51,1.0,0.1585,2.87
WRK-06115,0.5853,33.49,0,0.7864,1,0.6057,0.1328,0.6772,0.27,0.0,0.2765,2.77
WRK-06116,0.5013,28.0,0,0.978,1,0.7182,0.2846,0.737,0.44,0.0,0.3752,8.67
WRK-06117,0.5006,57.19,1,0.7054,0,0.4689,0.4619,0.7115,2.71,1.0,0.288,10.36
WRK-06118,0.5102,27.52,0,0.6845,0,0.321,0.8473,0.8037,0.04,1.0,0.3477,4.02
WRK-06119,0.6154,94.33,0,1.0,0,0.4419,0.6239,0.694,4.67,0.0,0.3839,9.23
WRK-06120,0.4374,64.77,1,1.0,0,0.4935,0.4309,0.5537,1.8,3.0,0.282,12.3
WRK-06121,0.6405,44.46,1,0.9078,0,0.1435,1.0,0.8425,0.08,2.0,0.3159,11.89
WRK-06122,0.6276,73.68,0,0.9084,1,0.5808,0.3306,0.4961,0.61,0.0,0.0484,5.93
WRK-06123,0.5598,84.98,1,0.9278,0,0.3687,0.8603,0.7826,1.98,2.0,0.3428,18.48
WRK-06124,0.8227,114.17,0,1.0,0,0.666,0.3707,0.6547,0.41,1.0,0.1569,11.47
WRK-06125,0.4909,29.2,0,0.7959,1,0.4467,0.5917,0.1649,31.09,6.7,0.6064,22.53
WRK-06126,0.3163,41.04,0,0.9237,0,0.3233,1.0,0.4737,0.15,2.0,0.1275,5.69
WRK-06127,0.6336,78.33,0,1.0,0,0.6999,0.1664,0.824,0.05,0.0,0.0775,5.05
WRK-06128,0.3526,7.51,0,0.4763,0,0.5391,0.4067,0.6467,6.88,0.0,0.3616,2.33
WRK-06129,0.4107,71.32,1,1.0,0,0.5224,0.3783,0.726,4.11,4.0,0.3865,14.32
WRK-06130,0.4329,59.6,0,1.0,0,0.3397,0.87,0.6672,1.82,0.0,0.2685,4.11
WRK-06131,0.6868,115.3,1,1.0,0,0.4726,0.6534,0.7666,0.45,7.0,0.1603,14.82
WRK-06132,0.7838,106.41,1,1.0,0,0.0915,1.0,0.8639,1.12,3.0,0.3487,14.67
WRK-06133,0.3928,21.21,0,0.4685,0,0.6107,0.1208,0.7419,2.47,1.0,0.1052,0.0
WRK-06134,0.7827,120.17,0,0.9555,0,0.2447,1.0,0.818,4.98,1.0,0.3374,14.48
WRK-06135,0.4395,52.38,0,0.7618,1,0.6232,0.4571,0.7853,0.16,0.0,0.2294,3.4
WRK-06136,0.5253,28.81,0,0.9198,1,0.6691,0.3245,0.898,1.47,0.0,0.0993,6.48
WRK-06137,0.5188,30.9,0,0.8506,0,0.4087,0.7494,0.8036,2.8,1.0,0.2448,6.14
WRK-06138,0.4449,40.53,1,0.6212,1,0.2308,1.0,0.8138,0.29,0.0,0.2621,15.76
WRK-06139,0.7856,97.35,0,1.0,0,0.7231,0.2105,0.54,0.21,2.0,0.2446,10.05
WRK-06140,0.7597,58.78,0,0.7961,0,0.3121,1.0,0.8586,0.04,0.0,0.2389,2.96
WRK-06141,0.4591,74.83,0,1.0,0,0.7283,0.34,0.456,7.29,0.0,0.0847,2.8
WRK-06142,0.734,117.9,1,1.0,0,0.4116,0.6529,0.5418,2.26,6.0,0.3475,22.74
WRK-06143,0.6967,105.73,1,0.965,0,0.6034,0.1463,0.1119,21.16,6.2,1.0,38.4
WRK-06144,0.3493,18.45,0,0.4372,0,0.959,0.8748,0.6243,1.07,5.0,0.0167,2.42
WRK-06145,0.6292,174.81,1,1.0,0,0.05,1.0,0.9089,1.46,4.0,0.1753,24.56
WRK-06146,0.3855,53.97,0,0.7524,0,0.9299,0.8652,0.4225,0.02,0.0,0.3868,2.54
WRK-06147,0.6307,143.38,1,1.0,0,0.0744,1.0,0.7886,1.4,6.0,0.3037,20.71
WRK-06148,0.453,25.81,0,0.4879,0,0.7572,0.355,0.1711,63.67,3.5,0.6373,18.06
WRK-06149,0.8207,107.31,1,1.0,0,0.1736,1.0,0.8799,1.11,2.0,0.4297,16.5
WRK-06150,0.3415,62.89,0,0.7086,1,0.5284,0.5972,0.7835,1.73,1.0,0.0715,1.17
WRK-06151,0.6722,89.57,1,0.964,0,0.5372,0.3156,0.8223,6.4,3.0,0.2405,20.75
WRK-06152,0.3514,5.58,0,0.6423,0,0.9312,0.8107,0.7567,1.39,1.0,0.1831,2.31
WRK-06153,0.4636,82.9,0,0.8666,0,0.3182,0.8312,0.8194,0.67,0.0,0.3497,14.4
WRK-06154,0.4378,84.35,0,1.0,1,0.4435,0.8775,0.2466,69.17,4.6,0.7448,25.45
WRK-06155,0.6856,222.86,0,1.0,0,0.7001,0.2245,0.5781,0.55,4.0,0.0603,15.72
WRK-06156,0.537,102.33,1,1.0,1,0.3716,0.7909,0.6623,0.5,0.0,0.4084,18.07
WRK-06157,0.7587,131.16,1,1.0,0,0.5992,0.2962,0.1453,46.94,10.6,0.9246,37.78
WRK-06158,0.6371,101.02,1,0.9755,0,0.1917,1.0,0.8833,0.47,4.0,0.4287,19.28
WRK-06159,0.3977,104.33,0,0.8278,0,0.492,0.4023,0.4967,1.38,1.0,0.0944,8.22
WRK-06160,0.4592,96.02,0,1.0,1,0.6277,0.1172,0.5372,2.09,3.0,0.112,6.33
WRK-06161,0.6402,37.54,0,0.8514,0,0.4775,0.5184,0.2294,2.78,0.0,0.0148,4.25
WRK-06162,0.4696,27.77,0,0.7453,0,0.8921,0.9288,0.456,0.64,0.0,0.1787,2.3
WRK-06163,0.4827,31.97,0,0.7821,0,0.3523,1.0,0.7426,0.38,0.0,0.1461,3.93
WRK-06164,0.8202,102.61,0,1.0,0,0.1703,1.0,0.8667,0.32,1.0,0.3122,14.6
WRK-06165,0.5561,20.83,0,0.9243,1,0.2422,1.0,0.2732,122.28,4.5,0.9947,14.81
WRK-06166,0.4536,44.63,0,0.563,0,0.6953,0.5124,0.6141,0.08,1.0,0.1086,2.55
WRK-06167,0.5121,67.48,0,1.0,1,0.3104,0.8747,0.6813,3.42,0.0,0.046,9.29
WRK-06168,0.4472,53.6,1,0.6607,1,0.2024,1.0,0.6326,4.43,4.0,0.1494,14.32
WRK-06169,0.4221,74.22,0,0.7781,0,0.958,0.7897,0.6528,0.59,0.0,0.1565,2.86
WRK-06170,0.5165,71.82,1,0.8899,1,0.4999,0.3895,0.8354,0.1,2.0,0.1637,6.96
WRK-06171,0.743,75.89,1,0.8598,1,0.557,0.2387,0.7041,5.03,1.0,0.3569,11.99
WRK-06172,0.5667,46.48,0,0.9684,1,0.2031,1.0,0.631,0.63,0.0,0.1939,5.8
WRK-06173,0.2852,18.52,0,0.5668,0,0.452,0.5604,0.7279,0.49,3.0,0.2505,0.83
WRK-06174,0.6544,17.28,0,0.8579,0,0.555,0.459,0.5422,0.15,1.0,0.0855,5.97
WRK-06175,0.6514,82.42,0,0.8534,0,0.1686,1.0,0.5187,0.06,4.0,0.0883,10.02
WRK-06176,0.6196,82.52,0,0.9984,0,0.7734,0.4791,0.5945,1.58,1.0,0.3169,11.14
WRK-06177,0.3865,47.84,0,0.6579,0,1.0,0.8936,0.8318,0.53,0.0,0.0283,0.44
WRK-06178,0.7165,87.3,0,1.0,0,0.4761,0.966,0.8222,0.61,2.0,0.3687,8.68
WRK-06179,0.4932,52.4,0,0.742,0,0.9976,1.0,0.241,31.31,5.1,0.6134,29.29
WRK-06180,0.3596,29.44,0,0.6476,0,0.8819,0.875,0.6159,0.54,0.0,0.0133,3.51
WRK-06181,0.747,133.63,0,1.0,1,0.6057,0.1977,0.6025,2.29,4.0,0.0988,8.95
WRK-06182,0.4612,83.04,0,0.8269,0,0.3807,0.8199,0.7935,0.04,1.0,0.0053,8.83
WRK-06183,0.5042,27.39,0,0.8309,0,0.3629,0.7708,0.512,1.87,1.0,0.1629,9.38
WRK-06184,0.3234,16.15,0,0.5139,0,0.5769,1.0,0.7104,0.79,0.0,0.3196,0.91
WRK-06185,0.5828,37.68,0,0.8162,0,0.8725,0.6644,0.9042,4.54,1.0,0.0856,4.83
WRK-06186,0.4434,38.36,0,0.6591,0,0.6845,0.1018,0.7907,0.55,0.0,0.1716,2.69
WRK-06187,0.57,63.37,1,0.8386,0,0.6035,0.2484,0.8482,0.88,2.0,0.0534,14.16
WRK-06188,0.4478,9.32,0,0.4658,0,0.7593,0.9237,0.8601,1.2,1.0,0.0612,2.66
WRK-06189,0.5116,30.15,0,0.7807,0,0.8379,0.8364,0.7288,0.93,1.0,0.1011,1.76
WRK-06190,0.8074,99.76,1,0.696,0,0.3251,0.8436,0.2234,149.65,7.8,0.7687,40.19
WRK-06191,0.2678,18.37,0,0.6659,0,0.8385,0.494,0.7234,0.91,1.0,0.044,1.94
WRK-06192,0.7055,113.02,1,1.0,1,0.05,1.0,0.8177,1.9,4.0,0.2929,15.89
WRK-06193,0.424,123.24,0,1.0,0,0.6413,0.0361,0.654,0.71,1.0,0.0571,9.48
WRK-06194,0.642,118.39,0,1.0,0,0.5339,0.4072,0.8785,0.34,4.0,0.2736,6.94
WRK-06195,0.4411,47.12,0,0.8903,0,0.3678,0.758,0.8689,0.85,0.0,0.2191,7.69
WRK-06196,0.8216,107.83,1,0.8483,0,0.5143,0.5311,0.7727,2.89,2.0,0.5511,18.97
WRK-06197,0.6615,110.3,0,1.0,0,0.1903,1.0,0.7318,8.15,2.0,0.2502,14.82
WRK-06198,0.4167,61.62,1,1.0,0,0.5114,0.6392,0.7498,0.81,4.0,0.363,15.25
WRK-06199,0.4037,50.69,1,0.9154,1,0.3396,0.8383,0.7741,0.53,1.0,0.2503,18.48
WRK-06200,0.4123,40.12,1,0.939,0,0.2994,0.9096,0.9392,1.23,0.0,0.3295,10.2
WRK-06201,0.3371,18.74,0,0.5918,0,0.7229,0.3855,0.851,0.17,2.0,0.1816,0.86
WRK-06202,0.3293,11.69,0,0.4734,0,0.5212,0.4537,0.6652,0.13,0.0,0.269,0.89
WRK-06203,0.5321,67.98,0,1.0,0,0.5234,0.4109,0.7861,1.59,0.0,0.3749,5.47
WRK-06204,0.3682,0.28,0,0.8265,0,0.3844,0.6928,0.9238,1.12,0.0,0.0107,7.86
WRK-06205,0.7127,105.56,1,1.0,0,0.6167,0.1216,0.5269,0.82,5.0,0.1838,18.96
WRK-06206,0.4622,23.47,0,0.635,0,0.8492,0.8369,0.8024,1.06,2.0,0.1368,0.49
WRK-06207,0.5298,69.36,0,0.7463,0,0.9257,0.7784,0.8787,1.69,0.0,0.2685,2.11
WRK-06208,0.2984,32.42,0,0.6764,0,0.8852,0.6393,0.9143,1.37,1.0,0.0811,3.25
WRK-06209,0.4159,51.76,0,1.0,1,0.2525,1.0,0.6432,1.01,2.0,0.2138,5.94
WRK-06210,0.3317,41.27,0,0.7026,0,0.6556,0.5123,0.8881,1.12,1.0,0.2158,0.0
WRK-06211,0.7317,70.38,1,1.0,0,0.4059,0.8209,0.8359,3.18,0.0,0.1621,12.53
WRK-06212,0.3024,43.6,0,0.6129,0,0.7642,0.4028,0.6445,1.14,0.0,0.1837,4.52
WRK-06213,0.7846,120.92,0,1.0,0,0.6523,0.2396,0.6179,0.48,5.0,0.2003,11.89
WRK-06214,0.4835,78.89,0,0.9939,0,0.5142,0.4964,0.2998,49.97,8.9,0.8275,27.73
WRK-06215,0.3901,37.67,0,0.6487,0,0.6063,0.2977,0.8866,2.5,2.0,0.3002,0.93
WRK-06216,0.5274,50.31,0,0.692,0,0.6446,0.3366,0.7164,3.41,0.0,0.2257,2.59
WRK-06217,0.6787,84.2,0,0.9802,0,0.2472,1.0,0.7926,1.15,3.0,0.3029,9.2
WRK-06218,0.582,39.54,0,0.8694,0,0.4951,0.442,0.146,94.49,5.2,0.6402,31.43
WRK-06219,0.6599,108.62,0,1.0,0,0.5051,0.3943,0.4458,1.15,3.0,0.1395,12.5
WRK-06220,0.2704,32.63,0,0.712,0,0.6755,0.1913,0.8196,0.04,0.0,0.3734,0.58
WRK-06221,0.4312,82.0,0,1.0,0,0.1527,1.0,0.4726,1.07,2.0,0.3726,12.5
WRK-06222,0.655,64.73,0,1.0,0,0.8278,1.0,0.795,0.1,2.0,0.0941,8.92
WRK-06223,0.4506,65.31,0,0.5958,0,0.8833,0.6807,0.077,142.4,7.3,0.9799,14.92
WRK-06224,0.502,87.7,0,1.0,0,0.1776,1.0,0.8767,1.35,2.0,0.3054,10.81
WRK-06225,0.6019,83.75,1,0.8261,0,0.6722,0.8226,0.5187,3.68,6.0,0.2377,14.65
WRK-06226,0.4729,42.08,0,0.6562,0,0.9554,0.9394,0.7376,9.09,0.0,0.1419,6.66
WRK-06227,0.5414,128.4,1,1.0,1,0.4342,0.587,0.2033,94.22,8.1,1.0,39.67
WRK-06228,0.2746,66.81,0,0.6636,1,0.891,0.7279,0.6928,0.43,0.0,0.2484,1.77
WRK-06229,0.6753,91.44,0,1.0,0,0.6189,0.1423,0.6361,2.75,1.0,0.2746,7.76
WRK-06230,0.8364,76.39,1,0.7512,0,0.1368,1.0,0.6566,3.88,3.0,0.2264,7.78
WRK-06231,0.8318,84.99,0,0.8642,0,0.3653,0.8569,0.7953,0.49,4.0,0.3997,12.37
WRK-06232,0.3639,50.07,0,0.6246,0,0.301,1.0,0.7636,1.74,0.0,0.1945,3.63
WRK-06233,0.4961,25.18,0,0.9971,0,0.4831,0.5782,0.8555,0.32,2.0,0.1254,6.3
WRK-06234,0.4188,12.38,0,0.9075,1,0.3468,0.9246,0.8279,0.58,0.0,0.0559,3.79
WRK-06235,0.4562,80.67,0,0.9494,0,0.21,1.0,0.3612,4.14,2.0,0.2016,7.78
WRK-06236,0.413,52.03,0,0.6025,0,0.624,0.2979,0.6688,0.62,2.0,0.1105,0.0
WRK-06237,0.5132,87.83,0,0.8493,0,0.5321,0.5107,0.7771,0.08,1.0,0.0569,9.4
WRK-06238,0.5529,70.83,0,0.9662,0,0.3568,0.7824,0.5566,4.95,3.0,0.3154,6.25
WRK-06239,0.3642,25.77,0,0.7247,0,0.7158,0.237,0.5194,1.09,1.0,0.3658,0.48
WRK-06240,0.5245,84.39,0,1.0,1,0.6061,0.1848,0.7342,0.09,0.0,0.3536,7.77
WRK-06241,0.3439,47.93,0,0.6096,0,0.7106,0.1821,0.7101,3.35,1.0,0.2214,3.08
WRK-06242,0.593,27.24,0,0.8613,1,0.4916,0.4848,0.5941,5.69,1.0,0.0701,9.51
WRK-06243,0.3394,19.1,0,0.4387,1,0.8503,0.5065,0.7844,10.83,2.0,0.1074,2.33
WRK-06244,0.5168,37.58,0,0.9518,1,0.2643,0.9719,0.5825,3.12,1.0,0.203,7.1
WRK-06245,0.4803,73.59,0,0.8067,0,0.6453,0.0274,0.8106,0.15,1.0,0.0222,5.64
WRK-06246,0.4855,74.23,0,1.0,0,0.359,0.9995,0.6646,0.99,0.0,0.1435,8.67
WRK-06247,0.5136,78.68,0,0.9151,0,0.6667,0.0981,0.7084,1.36,2.0,0.2765,8.58
WRK-06248,0.5544,157.21,1,1.0,0,0.0839,1.0,0.53,0.39,3.0,0.6405,21.73
WRK-06249,0.6348,104.13,0,1.0,0,0.8147,0.4299,0.4156,1.19,4.0,0.0001,6.83
WRK-06250,0.5284,27.97,0,0.5751,0,0.3807,1.0,0.3068,1.33,2.0,0.1338,1.94
WRK-06251,0.2845,50.55,0,0.8266,1,0.7099,0.3076,0.0737,34.28,5.8,0.8282,17.87
WRK-06252,0.5175,30.91,0,0.7901,0,0.8143,0.5019,0.8638,1.34,0.0,0.3867,1.52
WRK-06253,0.45,69.61,0,1.0,0,0.3187,0.8691,0.8687,0.3,0.0,0.0164,6.73
WRK-06254,0.7548,102.64,1,1.0,0,0.5652,0.3746,0.566,0.13,4.0,0.3702,20.16
WRK-06255,0.4914,53.57,0,0.9152,0,0.5414,0.3192,0.7532,1.03,1.0,0.0469,5.73
WRK-06256,0.6324,26.38,0,0.8309,0,0.8344,0.651,0.118,129.21,9.2,0.7,29.81
WRK-06257,0.6741,84.9,0,0.9944,0,0.7781,0.4047,0.8808,0.23,1.0,0.2745,8.17
WRK-06258,0.3571,34.46,0,0.7408,0,0.4636,0.6153,0.7482,3.36,1.0,0.325,1.25
WRK-06259,0.4107,46.83,0,0.6906,0,0.5699,0.348,0.1549,21.47,5.2,0.6296,21.28
WRK-06260,0.4384,22.8,0,0.6625,0,0.5338,0.3631,0.6673,2.68,3.0,0.36,2.27
WRK-06261,0.8155,86.81,0,1.0,0,0.6647,0.1821,0.8868,4.18,1.0,0.2847,10.97
WRK-06262,0.6694,105.19,1,1.0,1,0.5097,0.4045,0.8473,0.26,3.0,0.3579,16.99
WRK-06263,0.4182,33.41,0,0.8833,0,0.4603,0.6988,0.8916,0.06,0.0,0.0992,5.3
WRK-06264,0.2426,4.15,0,0.5052,0,0.4413,0.5624,0.8215,1.77,0.0,0.157,2.61
WRK-06265,0.6239,90.75,0,0.9981,0,0.7063,0.1851,0.7628,7.07,4.0,0.1819,11.71
WRK-06266,0.533,134.84,1,1.0,0,0.4834,1.0,0.4879,6.64,3.0,0.3686,15.41
WRK-06267,0.5436,76.15,0,0.7546,1,0.4955,0.4478,0.6579,1.14,1.0,0.1379,2.31
WRK-06268,0.7678,93.02,0,0.9761,0,0.1909,1.0,0.5488,0.78,1.0,0.3468,10.78
WRK-06269,0.4291,88.83,1,1.0,0,0.05,1.0,0.2568,32.58,10.9,0.7733,26.4
WRK-06270,0.3112,40.08,0,0.7613,0,0.4313,0.8414,0.7849,3.77,0.0,0.0178,1.99
WRK-06271,0.7322,136.67,1,1.0,0,0.1153,1.0,0.5615,1.52,4.0,0.5055,20.54
WRK-06272,0.3609,65.66,0,0.8216,1,0.873,0.8792,0.8639,1.31,2.0,0.3312,6.07
WRK-06273,0.5685,132.03,0,0.9682,0,0.3348,0.913,0.725,1.71,1.0,0.3499,13.53
WRK-06274,0.3887,73.93,0,0.8474,0,0.8931,1.0,0.734,2.32,1.0,0.2158,5.2
WRK-06275,0.6591,94.84,1,0.9795,0,0.2255,1.0,0.6541,0.85,1.0,0.3283,15.64
WRK-06276,0.7697,79.75,1,1.0,0,0.491,0.7507,0.6537,1.19,6.0,0.3976,10.39
WRK-06277,0.8154,89.04,1,1.0,1,0.0724,1.0,0.8326,2.31,5.0,0.3021,17.96
WRK-06278,0.5336,52.9,0,0.726,0,0.3836,0.6852,0.6838,3.19,1.0,0.354,4.52
WRK-06279,0.7201,124.48,1,1.0,0,0.1181,1.0,0.7,1.71,9.0,0.353,18.23
WRK-06280,0.7616,55.37,0,0.8896,1,0.6073,0.1307,0.8525,0.51,1.0,0.0739,7.03
WRK-06281,0.6663,104.92,1,1.0,1,0.4246,0.6166,0.1019,23.42,13.6,0.8133,43.43
WRK-06282,0.3343,106.01,0,1.0,0,0.5477,1.0,0.666,0.42,3.0,0.1128,9.06
WRK-06283,0.5963,79.0,1,0.7773,0,0.403,0.8413,0.7308,1.28,1.0,0.3567,7.53
WRK-06284,0.4855,40.2,0,0.846,0,0.6185,0.1969,0.5926,0.22,0.0,0.3816,4.08
WRK-06285,0.6294,100.6,0,1.0,0,0.8092,0.5455,0.8419,3.96,0.0,0.3557,8.39
WRK-06286,0.3033,43.35,0,0.6569,0,0.3583,0.7905,0.68,0.22,1.0,0.2422,1.19
WRK-06287,0.6831,98.91,0,1.0,0,0.1588,1.0,0.7295,0.79,5.0,0.1303,9.87
WRK-06288,0.7696,123.28,0,1.0,0,0.4813,0.4809,0.7749,2.96,4.0,0.3281,8.42
WRK-06289,0.6172,81.13,0,1.0,0,0.6857,0.1639,0.5508,0.1,2.0,0.3748,12.86
WRK-06290,0.312,35.23,0,0.6779,0,0.8903,0.8029,0.5927,0.52,0.0,0.1521,3.27
WRK-06291,0.577,88.26,0,0.9902,1,0.6992,0.1724,0.8112,3.14,0.0,0.3722,8.39
WRK-06292,0.3367,62.92,0,0.9186,0,0.3277,0.8394,0.836,2.01,0.0,0.1806,6.94
WRK-06293,0.7813,91.31,1,1.0,1,0.5293,0.5575,0.5552,0.94,4.0,0.2974,15.35
WRK-06294,0.3836,58.02,0,0.6185,0,0.5562,0.4245,0.9257,0.34,2.0,0.3686,3.15
WRK-06295,0.6621,110.17,1,1.0,0,0.05,1.0,0.8951,2.27,6.0,0.3021,23.01
WRK-06296,0.4573,40.5,0,0.709,1,0.3299,0.9382,0.4312,0.12,3.0,0.3475,2.5
WRK-06297,0.6265,25.16,0,0.6925,0,0.945,0.7829,0.5585,2.04,0.0,0.1656,2.56
WRK-06298,0.4485,54.09,0,0.7013,0,0.8671,0.548,0.7006,1.56,1.0,0.2182,0.95
WRK-06299,0.4147,95.93,0,1.0,0,0.2331,1.0,0.7236,0.67,4.0,0.3308,9.38
WRK-06300,0.5716,41.08,0,0.882,0,0.3443,0.7804,0.8668,6.57,1.0,0.3538,7.61
WRK-06301,0.4613,65.43,1,1.0,1,0.5848,0.3994,0.6206,1.11,0.0,0.3569,17.32
WRK-06302,0.7007,102.78,1,1.0,0,0.4353,1.0,0.7384,0.1,9.0,0.6675,25.08
WRK-06303,0.509,22.32,0,0.7279,1,0.5561,0.4597,0.867,3.74,1.0,0.3176,4.04
WRK-06304,0.724,109.08,0,1.0,0,0.8258,0.5276,0.6048,2.31,1.0,0.3965,13.43
WRK-06305,0.5,49.43,0,0.997,0,0.678,0.1466,0.0683,38.17,7.0,0.6492,24.03
WRK-06306,0.5629,127.62,1,1.0,0,0.3066,1.0,0.5117,5.42,2.0,0.5014,19.57
WRK-06307,0.5569,61.17,0,0.7004,1,0.6777,0.4124,0.7652,8.01,0.0,0.2981,0.0
WRK-06308,0.7567,85.44,0,0.9737,0,0.6212,0.0955,0.2039,71.79,9.5,0.6573,25.54
WRK-06309,0.6395,87.36,0,0.8042,1,0.445,0.5164,0.6981,1.72,0.0,0.0001,8.66
WRK-06310,0.6332,37.15,0,0.9025,1,0.2029,1.0,0.8287,1.58,1.0,0.0207,6.32
WRK-06311,0.7173,68.37,1,0.6418,0,0.4882,0.491,0.4629,2.13,4.0,0.0847,10.51
WRK-06312,0.6883,53.63,1,1.0,0,0.2315,1.0,0.7863,2.37,3.0,0.1919,14.33
WRK-06313,0.7448,85.45,0,1.0,0,0.744,0.3325,0.7312,6.95,1.0,0.3119,5.69
WRK-06314,0.7758,124.13,1,1.0,0,0.4907,0.4588,0.7717,6.23,2.0,0.5389,15.19
WRK-06315,0.4732,58.84,0,0.8498,0,0.6539,0.1251,0.3213,49.99,5.1,0.629,28.13
WRK-06316,0.7121,83.15,0,0.962,0,0.564,0.2317,0.7387,4.11,2.0,0.3308,11.61
WRK-06317,0.4293,64.3,0,0.7255,1,0.7657,0.4286,0.8645,0.12,0.0,0.3342,0.85
WRK-06318,0.4035,26.03,0,0.6221,0,0.338,0.7895,0.611,0.18,0.0,0.3682,1.5
WRK-06319,0.7217,201.3,1,1.0,0,0.2259,1.0,0.4726,1.61,2.0,0.3146,28.24
WRK-06320,0.5724,61.6,0,0.9848,0,0.5672,0.3721,0.7662,0.01,1.0,0.2182,6.67
WRK-06321,0.4747,78.07,1,0.8251,0,0.5446,0.7313,0.7308,0.38,0.0,0.3356,16.56
WRK-06322,0.343,41.12,0,0.7289,0,0.8948,0.8742,0.7474,0.73,3.0,0.3966,2.8
WRK-06323,0.6939,82.9,0,1.0,0,0.1922,1.0,0.7608,0.17,1.0,0.1718,11.37
WRK-06324,0.2742,26.8,0,0.6145,0,0.7363,0.8079,0.8476,1.53,1.0,0.3904,0.64
WRK-06325,0.5129,27.83,0,0.555,0,0.7893,0.3644,0.2422,104.18,6.4,0.8809,23.84
WRK-06326,0.5067,32.52,0,0.8893,0,0.6608,0.2403,0.7099,1.65,2.0,0.0179,5.35
WRK-06327,0.7974,80.06,1,0.9712,1,0.05,1.0,0.8557,1.07,1.0,0.0791,17.22
WRK-06328,0.4221,67.42,0,0.8458,1,0.7372,0.22,0.749,2.54,0.0,0.0854,7.46
WRK-06329,0.7443,120.43,1,1.0,0,0.5307,0.5509,0.7582,2.67,5.0,0.2396,21.27
WRK-06330,0.6406,79.61,0,1.0,0,0.1851,1.0,0.5731,0.02,2.0,0.2,8.25
WRK-06331,0.657,77.23,1,0.9675,0,0.3414,0.9506,0.6991,0.37,0.0,0.0297,17.99
WRK-06332,0.3225,40.51,0,0.5974,0,0.659,0.063,0.8384,4.14,0.0,0.0984,1.31
WRK-06333,0.6883,18.05,0,0.8483,1,0.4322,0.756,0.4468,2.04,0.0,0.1124,4.8
WRK-06334,0.7291,121.55,1,1.0,0,0.3029,1.0,0.7464,9.97,4.0,0.3719,21.12
WRK-06335,0.81,95.7,0,1.0,1,0.4831,0.4627,0.9011,1.47,1.0,0.3832,11.02
WRK-06336,0.6608,38.19,0,0.97,0,0.5076,0.5042,0.0762,25.54,4.5,0.8955,28.67
WRK-06337,0.6171,43.06,0,0.9654,0,0.6511,0.2195,0.7741,1.99,0.0,0.225,5.61
WRK-06338,0.7539,121.51,1,1.0,0,0.05,1.0,0.9224,1.1,4.0,0.4887,23.91
WRK-06339,0.4536,78.33,1,0.9054,0,0.0707,1.0,0.7584,2.95,4.0,0.3948,12.38
WRK-06340,0.5574,174.33,1,1.0,0,0.4732,0.7362,0.8011,1.22,5.0,0.2978,22.23
WRK-06341,0.4652,60.34,0,1.0,0,0.2457,1.0,0.7168,3.26,2.0,0.1031,8.79
WRK-06342,0.427,21.93,0,0.5615,0,0.6771,0.4623,0.8552,1.69,0.0,0.0922,2.24
WRK-06343,0.3601,54.78,0,0.7058,0,0.7271,0.5324,0.8478,3.46,0.0,0.0728,0.92
WRK-06344,0.374,66.42,0,0.8952,0,0.3625,0.8446,0.6158,1.13,3.0,0.2085,7.46
WRK-06345,0.5361,37.2,1,0.7542,0,0.8133,0.4827,0.8717,3.09,2.0,0.1059,12.35
WRK-06346,0.5689,45.91,0,0.6873,1,0.7218,0.3093,0.5019,0.74,3.0,0.195,2.7
WRK-06347,0.5033,80.26,1,0.9451,0,0.6627,0.2161,0.8097,1.27,0.0,0.0528,12.73
WRK-06348,0.4201,22.68,0,0.6195,0,0.42,0.6758,0.4838,1.74,0.0,0.3372,3.41
WRK-06349,0.6597,76.74,0,0.7925,0,0.9122,0.6585,0.6862,1.14,1.0,0.1012,2.83
WRK-06350,0.3487,67.7,0,0.7292,1,0.7745,0.3335,0.828,0.24,0.0,0.3136,2.2
WRK-06351,0.4578,135.27,0,1.0,0,0.828,1.0,0.7906,1.12,1.0,0.0406,10.92
WRK-06352,0.7734,94.42,0,0.9031,0,0.4975,0.6144,0.7428,1.64,3.0,0.1914,9.91
WRK-06353,0.608,21.31,0,0.9069,0,0.8198,0.4327,0.7472,3.39,1.0,0.3433,6.94
WRK-06354,0.4649,43.73,0,0.6136,0,0.4829,0.4833,0.5945,1.07,0.0,0.0281,0.65
WRK-06355,0.4874,39.89,0,0.5414,0,0.776,0.8005,0.8447,0.58,1.0,0.1757,5.93
WRK-06356,0.5815,85.07,0,1.0,0,0.1527,1.0,0.7997,0.84,0.0,0.257,8.86
WRK-06357,0.4653,48.93,0,0.67,0,0.6929,0.4766,0.806,9.04,1.0,0.3095,3.23
WRK-06358,0.6763,74.2,0,0.9986,0,0.2752,1.0,0.1878,59.85,6.4,0.7786,30.06
WRK-06359,0.7596,84.9,0,1.0,0,0.7807,0.4064,0.6378,3.35,1.0,0.1402,9.91
WRK-06360,0.6899,84.44,0,1.0,0,0.4388,0.7662,0.475,0.16,2.0,0.1255,9.49
WRK-06361,0.5847,92.11,0,0.9322,0,0.4801,0.5876,0.489,6.57,1.0,0.3139,11.19
WRK-06362,0.2544,16.39,0,0.5968,0,0.9978,0.9255,0.5072,1.05,0.0,0.0612,1.39
WRK-06363,0.2882,65.33,0,0.7047,0,0.9161,1.0,0.0739,150.0,7.4,0.8973,23.66
WRK-06364,0.4856,72.84,0,1.0,0,0.9169,0.7275,0.7763,7.22,0.0,0.1082,4.72
WRK-06365,0.4738,51.27,0,0.826,0,0.3325,0.9076,0.8392,0.91,0.0,0.2816,3.89
WRK-06366,0.5855,63.66,1,0.9534,1,0.547,0.3379,0.7572,0.19,3.0,0.2748,16.68
WRK-06367,0.5337,33.01,0,0.5751,0,0.6388,0.1755,0.8574,10.43,1.0,0.2235,0.52
WRK-06368,0.5622,22.55,0,0.7939,0,0.8744,0.9118,0.0802,56.36,3.4,0.6057,22.02
WRK-06369,0.828,77.21,0,1.0,1,0.5059,0.4632,0.16,49.65,6.4,0.7813,18.78
WRK-06370,0.7496,98.89,1,1.0,0,0.546,0.6565,0.8836,3.26,2.0,0.2336,20.46
WRK-06371,0.2947,14.09,0,0.5263,0,0.4789,0.4904,0.7675,1.02,1.0,0.0258,1.03
WRK-06372,0.7567,142.42,1,1.0,1,0.1563,1.0,0.878,0.2,1.0,0.4787,17.77
WRK-06373,0.4336,32.63,0,0.6216,1,0.7227,0.2065,0.7779,4.9,1.0,0.3735,0.96
WRK-06374,0.3562,32.51,0,0.6177,0,0.4372,0.8442,0.7448,4.05,0.0,0.0272,2.9
WRK-06375,0.4346,23.44,0,0.8641,1,0.5774,0.3147,0.8946,1.13,0.0,0.3687,5.33
WRK-06376,0.458,67.45,0,0.8416,0,0.2415,1.0,0.8835,0.03,2.0,0.1649,7.54
WRK-06377,0.4699,26.93,0,0.7416,0,0.4944,0.6297,0.225,64.44,6.6,0.849,19.65
WRK-06378,0.6397,39.03,0,0.8279,0,0.5205,0.4927,0.7419,3.23,0.0,0.2019,5.41
WRK-06379,0.6174,87.52,1,0.9262,0,0.0949,1.0,0.652,0.15,5.0,0.2815,22.04
WRK-06380,0.618,92.48,0,1.0,0,0.2253,1.0,0.6115,0.25,6.0,0.3915,13.59
WRK-06381,0.3101,94.45,0,1.0,0,0.6522,0.0537,0.8619,0.31,0.0,0.2173,6.21
WRK-06382,0.5608,61.17,0,0.9479,0,0.5092,0.5962,0.81,1.94,1.0,0.2158,3.88
WRK-06383,0.7644,114.45,0,0.9858,0,0.3447,0.7852,0.8039,3.01,1.0,0.3764,13.05
WRK-06384,0.6488,94.6,1,1.0,0,0.0718,1.0,0.8206,8.81,1.0,0.2605,16.38
WRK-06385,0.5373,37.17,0,0.8619,0,0.703,0.3733,0.7844,0.68,2.0,0.0653,4.99
WRK-06386,0.6178,102.62,0,1.0,0,0.2929,1.0,0.6618,2.04,3.0,0.3797,11.56
WRK-06387,0.6253,89.6,0,1.0,0,0.5519,0.425,0.775,2.83,1.0,0.0377,10.92
WRK-06388,0.4196,24.94,0,0.5401,1,0.7736,0.3179,0.9171,2.52,1.0,0.3862,0.66
WRK-06389,0.4464,32.81,0,0.8092,0,0.4771,0.5028,0.4314,1.34,0.0,0.3452,7.6
WRK-06390,0.3911,37.3,0,0.6285,1,0.8162,0.5758,0.818,2.45,1.0,0.0766,3.8
WRK-06391,0.4913,46.88,0,0.7657,0,0.6371,0.1095,0.8436,0.19,0.0,0.0513,0.35
WRK-06392,0.6628,95.62,1,0.995,0,0.4154,0.8282,0.8662,1.25,8.0,0.2266,21.58
WRK-06393,0.4,74.14,0,1.0,0,0.2936,0.9494,0.7254,0.66,0.0,0.3752,3.56
WRK-06394,0.7324,81.0,0,0.8989,0,0.541,0.35,0.9227,2.7,4.0,0.1894,10.97
WRK-06395,0.7084,48.98,0,0.9791,0,0.5125,0.3764,0.7691,3.16,2.0,0.2691,5.71
WRK-06396,0.6367,167.64,1,1.0,0,0.2248,1.0,0.6975,2.74,1.0,0.204,27.24
WRK-06397,0.5465,90.41,0,1.0,0,0.7914,0.6013,0.742,1.77,1.0,0.0194,8.12
WRK-06398,0.4738,34.25,1,0.8498,0,0.6568,0.102,0.841,0.61,1.0,0.1598,12.02
WRK-06399,0.6936,82.77,0,0.9431,0,0.7027,0.1961,0.908,0.68,1.0,0.0612,5.66
WRK-06400,0.402,17.78,0,0.6072,0,0.8839,0.6711,0.7094,0.66,0.0,0.0159,3.15
WRK-06401,0.7132,71.47,1,1.0,0,0.0555,1.0,0.8745,0.93,2.0,0.0038,16.02
WRK-06402,0.4239,43.02,0,0.7535,0,0.7755,0.3342,0.3149,1.27,1.0,0.1683,1.36
WRK-06403,0.406,51.0,0,0.9639,0,0.2725,0.9455,0.7681,6.13,0.0,0.1495,7.68
WRK-06404,0.4535,28.0,1,0.7024,1,0.6633,0.1382,0.357,2.04,3.0,0.2764,8.57
WRK-06405,0.4057,60.49,1,0.821,1,0.5283,0.3504,0.5218,6.19,4.0,0.2565,18.56
WRK-06406,0.3949,26.06,0,0.5918,0,0.911,0.6883,0.769,0.51,0.0,0.2474,3.77
WRK-06407,0.276,45.11,1,0.7675,0,0.1614,1.0,0.7801,1.57,2.0,0.2488,12.57
WRK-06408,0.3544,35.65,0,0.6827,0,0.546,0.2671,0.7792,0.52,1.0,0.084,2.69
WRK-06409,0.7308,91.6,0,1.0,0,0.7095,0.1664,0.7102,0.29,1.0,0.3351,6.38
WRK-06410,0.3227,15.17,1,0.5456,0,0.3209,0.9268,0.851,0.62,2.0,0.007,6.65
WRK-06411,0.5152,46.96,0,0.8328,0,0.3153,0.952,0.6853,0.4,3.0,0.1295,8.46
WRK-06412,0.4935,124.36,1,1.0,0,0.4496,0.7687,0.7264,0.17,1.0,0.3581,21.1
WRK-06413,0.6752,110.08,0,1.0,0,0.2494,1.0,0.6581,3.63,1.0,0.2966,14.5
WRK-06414,0.7063,127.36,1,1.0,0,0.4259,0.7738,0.6496,0.74,2.0,0.3426,17.84
WRK-06415,0.6894,44.24,0,0.8542,0,0.7574,0.3807,0.7023,0.56,0.0,0.0732,5.19
WRK-06416,0.6265,103.38,0,1.0,0,0.4699,0.4538,0.7439,0.42,1.0,0.0817,9.2
WRK-06417,0.6037,16.77,0,0.7309,0,0.5738,0.5302,0.7415,1.26,1.0,0.1717,3.13
WRK-06418,0.8046,119.37,1,1.0,0,0.099,1.0,0.6337,0.13,1.0,0.2245,17.57
WRK-06419,0.3223,20.1,0,0.5615,0,0.4545,0.5534,0.3107,22.11,5.6,0.6422,26.15
WRK-06420,0.6901,88.08,0,1.0,0,0.1791,1.0,0.5501,1.12,3.0,0.3547,8.81
WRK-06421,0.4113,41.48,0,0.6809,0,0.8297,0.5074,0.7382,2.75,0.0,0.1474,0.1
WRK-06422,0.3615,60.42,0,1.0,0,0.0871,1.0,0.9279,3.17,1.0,0.0606,7.97
WRK-06423,0.5136,44.54,1,0.7989,0,0.7745,0.5063,0.618,0.16,0.0,0.1395,12.43
WRK-06424,0.5021,37.34,0,0.7977,1,0.6489,0.067,0.7267,1.61,0.0,0.3619,3.06
WRK-06425,0.4218,14.91,0,0.6333,0,0.8668,0.5651,0.8299,2.47,2.0,0.135,1.5
WRK-06426,0.4375,75.42,0,0.9238,0,0.2925,0.9284,0.5508,0.45,2.0,0.1925,4.44
WRK-06427,0.389,24.09,0,0.4561,0,0.8798,0.8462,0.6774,0.65,0.0,0.0428,2.42
WRK-06428,0.6965,185.27,1,1.0,1,0.5901,0.4697,0.7896,5.31,8.0,0.206,19.98
WRK-06429,0.4618,59.78,0,0.6543,0,0.6684,0.5791,0.7161,8.01,0.0,0.1623,3.68
WRK-06430,0.5055,20.65,0,0.8737,1,0.909,0.6933,0.8277,1.56,0.0,0.0125,4.51
WRK-06431,0.5728,39.04,0,0.7429,0,0.4733,0.5816,0.8977,3.18,0.0,0.3762,0.94
WRK-06432,0.5053,30.27,1,0.6823,0,0.1659,1.0,0.8844,3.59,1.0,0.0152,11.12
WRK-06433,0.5342,90.6,0,1.0,0,0.815,0.5156,0.7015,3.57,3.0,0.1944,10.15
WRK-06434,0.4126,66.99,0,0.9678,1,0.3185,1.0,0.6456,3.45,0.0,0.1395,4.69
WRK-06435,0.5684,76.2,1,0.8773,0,0.1064,1.0,0.7498,1.67,2.0,0.0279,11.22
WRK-06436,0.6939,175.43,1,1.0,1,0.2275,1.0,0.8198,1.7,3.0,0.3153,16.97
WRK-06437,0.4549,51.62,0,0.7355,0,1.0,0.9376,0.7862,0.73,1.0,0.0941,1.84
WRK-06438,0.3385,59.22,0,1.0,0,0.7592,0.3599,0.5357,3.02,1.0,0.263,5.05
WRK-06439,0.7596,99.09,1,1.0,0,0.05,1.0,0.74,3.05,3.0,0.0049,19.88
WRK-06440,0.583,80.94,0,1.0,0,0.4258,0.6068,0.692,0.95,3.0,0.3089,7.42
WRK-06441,0.4961,46.73,0,0.8518,1,0.4924,0.6022,0.7806,0.59,1.0,0.0562,5.23
WRK-06442,0.4259,69.49,0,1.0,0,0.6601,0.034,0.7074,0.73,1.0,0.2508,3.21
WRK-06443,0.5864,108.68,1,1.0,1,0.1143,1.0,0.9094,2.94,6.0,0.6658,17.92
WRK-06444,0.474,63.93,1,0.824,0,0.1004,1.0,0.3435,52.72,13.2,0.8276,37.31
WRK-06445,0.7077,83.46,1,1.0,0,0.5074,0.6414,0.8573,3.64,6.0,0.2143,10.17
WRK-06446,0.4854,48.46,0,0.8759,0,0.1935,1.0,0.8271,0.13,1.0,0.1865,4.89
WRK-06447,0.5281,85.43,1,1.0,0,0.3741,0.7013,0.8703,0.23,5.0,0.2148,13.2
WRK-06448,0.4874,41.08,1,0.6874,1,0.6184,0.303,0.7945,2.54,4.0,0.1767,7.66
WRK-06449,0.4594,26.05,0,0.8831,1,0.5691,0.3459,0.6415,2.08,1.0,0.2304,7.54
WRK-06450,0.5677,35.94,0,0.9331,0,0.5628,0.3312,0.22,14.54,7.0,0.7203,19.66
WRK-06451,0.4209,75.66,0,0.7273,0,0.9052,0.7316,0.4393,2.42,0.0,0.0416,3.18
WRK-06452,0.4421,47.06,1,0.7457,0,0.5577,0.4998,0.4583,6.25,2.0,0.3939,8.0
WRK-06453,0.4492,9.3,0,0.7067,1,0.9131,0.7424,0.2777,70.38,3.2,0.715,14.81
WRK-06454,0.4779,39.95,0,0.8023,0,0.6327,0.091,0.6781,0.67,0.0,0.2856,3.83
WRK-06455,0.7919,78.78,0,0.8778,1,0.4955,0.8174,0.7534,2.41,0.0,0.187,3.88
WRK-06456,0.584,41.45,0,0.9326,0,0.506,0.4175,0.8375,6.38,0.0,0.1038,8.77
WRK-06457,0.4712,45.41,0,0.9601,0,0.4165,0.6872,0.5731,0.27,1.0,0.0226,7.04
WRK-06458,0.3798,67.98,0,0.7822,1,0.4051,0.6564,0.7853,2.81,0.0,0.2167,5.02
WRK-06459,0.3412,85.76,0,1.0,0,0.4016,0.6556,0.6944,0.64,1.0,0.0602,4.86
WRK-06460,0.7872,115.35,1,0.958,0,0.6225,0.1293,0.6357,0.98,3.0,0.1901,16.32
WRK-06461,0.5242,21.91,0,0.7684,0,0.71,0.5763,0.6991,1.17,0.0,0.375,3.18
WRK-06462,0.7205,58.25,0,0.9593,1,0.7263,0.3389,0.7294,5.74,1.0,0.3732,4.92
WRK-06463,0.6043,19.73,0,0.7708,0,0.8204,0.7929,0.801,0.64,0.0,0.2274,2.49
WRK-06464,0.6204,88.01,0,1.0,1,0.4818,0.4831,0.8265,2.23,2.0,0.1601,7.46
WRK-06465,0.4761,31.08,0,0.8087,0,0.6245,0.1373,0.5894,0.08,1.0,0.1478,8.03
WRK-06466,0.7738,95.34,1,0.9423,0,0.0837,1.0,0.7848,0.58,3.0,0.1284,15.04
WRK-06467,0.5032,56.74,0,1.0,0,0.1553,1.0,0.7532,4.89,0.0,0.2051,4.79
WRK-06468,0.6736,96.92,1,0.9869,0,0.5605,0.291,0.7466,1.29,2.0,0.1034,14.72
WRK-06469,0.6399,88.04,1,1.0,0,0.1368,1.0,0.8808,1.23,5.0,0.1256,20.38
WRK-06470,0.6369,41.0,0,0.8621,0,0.5749,0.5454,0.8125,0.13,0.0,0.3062,9.16
WRK-06471,0.7947,126.55,0,1.0,0,0.5067,0.601,0.5733,2.43,2.0,0.3265,13.57
WRK-06472,0.4327,28.94,0,0.7756,0,0.3154,1.0,0.8415,0.08,0.0,0.3263,2.11
WRK-06473,0.8107,65.79,1,1.0,0,0.05,1.0,0.8412,1.75,2.0,0.0314,18.16
WRK-06474,0.4573,20.13,0,0.5576,0,0.9979,0.9047,0.6763,10.08,0.0,0.3732,3.17
WRK-06475,0.5378,34.53,0,0.8475,0,0.5256,0.4187,0.5798,0.06,1.0,0.0245,6.77
WRK-06476,0.3847,62.06,0,1.0,0,0.3432,1.0,0.6209,1.38,1.0,0.1773,8.47
WRK-06477,0.6343,27.63,0,0.7655,1,0.4103,0.998,0.5218,1.03,0.0,0.0026,3.17
WRK-06478,0.5181,99.42,0,1.0,1,0.115,1.0,0.7953,1.02,2.0,0.0108,8.67
WRK-06479,0.2834,54.93,0,0.7119,0,0.8284,0.7579,0.7938,0.45,0.0,0.1644,3.92
WRK-06480,0.4614,72.42,0,0.9566,1,0.7781,0.3687,0.8782,2.25,1.0,0.2653,5.58
WRK-06481,0.6501,36.59,0,0.6173,0,0.5227,0.3511,0.7827,0.65,1.0,0.3728,2.08
WRK-06482,0.3813,27.19,0,0.494,0,0.6098,0.2442,0.5566,2.05,0.0,0.0166,2.1
WRK-06483,0.3206,10.74,0,0.5387,0,0.695,0.4293,0.72,0.45,0.0,0.0721,3.05
WRK-06484,0.5693,95.84,0,0.924,0,0.2343,1.0,0.8308,0.42,2.0,0.2498,10.96
WRK-06485,0.5418,74.53,1,0.7013,1,0.442,0.5666,0.6991,2.07,2.0,0.3762,5.69
WRK-06486,0.4478,48.12,0,0.6677,0,0.616,0.1057,0.7273,0.51,0.0,0.3374,3.02
WRK-06487,0.5626,61.8,0,0.7889,0,0.7212,0.5082,0.1749,69.17,6.3,0.8078,17.01
WRK-06488,0.4999,61.3,0,1.0,0,0.8143,0.6029,0.8665,0.62,0.0,0.1353,3.67
WRK-06489,0.6503,20.45,0,0.9045,0,0.4843,0.8047,0.7282,0.62,1.0,0.2088,9.23
WRK-06490,0.6521,87.99,0,1.0,1,0.3096,0.9686,0.1879,25.54,6.6,0.8793,32.59
WRK-06491,0.393,0.0,0,0.54,0,0.7856,0.4084,0.8344,0.14,2.0,0.0001,2.52
WRK-06492,0.673,81.28,0,0.8312,1,0.3854,0.8668,0.3118,42.15,10.7,0.861,34.44
WRK-06493,0.5906,47.61,0,1.0,0,0.1244,1.0,0.7327,0.57,1.0,0.3132,10.5
WRK-06494,0.5055,79.15,0,1.0,0,0.4494,0.6113,0.6585,1.54,1.0,0.2579,6.72
WRK-06495,0.43,88.15,0,1.0,0,0.2128,1.0,0.7399,2.2,2.0,0.3773,9.87
WRK-06496,0.4551,53.96,0,0.7374,0,0.7005,0.2191,0.4314,1.56,2.0,0.012,2.21
WRK-06497,0.5159,87.12,0,0.9376,0,0.3946,0.642,0.8131,5.88,1.0,0.3949,10.55
WRK-06498,0.1943,40.15,0,0.5971,0,0.9195,0.6769,0.6937,3.2,0.0,0.0398,0.69
WRK-06499,0.5465,85.08,0,1.0,0,0.2647,1.0,0.6644,1.18,4.0,0.0158,11.9
WRK-06500,0.65,158.16,1,1.0,0,0.4429,0.6781,0.8164,1.6,6.0,0.3577,23.11
WRK-06501,0.6991,74.65,1,0.9043,0,0.4104,0.6522,0.9026,0.42,1.0,0.0068,11.06
WRK-06502,0.4465,12.37,0,0.5887,1,0.9965,1.0,0.6061,1.91,1.0,0.0705,2.19
WRK-06503,0.7618,105.52,0,0.9795,0,0.5262,0.3294,0.8907,0.21,2.0,0.1112,10.07
WRK-06504,0.6928,76.73,0,1.0,0,0.7464,0.3876,0.4896,0.13,0.0,0.2637,4.32
WRK-06505,0.8342,88.11,0,0.9574,1,0.4175,0.6194,0.6836,2.49,3.0,0.1894,10.42
WRK-06506,0.5202,75.6,1,1.0,0,0.05,1.0,0.5434,3.45,2.0,0.3724,9.66
WRK-06507,0.4042,1.93,0,0.5889,0,0.6166,0.355,0.7676,0.71,1.0,0.0925,3.35
WRK-06508,0.6992,92.73,1,1.0,0,0.4169,0.6185,0.5866,0.32,6.0,0.2247,16.86
WRK-06509,0.2972,28.3,0,0.7257,1,0.4786,0.4413,0.5108,1.96,0.0,0.2472,0.34
WRK-06510,0.7965,98.85,0,1.0,0,0.2787,0.9551,0.7756,1.95,2.0,0.3034,12.09
WRK-06511,0.2844,81.95,0,1.0,0,0.2634,1.0,0.6721,0.84,2.0,0.1776,11.96
WRK-06512,0.4031,52.87,1,0.6671,0,0.5029,0.3764,0.9003,3.15,0.0,0.3583,16.11
WRK-06513,0.7218,104.95,1,1.0,0,0.1463,1.0,0.7888,2.49,2.0,0.1976,22.76
WRK-06514,0.6568,86.67,0,1.0,0,0.7035,0.3898,0.613,0.64,3.0,0.0738,13.22
WRK-06515,0.4139,69.44,0,0.6305,0,0.7494,0.3661,0.6297,1.19,1.0,0.28,0.31
WRK-06516,0.6272,53.35,0,1.0,0,0.826,0.5546,0.7632,0.08,3.0,0.375,9.03
WRK-06517,0.5683,59.17,0,1.0,0,0.9273,0.8697,0.8493,7.44,2.0,0.3407,6.48
WRK-06518,0.5951,83.16,0,1.0,0,0.1399,1.0,0.9248,0.09,1.0,0.3673,8.36
WRK-06519,0.5124,28.15,0,0.8251,1,0.4657,0.4835,0.7847,3.27,2.0,0.1707,4.51
WRK-06520,0.6178,95.54,0,1.0,0,0.291,1.0,0.238,81.32,10.2,0.8338,20.38
WRK-06521,0.7764,151.42,1,1.0,0,0.5558,0.5049,0.531,0.29,2.0,0.4054,23.63
WRK-06522,0.7,110.05,0,1.0,1,0.209,1.0,0.6679,3.5,2.0,0.0425,13.36
WRK-06523,0.3927,27.34,0,0.8117,1,0.5386,0.2898,0.6806,0.11,1.0,0.3208,2.09
WRK-06524,0.4081,75.4,0,0.7371,0,0.2395,1.0,0.5793,4.54,0.0,0.17,4.07
WRK-06525,0.5151,43.52,0,1.0,0,0.4499,0.6127,0.8577,1.85,0.0,0.0048,5.36
WRK-06526,0.7971,102.77,1,1.0,0,0.05,1.0,0.7482,8.03,7.0,0.1913,24.45
WRK-06527,0.7141,97.36,0,1.0,1,0.6543,0.0629,0.792,0.32,1.0,0.3185,9.87
WRK-06528,0.6502,94.65,0,1.0,0,0.4857,0.4142,0.7848,1.03,3.0,0.3116,9.58
WRK-06529,0.6089,33.7,0,0.705,0,1.0,0.8769,0.7587,0.19,1.0,0.25,4.78
WRK-06530,0.4805,59.45,0,0.9925,0,0.8517,0.5901,0.7459,0.75,3.0,0.0161,3.07
WRK-06531,0.7776,111.6,0,1.0,0,0.7363,0.3995,0.5915,2.86,0.0,0.0947,11.15
WRK-06532,0.5068,21.78,0,0.8312,0,0.554,0.6234,0.7643,2.83,0.0,0.0277,3.53
WRK-06533,0.7352,76.75,0,0.8355,1,0.4479,0.5309,0.6531,0.65,1.0,0.1474,8.5
WRK-06534,0.4335,4.56,0,0.7342,1,0.4583,0.8681,0.6243,2.39,1.0,0.2696,3.64
WRK-06535,0.343,11.94,0,0.4677,0,0.7388,0.2662,0.6858,1.73,0.0,0.084,1.88
WRK-06536,0.3533,83.48,0,0.8662,0,0.287,0.9483,0.9008,1.37,0.0,0.3417,5.31
WRK-06537,0.4316,76.62,0,0.9756,0,0.3647,0.7716,0.7338,1.35,1.0,0.112,2.8
WRK-06538,0.48,13.4,0,0.5731,0,0.432,0.6234,0.8055,9.05,4.0,0.3954,1.93
WRK-06539,0.431,91.13,0,1.0,0,0.1874,1.0,0.6158,0.52,2.0,0.3604,8.78
WRK-06540,0.6075,32.31,0,0.9043,0,0.4797,0.6231,0.8496,1.33,1.0,0.0967,9.67
WRK-06541,0.5014,4.95,0,0.5537,0,0.5955,0.4007,0.5678,0.42,1.0,0.1315,3.37
WRK-06542,0.3778,28.96,1,0.5952,0,0.2414,1.0,0.4766,1.2,5.0,0.1581,9.83
WRK-06543,0.5595,51.02,0,1.0,1,0.8275,0.7129,0.7373,0.61,1.0,0.2494,9.6
WRK-06544,0.6925,86.17,1,1.0,0,0.3596,1.0,0.6305,0.7,5.0,0.0913,15.34
WRK-06545,0.5593,26.16,0,0.93,1,0.382,1.0,0.8451,3.52,0.0,0.3974,7.77
WRK-06546,0.46,38.34,0,0.5602,0,0.8084,0.4158,0.8164,3.22,0.0,0.2879,3.09
WRK-06547,0.5472,57.53,0,0.6742,1,0.7112,0.4022,0.6788,0.14,0.0,0.094,0.0
WRK-06548,0.349,39.34,1,0.6294,1,0.3481,1.0,0.5769,3.42,5.0,0.2734,9.2
WRK-06549,0.5733,108.93,1,1.0,1,0.5037,0.5352,0.8587,0.16,1.0,0.5249,16.23
WRK-06550,0.3186,30.0,0,0.5982,1,0.4008,0.6829,0.6656,0.59,0.0,0.2492,3.11
WRK-06551,0.7296,75.37,0,0.8812,0,0.6213,0.1798,0.6696,0.34,0.0,0.0893,3.27
WRK-06552,0.5403,43.85,0,0.6728,1,0.3057,1.0,0.6135,2.72,0.0,0.2997,6.14
WRK-06553,0.507,55.62,0,0.9408,0,0.3258,1.0,0.7834,0.03,2.0,0.2155,4.39
WRK-06554,0.5091,86.03,0,0.9589,0,0.5086,0.4146,0.564,1.55,2.0,0.0353,8.43
WRK-06555,0.626,80.35,0,0.7941,0,0.9215,0.8265,0.6621,0.16,2.0,0.1694,8.18
WRK-06556,0.6938,88.07,0,0.9231,0,0.7173,0.2191,0.8791,2.37,1.0,0.0098,4.08
WRK-06557,0.5447,22.77,0,0.6667,0,1.0,0.8989,0.6937,1.91,1.0,0.3718,4.88
WRK-06558,0.4944,104.67,0,0.9727,0,0.3347,0.8684,0.8554,0.08,2.0,0.2577,9.74
WRK-06559,0.3381,20.5,0,0.6003,0,0.9975,0.9521,0.5144,0.92,3.0,0.3188,5.11
WRK-06560,0.8011,111.73,1,1.0,0,0.05,1.0,0.619,0.46,2.0,0.4263,16.35
WRK-06561,0.4275,69.76,0,0.7731,0,0.412,0.8358,0.8764,2.46,0.0,0.2641,2.92
WRK-06562,0.4469,40.78,0,0.7993,0,0.5858,0.2823,0.8344,2.04,0.0,0.3726,0.04
WRK-06563,0.6927,117.71,1,0.8691,0,0.0921,1.0,0.7052,1.75,2.0,0.5615,18.7
WRK-06564,0.7619,101.74,1,0.9388,0,0.05,1.0,0.3393,1.5,5.0,0.4337,24.09
WRK-06565,0.7567,213.17,1,1.0,1,0.4497,1.0,0.2997,0.44,0.0,0.4536,21.14
WRK-06566,0.4058,47.52,0,0.823,0,0.6026,0.2138,0.6986,1.66,2.0,0.3443,4.39
WRK-06567,0.7498,100.08,0,1.0,0,0.8628,0.6101,0.5111,0.33,4.0,0.0234,13.62
WRK-06568,0.7833,150.21,1,1.0,0,0.7063,0.1754,0.6309,0.77,4.0,0.4186,17.5
WRK-06569,0.6424,9.53,1,0.8023,1,0.7499,0.4079,0.6829,0.78,2.0,0.2202,13.73
WRK-06570,0.5833,20.98,0,0.8952,1,0.5061,0.5849,0.5486,0.69,2.0,0.104,6.24
WRK-06571,0.3728,50.83,0,0.7821,0,0.4394,0.5576,0.6955,1.56,0.0,0.0132,1.84
WRK-06572,0.3351,64.98,0,0.7126,0,0.9415,0.8483,0.3404,25.19,8.9,0.8194,18.82
WRK-06573,0.6852,122.22,0,1.0,0,0.371,0.7018,0.7519,1.43,3.0,0.3611,9.9
WRK-06574,0.4152,44.84,0,0.7195,0,0.5269,0.4602,0.7716,0.01,3.0,0.0762,2.21
WRK-06575,0.5402,28.93,1,0.7144,0,0.5234,0.4285,0.8777,1.57,5.0,0.2412,6.76
WRK-06576,0.5901,80.54,1,0.6374,0,0.5702,0.222,0.199,97.16,10.6,0.9419,23.23
WRK-06577,0.6296,97.38,1,1.0,0,0.05,1.0,0.8048,2.98,3.0,0.1251,19.17
WRK-06578,0.5521,87.98,0,1.0,0,0.3335,1.0,0.6496,0.52,0.0,0.2418,10.83
WRK-06579,0.3004,34.88,0,0.9802,0,0.1692,1.0,0.6045,1.6,2.0,0.3922,4.55
WRK-06580,0.6695,81.9,0,0.9514,1,0.1897,1.0,0.7798,2.67,2.0,0.0132,6.98
WRK-06581,0.8656,107.38,1,0.9969,0,0.2278,1.0,0.1609,34.9,10.6,0.9097,35.88
WRK-06582,0.6237,56.03,0,0.9931,0,0.7455,0.4638,0.8207,1.02,2.0,0.3024,6.36
WRK-06583,0.5717,80.64,1,0.877,0,0.5584,0.4415,0.1017,42.2,12.5,0.676,32.56
WRK-06584,0.412,46.83,0,0.6681,0,0.4212,0.7725,0.789,0.79,3.0,0.1345,0.0
WRK-06585,0.2828,28.55,1,0.7121,1,0.0666,1.0,0.6868,0.71,1.0,0.1781,12.47
WRK-06586,0.545,92.76,1,1.0,0,0.6763,0.4104,0.8122,0.46,6.0,0.1225,18.34
WRK-06587,0.5542,83.03,1,1.0,0,0.4387,0.9381,0.8656,3.07,5.0,0.0503,19.49
WRK-06588,0.662,95.82,1,0.946,0,0.3751,0.7239,0.8269,0.61,6.0,0.3675,15.68
WRK-06589,0.5354,30.54,0,0.7697,0,1.0,1.0,0.0607,52.77,7.8,0.6008,13.97
WRK-06590,0.7002,103.82,0,1.0,0,0.7686,0.4307,0.8446,1.64,1.0,0.2329,7.47
WRK-06591,0.7731,150.59,0,1.0,0,0.3073,0.9234,0.7832,4.03,3.0,0.223,12.47
WRK-06592,0.353,40.52,0,0.6364,1,0.651,0.127,0.8464,0.65,0.0,0.3417,1.05
WRK-06593,0.4829,62.77,0,1.0,0,0.6562,0.0716,0.7997,1.35,1.0,0.3382,3.26
WRK-06594,0.3625,64.93,0,0.8349,0,0.9758,1.0,0.7867,2.3,0.0,0.3649,7.82
WRK-06595,0.2724,24.73,1,0.5367,0,0.3983,0.7501,0.6982,3.81,1.0,0.179,10.93
WRK-06596,0.5601,113.47,0,0.9696,0,0.7315,0.3082,0.7645,0.97,5.0,0.0055,12.45
WRK-06597,0.5019,56.95,0,0.6981,0,0.5563,0.3352,0.8747,3.03,0.0,0.0528,2.38
WRK-06598,0.653,91.01,0,0.9019,1,0.4495,1.0,0.7832,1.15,3.0,0.0123,10.32
WRK-06599,0.4003,33.88,0,0.9341,0,0.603,0.5313,0.8608,0.28,0.0,0.2001,6.4
WRK-06600,0.715,116.09,1,1.0,0,0.1208,1.0,0.821,0.04,5.0,0.3097,20.09
WRK-06601,0.4501,30.96,0,0.8875,0,0.6383,0.0816,0.621,4.29,0.0,0.039,4.55
WRK-06602,0.5128,34.77,0,0.6811,1,0.4874,0.4306,0.8603,3.2,1.0,0.2446,1.81
WRK-06603,0.6337,104.13,0,0.9332,0,0.6971,0.2108,0.6493,0.11,0.0,0.1148,8.55
WRK-06604,0.5345,78.56,0,0.9918,0,0.6565,0.0675,0.1153,33.09,5.7,0.8944,29.51
WRK-06605,0.7671,82.48,1,0.8849,1,0.296,0.9428,0.4977,0.31,6.0,0.0944,21.06
WRK-06606,0.4036,60.92,0,1.0,0,0.5998,0.4545,0.8097,0.69,0.0,0.0243,6.35
WRK-06607,0.4561,42.67,0,0.7821,0,0.7513,0.4963,0.7499,2.36,0.0,0.3222,2.0
WRK-06608,0.4243,8.07,0,0.5651,0,0.4775,0.5733,0.4966,1.11,0.0,0.1429,4.24
WRK-06609,0.7292,88.19,1,1.0,0,0.4876,0.6015,0.7475,0.6,8.0,0.2478,19.95
WRK-06610,0.4289,55.32,0,0.5548,0,0.9988,1.0,0.5008,0.13,1.0,0.0229,5.06
WRK-06611,0.3736,185.7,0,1.0,0,0.1354,1.0,0.6277,1.13,2.0,0.3416,14.32
WRK-06612,0.7643,98.3,1,1.0,0,0.3341,1.0,0.4196,1.01,2.0,0.3514,25.28
WRK-06613,0.3411,30.24,1,0.6291,0,0.0719,1.0,0.7255,4.98,4.0,0.1055,13.79
WRK-06614,0.748,93.91,1,1.0,0,0.2333,1.0,0.0824,40.51,4.2,0.9306,29.02
WRK-06615,0.6236,18.08,0,0.7261,1,0.9394,0.9908,0.7997,2.15,0.0,0.1871,4.05
WRK-06616,0.7735,106.24,1,1.0,0,0.1151,1.0,0.8015,2.41,7.0,0.4582,18.02
WRK-06617,0.7079,78.44,0,0.8514,0,0.1738,1.0,0.6664,0.63,2.0,0.3274,4.51
WRK-06618,0.7014,228.79,0,1.0,0,0.2217,1.0,0.7787,4.3,5.0,0.1315,16.85
WRK-06619,0.5351,88.64,0,1.0,0,0.7902,0.4331,0.5446,1.0,2.0,0.063,7.79
WRK-06620,0.8396,75.44,1,1.0,0,0.1224,1.0,0.458,2.75,4.0,0.2574,17.57
WRK-06621,0.7173,103.63,1,1.0,0,0.3954,0.8243,0.0757,58.34,9.5,1.0,32.38
WRK-06622,0.3931,23.02,0,0.5786,1,0.8864,0.5917,0.5954,0.59,0.0,0.1758,1.79
WRK-06623,0.5246,49.02,0,0.6783,1,0.6994,0.127,0.7133,1.67,0.0,0.3571,2.06
WRK-06624,0.3408,24.54,0,0.5579,0,0.9925,0.9403,0.5051,0.81,1.0,0.1453,2.1
WRK-06625,0.5432,155.53,0,1.0,0,0.7221,0.1985,0.9258,2.19,1.0,0.35,8.77
WRK-06626,0.6895,80.88,0,1.0,0,0.2085,1.0,0.8556,0.35,3.0,0.1977,7.71
WRK-06627,0.4335,31.52,0,0.8123,0,0.8576,0.8157,0.5137,0.37,0.0,0.2433,5.2
WRK-06628,0.5534,92.52,1,0.8499,0,0.5273,0.6705,0.7731,2.11,0.0,0.1747,13.54
WRK-06629,0.72,97.54,0,0.9609,0,0.9213,1.0,0.6976,0.33,3.0,0.2423,12.34
WRK-06630,0.5945,121.33,0,1.0,1,0.9018,0.9825,0.7775,0.44,4.0,0.0492,14.64
WRK-06631,0.5496,62.64,0,0.8429,0,0.4317,0.7387,0.5431,2.65,1.0,0.1606,8.43
WRK-06632,0.8018,95.83,0,1.0,0,0.3371,0.8409,0.7352,4.12,2.0,0.228,11.86
WRK-06633,0.347,44.41,0,0.7759,0,0.7735,0.8152,0.8467,2.33,0.0,0.2747,4.12
WRK-06634,0.368,43.8,0,0.7781,1,0.2248,1.0,0.7154,2.22,1.0,0.3849,2.52
WRK-06635,0.5972,45.51,0,0.7244,0,0.5754,0.2724,0.7244,0.49,3.0,0.116,2.57
WRK-06636,0.6937,110.3,1,1.0,0,0.6311,0.141,0.4999,0.47,2.0,0.5731,13.1
WRK-06637,0.7272,96.95,1,1.0,0,0.2578,1.0,0.9143,1.1,3.0,0.3864,17.68
WRK-06638,0.781,111.12,1,1.0,0,0.2346,1.0,0.7968,0.39,7.0,0.4639,14.91
WRK-06639,0.3127,53.22,0,0.745,0,0.4441,0.5699,0.6407,5.79,0.0,0.2258,1.29
WRK-06640,0.4858,106.95,0,1.0,0,0.5442,0.3097,0.8751,1.85,3.0,0.2999,6.78
WRK-06641,0.4851,68.55,0,0.8671,0,0.813,0.728,0.8693,0.58,0.0,0.2784,5.99
WRK-06642,0.869,91.21,1,0.996,0,0.6609,0.3068,0.9039,3.1,3.0,0.1872,21.43
WRK-06643,0.2811,34.93,0,0.5622,0,0.3158,0.8734,0.8314,2.37,1.0,0.2945,3.37
WRK-06644,0.6495,90.66,1,0.7814,0,0.1018,1.0,0.8419,1.9,2.0,0.3729,19.91
WRK-06645,0.3757,72.44,0,0.7775,0,0.929,0.7007,0.7331,0.98,1.0,0.2574,3.73
WRK-06646,0.3172,41.23,0,0.631,0,0.9723,1.0,0.4777,0.64,0.0,0.2903,5.68
WRK-06647,0.6402,28.38,0,0.8302,1,0.4173,0.6439,0.1556,72.82,3.6,0.8825,20.52
WRK-06648,0.4521,80.56,0,0.8908,0,0.2148,1.0,0.6997,0.46,1.0,0.1764,6.16
WRK-06649,0.6056,97.5,0,1.0,0,0.6437,0.3507,0.8477,2.07,0.0,0.1347,8.83
WRK-06650,0.6086,112.64,1,1.0,0,0.1822,1.0,0.6039,1.43,3.0,0.5495,15.7
WRK-06651,0.5049,49.19,0,0.8188,0,0.7765,0.4473,0.6255,1.77,1.0,0.2364,9.29
WRK-06652,0.4121,56.63,0,0.8232,0,0.5277,0.3178,0.7966,1.12,1.0,0.2568,7.71
WRK-06653,0.2788,17.94,1,0.6659,0,0.6781,0.2367,0.8352,7.27,3.0,0.1559,8.6
WRK-06654,0.6593,93.95,0,0.8422,0,0.4909,0.5323,0.7052,1.13,1.0,0.1321,10.0
WRK-06655,0.6913,120.03,1,1.0,0,0.0583,1.0,0.7901,0.74,3.0,0.2196,22.01
WRK-06656,0.3894,66.01,0,0.6843,0,0.5131,0.6827,0.4861,0.79,0.0,0.1519,2.68
WRK-06657,0.3924,5.63,0,0.4717,0,0.3069,0.9902,0.6042,0.96,0.0,0.1845,1.83
WRK-06658,0.6692,109.76,1,1.0,0,0.4307,0.7783,0.7007,4.04,1.0,0.5241,22.87
WRK-06659,0.6055,111.46,1,1.0,0,0.0815,1.0,0.7667,1.67,4.0,0.2311,18.14
WRK-06660,0.5385,22.92,0,0.8901,0,0.2258,1.0,0.8218,1.66,0.0,0.3936,10.35
WRK-06661,0.8927,132.8,1,1.0,0,0.5368,0.3301,0.8187,1.0,1.0,0.5394,19.53
WRK-06662,0.5496,16.49,0,0.5531,1,0.5802,0.2677,0.6435,3.6,1.0,0.1884,3.27
WRK-06663,0.5957,143.66,1,1.0,0,0.3903,0.9059,0.5822,5.44,5.0,0.3057,17.61
WRK-06664,0.4068,46.7,0,1.0,0,0.4371,0.6116,0.3873,2.39,1.0,0.0363,8.53
WRK-06665,0.3152,49.85,0,0.8038,0,0.9817,0.922,0.7654,0.77,2.0,0.3556,3.92
WRK-06666,0.8046,128.58,0,1.0,0,0.8121,0.5413,0.2826,42.52,3.2,0.7522,30.25
WRK-06667,0.6881,105.39,0,1.0,0,0.3794,1.0,0.8124,2.52,2.0,0.0799,9.54
WRK-06668,0.5692,42.91,0,0.846,1,0.8757,0.5974,0.6247,2.52,2.0,0.2546,6.26
WRK-06669,0.8398,76.63,0,0.889,0,0.7146,0.2938,0.6744,2.21,1.0,0.0448,6.41
WRK-06670,0.4792,69.58,0,1.0,0,0.7694,0.3536,0.7887,0.22,2.0,0.3622,6.55
WRK-06671,0.6065,45.55,0,0.7915,0,0.9359,0.8815,0.6755,2.43,0.0,0.2952,4.16
WRK-06672,0.5216,62.0,0,1.0,0,0.4137,0.5984,0.5887,3.25,1.0,0.3089,4.9
WRK-06673,0.4329,58.24,0,1.0,0,0.4459,0.6105,0.7984,0.3,1.0,0.3904,5.43
WRK-06674,0.7347,138.68,1,1.0,0,0.5888,0.1867,0.8583,0.5,4.0,0.4726,17.71
WRK-06675,0.582,82.96,0,0.9754,0,0.4686,0.5002,0.7567,0.34,1.0,0.2577,10.81
WRK-06676,0.4872,11.03,1,0.602,0,0.5061,0.4127,0.189,44.75,9.5,0.7708,29.38
WRK-06677,0.403,42.06,0,0.7147,1,0.2702,0.9987,0.4105,0.85,1.0,0.2529,3.11
WRK-06678,0.4418,56.51,0,1.0,1,0.3523,0.7784,0.7129,0.49,0.0,0.278,5.55
WRK-06679,0.2929,10.58,0,0.5144,0,0.3376,0.8415,0.9338,4.97,0.0,0.0242,1.79
WRK-06680,0.5761,90.93,0,0.9288,0,0.1211,1.0,0.5825,3.32,2.0,0.2682,13.13
WRK-06681,0.5159,20.11,0,0.8521,1,0.3978,1.0,0.8123,0.41,1.0,0.1977,8.34
WRK-06682,0.2855,60.6,0,1.0,0,0.5262,0.4101,0.7958,7.38,0.0,0.0829,7.53
WRK-06683,0.3813,46.31,1,0.7627,0,0.5683,0.5813,0.4145,1.37,4.0,0.333,12.33
WRK-06684,0.4094,44.31,0,0.7327,0,0.739,0.2598,0.5635,0.81,1.0,0.157,0.0
WRK-06685,0.5432,81.7,0,0.9991,0,0.6834,0.0926,0.6912,0.49,1.0,0.1758,8.44
WRK-06686,0.5838,28.17,0,0.9231,0,0.3164,0.9349,0.8679,1.07,0.0,0.2161,7.13
WRK-06687,0.4934,41.31,0,0.8152,0,0.983,1.0,0.6939,1.66,1.0,0.3406,7.71
WRK-06688,0.6833,80.83,0,0.9824,1,0.1703,1.0,0.7171,1.32,1.0,0.0993,9.31
WRK-06689,0.3812,45.78,0,0.6448,0,0.4371,0.6179,0.8593,7.7,1.0,0.2475,1.5
WRK-06690,0.7689,92.37,0,0.8376,0,0.6097,0.1565,0.7524,3.24,3.0,0.3582,7.67
WRK-06691,0.6142,93.05,1,0.9117,0,0.6105,0.1071,0.3877,0.73,4.0,0.2251,14.8
WRK-06692,0.3424,54.05,0,0.7617,0,0.3462,0.9106,0.568,3.11,0.0,0.0824,3.22
WRK-06693,0.3597,62.26,0,0.7521,0,0.4855,1.0,0.1572,63.9,4.2,0.8973,21.17
WRK-06694,0.3314,69.6,0,0.9159,0,0.2475,1.0,0.721,0.19,4.0,0.2018,7.13
WRK-06695,0.5746,34.18,0,0.9546,0,0.3858,0.8862,0.7295,1.49,0.0,0.3094,5.21
WRK-06696,0.6662,69.43,1,0.9794,0,0.2214,1.0,0.7174,3.93,6.0,0.3114,13.97
WRK-06697,0.4826,29.08,0,0.4324,0,0.4301,0.5623,0.4662,0.61,3.0,0.2605,0.66
WRK-06698,0.5333,74.24,0,0.9374,0,0.4683,0.6355,0.8795,0.36,1.0,0.1513,7.02
WRK-06699,0.6718,141.41,1,1.0,0,0.3074,0.9875,0.8971,0.83,5.0,0.4263,19.68
WRK-06700,0.6741,70.39,1,0.9954,0,0.2889,1.0,0.8376,1.04,5.0,0.0796,15.13
WRK-06701,0.3592,25.45,0,0.528,0,0.8878,0.6638,0.8952,1.12,0.0,0.0368,2.64
WRK-06702,0.616,96.82,0,1.0,0,0.9275,0.6956,0.5475,2.15,0.0,0.0339,10.74
WRK-06703,0.7057,70.68,1,0.9192,0,0.0627,1.0,0.7721,3.45,1.0,0.3052,18.95
WRK-06704,0.7295,165.93,1,1.0,0,0.1946,1.0,0.636,7.85,4.0,0.3203,23.38
WRK-06705,0.4321,17.69,1,0.4234,0,0.7784,1.0,0.8392,0.58,2.0,0.0661,12.07
WRK-06706,0.6289,162.55,1,1.0,0,0.3324,0.8872,0.4968,3.44,5.0,0.3216,21.88
WRK-06707,0.7481,98.18,0,1.0,0,0.4488,0.5449,0.8787,0.79,5.0,0.3164,13.01
WRK-06708,0.4964,77.14,0,0.9479,0,0.5058,0.3673,0.09,78.5,6.5,0.7174,24.94
WRK-06709,0.5611,39.18,0,0.7352,0,0.8648,0.6165,0.6723,1.13,2.0,0.2327,2.88
WRK-06710,0.6253,151.98,1,1.0,0,0.5922,0.1799,0.1855,40.65,11.0,1.0,37.65
WRK-06711,0.5751,54.04,0,0.8982,1,0.3161,1.0,0.8628,0.28,0.0,0.0927,3.23
WRK-06712,0.644,63.81,0,0.9127,0,0.3443,0.8594,0.4554,2.7,0.0,0.031,6.07
WRK-06713,0.5612,89.8,0,0.7394,0,0.7343,0.2589,0.7618,4.67,1.0,0.2155,6.01
WRK-06714,0.7076,157.34,0,1.0,1,0.2053,1.0,0.2337,74.06,9.3,0.9355,29.52
WRK-06715,0.1498,25.93,0,0.4922,0,0.8963,0.6279,0.7041,1.13,3.0,0.1634,0.91
WRK-06716,0.7335,49.27,0,0.8493,0,0.3247,1.0,0.7145,1.43,0.0,0.1407,9.34
WRK-06717,0.5004,76.83,0,0.9244,0,0.4882,0.8258,0.7548,5.66,1.0,0.1892,6.18
WRK-06718,0.358,39.29,0,0.6747,0,0.8909,0.6589,0.7201,1.54,0.0,0.0248,1.46
WRK-06719,0.445,26.83,0,0.7942,1,1.0,1.0,0.8827,0.64,1.0,0.3395,1.17
WRK-06720,0.3828,53.22,0,0.6876,1,0.7755,0.4746,0.8502,1.87,0.0,0.0922,0.17
WRK-06721,0.5171,51.75,0,0.6837,0,0.5729,0.3906,0.0606,97.11,6.0,0.7087,10.3
WRK-06722,0.3314,89.64,0,1.0,1,0.6257,0.1037,0.5648,1.73,4.0,0.0658,7.13
WRK-06723,0.5212,39.29,0,0.7803,0,0.8877,0.6146,0.6482,0.02,0.0,0.0868,3.81
WRK-06724,0.4389,50.76,0,1.0,1,0.0798,1.0,0.8399,0.41,1.0,0.1799,6.46
WRK-06725,0.6065,82.27,0,1.0,1,0.6159,0.1325,0.6641,2.3,1.0,0.3306,6.39
WRK-06726,0.6845,97.39,1,0.811,0,0.7263,0.527,0.7869,3.43,3.0,0.3816,16.01
WRK-06727,0.3558,42.74,0,0.7489,0,0.9045,0.7619,0.8757,1.6,0.0,0.2113,4.87
WRK-06728,0.6123,65.58,0,0.8324,0,0.6429,0.5957,0.6913,0.0,0.0,0.2823,3.81
WRK-06729,0.6745,5.9,1,0.7641,1,0.7849,0.4399,0.6374,0.58,1.0,0.2509,3.45
WRK-06730,0.5371,66.13,0,1.0,0,0.6047,0.155,0.1894,92.11,8.2,0.6836,16.03
WRK-06731,0.3265,30.71,0,0.7614,1,0.5749,0.4951,0.7195,1.48,0.0,0.2046,2.28
WRK-06732,0.4586,72.95,0,1.0,0,0.8002,0.5038,0.6345,0.72,0.0,0.1194,5.8
WRK-06733,0.6312,82.73,0,1.0,0,0.2486,1.0,0.7617,1.01,0.0,0.0671,10.81
WRK-06734,0.357,33.92,0,0.7086,0,0.9721,0.9135,0.8742,2.67,1.0,0.2869,3.39
WRK-06735,0.3432,66.28,0,0.9395,0,0.5437,0.3743,0.8251,0.38,1.0,0.3642,6.02
WRK-06736,0.3458,45.23,0,0.7007,0,0.7246,1.0,0.6422,4.39,5.0,0.3031,0.0
WRK-06737,0.7911,79.94,0,0.8292,0,0.843,0.644,0.7943,3.73,1.0,0.2484,8.37
WRK-06738,0.5195,19.17,0,0.7108,1,0.9963,0.8934,0.7402,0.34,0.0,0.3238,2.68
WRK-06739,0.4717,71.75,0,0.9689,0,0.7775,0.585,0.73,2.06,0.0,0.1675,9.34
WRK-06740,0.6912,93.04,0,0.9948,0,0.4697,0.4895,0.7474,4.46,2.0,0.3367,12.62
WRK-06741,0.8975,76.96,1,1.0,1,0.4957,0.6716,0.3066,1.54,3.0,0.2608,19.37
WRK-06742,0.3807,26.79,0,0.516,0,0.8122,0.458,0.8288,0.1,1.0,0.0645,3.37
WRK-06743,0.7375,73.8,1,0.9386,0,0.1572,1.0,0.6387,6.0,0.0,0.2933,13.23
WRK-06744,0.6721,103.68,1,1.0,0,0.2168,1.0,0.8557,3.82,1.0,0.5699,17.81
WRK-06745,0.4292,50.33,0,0.7086,0,0.7996,0.7607,0.7507,0.69,2.0,0.2903,2.2
WRK-06746,0.451,53.04,0,0.8717,0,0.5615,0.586,0.8562,1.4,0.0,0.2194,5.73
WRK-06747,0.6581,160.98,1,1.0,0,0.05,1.0,0.5589,3.67,4.0,0.2708,20.97
WRK-06748,0.5337,33.02,0,0.8012,0,0.8258,0.4864,0.7821,1.06,0.0,0.2076,7.16
WRK-06749,0.551,67.76,0,1.0,0,0.5291,0.3671,0.796,1.34,0.0,0.0142,8.65
WRK-06750,0.586,118.0,0,1.0,0,0.7767,0.4368,0.4111,0.11,2.0,0.1603,10.52
WRK-06751,0.4,56.09,0,0.6406,0,0.3837,0.7688,0.7787,0.67,1.0,0.2602,4.63
WRK-06752,0.7367,102.91,0,0.9476,0,0.7159,0.3162,0.8973,3.83,4.0,0.0536,7.0
WRK-06753,0.584,88.55,0,1.0,0,0.4502,0.5508,0.7742,2.64,1.0,0.0419,11.75
WRK-06754,0.8076,112.44,0,1.0,0,0.3314,0.892,0.8811,0.13,3.0,0.1414,9.38
WRK-06755,0.4058,69.8,0,0.8184,0,0.5978,0.4466,0.5251,2.6,1.0,0.0494,0.28
WRK-06756,0.3668,11.53,0,0.5527,1,0.6931,0.206,0.8222,1.62,1.0,0.3804,3.35
WRK-06757,0.4893,80.24,1,1.0,0,0.139,1.0,0.7409,0.0,3.0,0.0338,14.76
WRK-06758,0.6501,65.6,1,0.8893,0,0.456,0.5268,0.848,5.25,2.0,0.0141,16.9
WRK-06759,0.5097,66.24,0,1.0,0,0.4515,0.544,0.9021,1.31,0.0,0.1816,6.29
WRK-06760,0.5196,9.88,0,0.461,0,0.6861,0.0989,0.8511,0.56,1.0,0.356,2.86
WRK-06761,0.7654,102.7,1,1.0,0,0.1394,1.0,0.5609,0.69,4.0,0.1981,15.37
WRK-06762,0.5701,57.55,0,1.0,0,0.3436,0.8402,0.8978,0.11,0.0,0.1289,7.8
WRK-06763,0.4533,30.48,0,0.7731,0,0.8673,0.5617,0.7031,2.6,0.0,0.1137,3.06
WRK-06764,0.4399,48.38,0,0.6646,0,0.6781,0.208,0.6288,1.89,0.0,0.0703,0.0
WRK-06765,0.7777,106.19,1,0.9992,0,0.05,1.0,0.8234,0.72,6.0,0.5602,21.29
WRK-06766,0.309,15.65,0,0.6002,0,0.7155,0.3392,0.82,2.75,0.0,0.008,1.32
WRK-06767,0.4772,62.62,0,0.7469,1,0.5143,0.3818,0.87,1.58,0.0,0.0452,2.67
WRK-06768,0.7087,82.73,0,1.0,0,0.3184,1.0,0.5098,4.36,3.0,0.1355,7.36
WRK-06769,0.672,135.29,1,1.0,0,0.4545,0.5754,0.8298,2.87,3.0,0.3016,17.14
WRK-06770,0.5237,25.83,0,0.7962,0,0.4514,0.5807,0.8789,1.93,1.0,0.2458,0.0
WRK-06771,0.5711,89.37,0,0.8737,0,0.4958,0.8235,0.7161,1.32,3.0,0.3498,13.27
WRK-06772,0.542,32.07,0,0.6574,0,0.4056,0.7137,0.8599,1.03,0.0,0.1632,1.7
WRK-06773,0.4305,26.85,0,0.6196,0,0.6325,0.1917,0.8413,0.48,1.0,0.3729,0.0
WRK-06774,0.6772,69.88,1,1.0,1,0.6545,0.0669,0.9141,0.41,2.0,0.3335,13.34
WRK-06775,0.347,10.63,0,0.4377,0,0.6816,0.2033,0.6867,3.93,2.0,0.3263,4.78
WRK-06776,0.383,3.94,0,0.5416,0,0.8889,0.9428,0.8313,2.14,2.0,0.0779,5.36
WRK-06777,0.6632,91.19,0,1.0,0,0.5269,0.4915,0.7828,0.25,3.0,0.1602,8.68
WRK-06778,0.712,129.66,1,0.9588,0,0.05,1.0,0.7084,0.36,3.0,0.5792,24.04
WRK-06779,0.6087,42.8,0,0.7795,0,0.8477,0.5739,0.833,2.55,0.0,0.2546,3.98
WRK-06780,0.4174,59.58,0,0.9108,0,0.303,0.8708,0.5377,1.22,0.0,0.3515,6.0
WRK-06781,0.2627,4.18,0,0.5625,0,0.6118,0.1085,0.8076,0.84,0.0,0.2948,0.0
WRK-06782,0.5567,29.88,0,0.7816,0,0.5529,0.3747,0.8343,1.9,0.0,0.3114,3.93
WRK-06783,0.5402,139.46,1,1.0,1,0.0569,1.0,0.6579,0.38,4.0,0.5246,20.67
WRK-06784,0.3741,73.38,0,0.7529,0,0.3642,1.0,0.6448,2.7,1.0,0.3031,5.71
WRK-06785,0.5093,23.61,0,0.9649,0,0.5169,0.4339,0.2405,63.86,8.4,0.983,16.34
WRK-06786,0.4193,15.66,0,0.61,0,0.8923,0.8111,0.6676,3.54,1.0,0.3683,4.76
WRK-06787,0.5586,60.42,0,0.667,0,0.6967,0.2592,0.6755,0.06,0.0,0.3057,3.09
WRK-06788,0.5644,138.66,1,1.0,0,0.05,1.0,0.5967,1.05,1.0,0.5141,20.66
WRK-06789,0.7319,16.71,0,0.8632,0,0.6578,0.0854,0.8623,2.92,0.0,0.3804,1.29
WRK-06790,0.3814,40.32,0,0.5855,0,0.2978,0.9132,0.9092,0.75,0.0,0.09,5.99
WRK-06791,0.4778,29.0,0,0.7816,0,0.3514,1.0,0.3931,1.84,0.0,0.2041,3.09
WRK-06792,0.2668,46.32,0,0.6189,0,0.8693,0.5798,0.2472,61.97,5.4,0.823,26.35
WRK-06793,0.5297,40.69,0,0.7868,1,0.6386,0.2782,0.8731,0.38,0.0,0.1744,4.45
WRK-06794,0.7233,113.71,0,1.0,0,0.4402,0.597,0.3456,52.92,7.2,0.6832,30.72
WRK-06795,0.3951,44.33,0,0.6411,0,0.6429,0.0415,0.8113,3.71,0.0,0.2143,0.92
WRK-06796,0.565,74.93,0,0.9698,0,0.5069,0.3825,0.8589,2.61,1.0,0.3698,7.94
WRK-06797,0.7259,92.62,1,1.0,1,0.2701,0.9824,0.7936,0.88,7.0,0.021,19.47
WRK-06798,0.4677,63.08,0,0.7156,0,0.6441,0.0741,0.1084,60.89,6.4,0.7977,15.53
WRK-06799,0.6611,88.69,0,1.0,0,0.256,1.0,0.1755,51.88,4.3,0.8559,21.18
WRK-06800,0.4939,57.94,0,0.736,1,0.4121,0.6786,0.3507,0.17,2.0,0.2313,4.42
WRK-06801,0.5406,40.23,0,0.6526,0,0.6788,0.274,0.582,2.29,0.0,0.2107,0.96
WRK-06802,0.6687,179.09,1,1.0,0,0.5781,0.2824,0.8557,3.81,4.0,0.3836,22.33
WRK-06803,0.7776,128.82,0,1.0,1,0.5962,0.1422,0.5841,2.86,2.0,0.3505,12.16
WRK-06804,0.4536,31.45,0,0.6788,0,0.4005,0.8446,0.774,0.77,0.0,0.1029,0.46
WRK-06805,0.684,67.86,1,0.9194,0,0.1726,1.0,0.6955,7.35,1.0,0.1289,16.57
WRK-06806,0.6579,114.61,1,1.0,1,0.1594,1.0,0.7595,0.34,3.0,0.2332,21.34
WRK-06807,0.6855,69.03,0,0.9106,1,0.8272,0.7036,0.6088,0.77,0.0,0.186,10.23
WRK-06808,0.1696,3.68,0,0.538,0,0.9628,0.8649,0.6875,0.13,0.0,0.0206,1.94
WRK-06809,0.7052,102.94,1,1.0,0,0.05,1.0,0.7251,0.4,4.0,0.5112,15.31
WRK-06810,0.2709,21.99,0,0.6303,0,0.5606,0.4341,0.8352,3.74,1.0,0.0696,2.04
WRK-06811,0.5801,48.41,1,0.6442,1,0.4556,0.5324,0.8101,3.31,3.0,0.0293,12.79
WRK-06812,0.5769,44.16,1,0.8391,1,0.3154,0.9234,0.5433,1.68,2.0,0.3363,12.8
WRK-06813,0.7482,115.66,1,0.9933,0,0.3139,1.0,0.7547,0.34,7.0,0.3949,20.43
WRK-06814,0.6309,84.66,1,1.0,0,0.4144,0.6339,0.8293,0.24,3.0,0.0806,17.28
WRK-06815,0.3994,57.54,1,1.0,0,0.3436,1.0,0.8664,4.22,1.0,0.1729,18.32
WRK-06816,0.4274,47.37,1,1.0,0,0.2624,1.0,0.893,2.01,3.0,0.1492,15.72
WRK-06817,0.5354,16.32,0,0.531,0,0.8273,0.6503,0.7051,4.18,2.0,0.2369,4.97
WRK-06818,0.5946,89.52,0,0.8472,0,0.6168,0.3077,0.8742,0.69,2.0,0.0134,7.58
WRK-06819,0.2116,54.73,0,0.7593,0,0.8067,0.5352,0.5588,0.67,1.0,0.2081,0.0
WRK-06820,0.8024,109.47,1,1.0,0,0.1022,1.0,0.7878,2.21,2.0,0.348,22.49
WRK-06821,0.57,52.1,0,0.7117,0,0.565,0.2776,0.3981,0.18,1.0,0.1537,0.5
WRK-06822,0.5327,55.28,0,0.6996,0,0.6652,0.1328,0.6544,3.45,1.0,0.2692,1.47
WRK-06823,0.4631,22.09,0,0.3891,0,0.9312,1.0,0.8106,2.48,3.0,0.0376,4.43
WRK-06824,0.6461,56.17,0,0.9061,1,0.1021,1.0,0.7715,0.51,0.0,0.2864,7.7
WRK-06825,0.6542,80.42,1,0.8412,0,0.5838,0.204,0.714,9.09,3.0,0.1854,15.56
WRK-06826,0.4839,68.42,0,0.9466,0,0.5101,0.3689,0.9173,0.52,0.0,0.223,4.42
WRK-06827,0.6522,80.75,1,0.969,0,0.4914,0.4045,0.7138,1.53,3.0,0.1908,24.75
WRK-06828,0.7697,95.13,1,1.0,0,0.0635,1.0,0.0892,57.71,8.3,0.6175,42.34
WRK-06829,0.6692,52.27,1,0.9126,0,0.4378,0.7781,0.4453,3.64,2.0,0.2448,13.11
WRK-06830,0.4655,80.28,0,1.0,0,0.3796,0.8633,0.8927,0.28,3.0,0.285,6.08
WRK-06831,0.5729,114.33,1,1.0,0,0.0747,1.0,0.6993,4.21,4.0,0.5173,20.04
WRK-06832,0.4699,21.24,0,0.8395,0,0.3096,1.0,0.4407,2.04,0.0,0.3415,4.35
WRK-06833,0.8271,82.78,0,0.8517,0,0.5915,0.3171,0.7973,0.09,0.0,0.0143,7.29
WRK-06834,0.7999,89.31,1,1.0,0,0.2614,1.0,0.8673,4.1,4.0,0.1752,24.02
WRK-06835,0.7198,77.78,1,0.96,1,0.6053,0.1273,0.7636,0.38,2.0,0.246,18.72
WRK-06836,0.4725,80.06,0,0.874,0,0.6615,0.2227,0.6917,0.02,1.0,0.3559,8.77
WRK-06837,0.3215,33.44,1,0.7478,0,0.174,1.0,0.7306,1.79,3.0,0.2171,10.59
WRK-06838,0.7714,98.56,0,1.0,1,0.423,0.7587,0.6468,1.03,3.0,0.2965,9.66
WRK-06839,0.8608,112.51,1,1.0,0,0.0929,1.0,0.6139,0.09,4.0,0.5622,15.57
WRK-06840,0.3277,55.55,1,0.6831,0,0.5503,0.2562,0.8446,0.59,3.0,0.3995,11.74
WRK-06841,0.5171,100.59,0,1.0,1,0.5574,0.8799,0.6031,5.57,5.0,0.1628,10.54
WRK-06842,0.4931,48.12,0,0.6956,0,0.6073,0.2566,0.824,2.35,0.0,0.1733,0.0
WRK-06843,0.7222,70.79,0,0.7663,0,0.497,0.5087,0.2946,2.66,0.0,0.0507,3.79
WRK-06844,0.6114,61.4,0,1.0,0,0.3598,0.9881,0.7038,6.82,1.0,0.3283,8.98
WRK-06845,0.6429,57.24,0,0.8038,0,0.5175,0.3714,0.4709,0.99,0.0,0.3878,6.92
WRK-06846,0.3813,75.66,0,0.7006,1,0.4319,0.8928,0.8968,0.26,3.0,0.2031,5.57
WRK-06847,0.7739,87.28,0,1.0,0,0.7528,0.5392,0.9265,1.88,2.0,0.0123,4.08
WRK-06848,0.6867,93.55,0,0.8542,1,0.8171,0.4291,0.4186,3.0,2.0,0.1251,6.33
WRK-06849,0.4294,63.39,0,1.0,1,0.7035,0.4481,0.6,0.23,0.0,0.1958,4.42
WRK-06850,0.5717,19.55,0,0.8322,1,0.346,0.831,0.7186,0.87,0.0,0.3027,6.76
WRK-06851,0.5337,79.9,0,1.0,0,0.7797,0.3697,0.539,0.03,0.0,0.3258,5.55
WRK-06852,0.6674,103.52,0,0.968,0,0.4296,0.6984,0.8203,1.2,1.0,0.3424,6.25
WRK-06853,0.3295,57.82,0,0.7672,0,0.4763,0.5832,0.8491,0.18,0.0,0.106,1.55
WRK-06854,0.6829,95.88,0,1.0,0,0.6255,0.3159,0.0554,60.47,8.7,0.9864,25.64
WRK-06855,0.4135,42.62,0,0.6429,0,0.2805,1.0,0.7994,0.58,0.0,0.3456,4.67
WRK-06856,0.3126,18.93,0,0.518,0,0.3052,1.0,0.8754,0.21,1.0,0.3179,1.35
WRK-06857,0.4251,43.4,0,0.6718,0,0.8828,0.7258,0.7342,24.81,0.0,0.3078,3.99
WRK-06858,0.4134,9.11,0,0.5833,1,0.4455,0.6709,0.8932,0.49,2.0,0.0932,3.7
WRK-06859,0.7584,90.08,0,0.9229,0,0.5813,0.2374,0.5847,0.33,2.0,0.2315,7.95
WRK-06860,0.3814,46.18,0,0.7284,0,0.5835,0.3383,0.3818,2.71,1.0,0.2115,1.06
WRK-06861,0.3538,50.99,0,0.579,0,0.9828,0.8971,0.7084,0.24,0.0,0.0145,4.75
WRK-06862,0.7744,81.39,0,0.8535,0,0.4423,0.5705,0.7215,1.78,2.0,0.3738,7.74
WRK-06863,0.5368,30.18,0,0.8559,0,0.3764,0.9658,0.6829,1.07,2.0,0.2973,9.13
WRK-06864,0.6524,83.24,1,0.9086,0,0.2707,0.9843,0.8215,1.67,3.0,0.2601,17.78
WRK-06865,0.366,16.62,0,0.5225,0,0.5921,0.1587,0.8257,0.64,0.0,0.2586,2.18
WRK-06866,0.4706,7.69,0,0.5181,0,0.7186,0.5544,0.8452,3.1,0.0,0.2293,1.09
WRK-06867,0.7737,140.42,0,1.0,0,0.7741,0.6316,0.6919,4.3,1.0,0.3731,15.95
WRK-06868,0.6391,10.6,0,0.742,0,0.7794,0.4781,0.8827,0.51,1.0,0.1138,3.66
WRK-06869,0.4021,30.74,0,0.7532,0,0.9538,0.8457,0.7324,6.71,2.0,0.2135,0.27
WRK-06870,0.6502,68.44,1,1.0,0,0.3325,0.9481,0.8916,0.28,5.0,0.1498,15.61
WRK-06871,0.704,27.14,0,0.8957,0,0.6453,0.1205,0.1743,87.48,3.5,0.9534,17.9
WRK-06872,0.7185,120.82,0,0.9947,1,0.8519,0.5523,0.8329,1.36,2.0,0.0577,11.36
WRK-06873,0.3435,29.5,0,0.5995,0,0.3621,0.8855,0.4222,5.87,0.0,0.0249,3.17
WRK-06874,0.5939,53.75,0,0.98,0,0.4871,0.444,0.7395,1.3,2.0,0.1792,4.01
WRK-06875,0.6372,71.03,1,1.0,0,0.4335,0.6762,0.6589,1.23,3.0,0.09,16.83
WRK-06876,0.5929,58.4,0,1.0,0,0.6311,0.1078,0.5097,1.29,0.0,0.1826,3.67
WRK-06877,0.7983,139.25,0,1.0,0,0.4842,0.474,0.2269,55.14,6.0,0.8303,36.85
WRK-06878,0.6463,119.17,0,1.0,0,0.6428,0.0816,0.6232,2.2,3.0,0.0999,11.09
WRK-06879,0.6965,71.35,1,0.8859,0,0.0926,1.0,0.491,6.55,1.0,0.0157,13.86
WRK-06880,0.7126,100.91,1,1.0,1,0.6215,0.3168,0.8247,0.87,1.0,0.1978,20.51
WRK-06881,0.6892,67.46,0,1.0,0,0.5785,0.5766,0.8862,1.28,0.0,0.3218,7.63
WRK-06882,0.4206,95.18,0,1.0,0,0.4058,0.6185,0.5638,1.13,1.0,0.0875,9.66
WRK-06883,0.5646,59.74,0,0.7707,0,0.2966,0.9267,0.7893,2.75,1.0,0.0371,3.18
WRK-06884,0.5514,28.14,0,0.9014,0,0.6521,0.0672,0.8566,9.01,0.0,0.353,2.49
WRK-06885,0.6207,107.07,0,1.0,0,0.14,1.0,0.8261,1.77,5.0,0.0536,11.26
WRK-06886,0.7104,89.94,1,1.0,0,0.2803,0.9456,0.7416,2.96,3.0,0.2287,16.12
WRK-06887,0.3802,13.95,0,0.5193,1,0.7712,0.5654,0.684,0.36,0.0,0.094,3.88
WRK-06888,0.3953,51.63,0,1.0,0,0.8393,0.4858,0.619,3.41,2.0,0.3595,4.22
WRK-06889,0.745,166.78,0,1.0,0,0.4759,0.7291,0.8656,0.84,1.0,0.3765,11.51
WRK-06890,0.4566,20.91,0,0.6067,0,0.8343,0.5276,0.8262,0.05,1.0,0.2966,2.94
WRK-06891,0.5691,37.32,0,0.8547,0,0.8531,0.5172,0.8602,0.72,0.0,0.1989,3.39
WRK-06892,0.4367,65.44,0,1.0,0,0.4638,0.535,0.7682,8.16,0.0,0.2578,4.03
WRK-06893,0.7081,76.21,0,1.0,0,0.2315,1.0,0.815,1.85,0.0,0.1382,5.5
WRK-06894,0.3996,61.28,0,0.4765,0,0.4378,0.5376,0.5427,2.96,1.0,0.3824,2.22
WRK-06895,0.4174,43.54,0,0.6152,0,0.632,0.6313,0.8282,3.44,1.0,0.0164,0.51
WRK-06896,0.5388,46.33,0,0.7525,0,0.5405,0.4625,0.4806,3.87,0.0,0.0711,3.8
WRK-06897,0.5018,54.43,1,1.0,0,0.1994,1.0,0.6171,1.44,2.0,0.1788,13.68
WRK-06898,0.3678,56.25,1,1.0,1,0.2822,1.0,0.9084,2.84,2.0,0.2229,9.55
WRK-06899,0.335,35.89,0,0.7316,0,0.6871,0.1139,0.5519,5.09,0.0,0.3677,2.37
WRK-06900,0.4633,59.64,1,0.8258,0,0.2902,1.0,0.7453,0.86,2.0,0.3889,10.13
WRK-06901,0.8099,101.57,1,0.938,0,0.2601,1.0,0.8743,0.33,1.0,0.4557,18.57
WRK-06902,0.5038,28.98,1,0.6527,0,0.6063,0.1207,0.9104,0.14,3.0,0.2656,6.32
WRK-06903,0.592,56.15,0,0.8657,0,0.5374,0.3381,0.7742,0.78,2.0,0.0616,5.23
WRK-06904,0.6604,96.47,0,0.9983,0,0.6471,0.04,0.6569,3.23,1.0,0.3477,8.48
WRK-06905,0.4611,58.71,0,0.7424,0,0.4784,0.434,0.6626,0.63,1.0,0.3162,3.11
WRK-06906,0.6036,99.19,0,1.0,0,0.3994,0.6441,0.6507,5.11,2.0,0.0334,9.07
WRK-06907,0.7544,74.21,0,1.0,0,0.5595,0.5168,0.8321,0.31,0.0,0.0762,5.49
WRK-06908,0.634,164.81,1,1.0,0,0.5577,0.3474,0.8884,0.98,4.0,0.5737,25.1
WRK-06909,0.545,13.62,0,0.8383,1,0.7847,0.3401,0.7227,0.16,1.0,0.0978,4.35
WRK-06910,0.6224,16.18,0,0.5828,0,0.488,0.4142,0.6538,2.75,0.0,0.1792,3.11
WRK-06911,0.4243,40.2,0,0.6749,1,0.4043,0.6214,0.4957,2.42,4.0,0.2251,4.27
WRK-06912,0.3809,68.44,0,0.844,0,0.6616,0.1817,0.6112,3.19,1.0,0.317,7.22
WRK-06913,0.5126,79.14,0,1.0,0,0.8418,0.7412,0.5516,1.35,0.0,0.2925,2.78
WRK-06914,0.3386,29.22,0,0.6898,0,0.8166,0.424,0.7997,0.78,0.0,0.3203,2.42
WRK-06915,0.4731,53.1,0,0.9634,1,0.5083,0.5196,0.8194,2.81,2.0,0.1009,6.53
WRK-06916,0.5483,9.33,0,0.6112,0,0.3851,0.8232,0.808,3.24,1.0,0.3233,0.0
WRK-06917,0.8053,85.83,0,0.9964,1,0.3626,0.7684,0.6347,2.17,1.0,0.0256,8.71
WRK-06918,0.7476,74.46,0,0.9572,0,0.6707,0.3193,0.7631,0.39,1.0,0.3974,4.39
WRK-06919,0.6887,95.96,0,1.0,0,0.2957,0.9226,0.7402,0.61,0.0,0.1613,10.06
WRK-06920,0.4251,51.56,0,0.8146,0,0.5032,0.4812,0.1044,95.71,9.1,0.7013,20.89
WRK-06921,0.6034,66.99,0,1.0,0,0.3513,0.9347,0.5977,3.32,2.0,0.2084,6.01
WRK-06922,0.7045,75.47,0,0.8163,0,0.9508,0.8962,0.818,1.29,0.0,0.2266,5.11
WRK-06923,0.4334,98.0,1,1.0,0,0.1129,1.0,0.614,3.48,5.0,0.2663,17.62
WRK-06924,0.6437,58.84,0,0.7263,0,0.4069,0.643,0.7554,0.28,0.0,0.3425,2.98
WRK-06925,0.4946,71.3,1,1.0,0,0.1666,1.0,0.6981,0.11,3.0,0.1679,16.9
WRK-06926,0.7475,136.99,0,1.0,0,0.6141,0.3861,0.8985,0.04,0.0,0.3806,9.43
WRK-06927,0.7669,107.37,0,0.9541,0,0.4353,0.5556,0.8287,1.35,2.0,0.3791,7.8
WRK-06928,0.5172,69.76,0,1.0,0,0.7089,0.6552,0.7914,0.05,2.0,0.3777,3.77
WRK-06929,0.4598,52.48,0,0.7181,0,0.741,0.4328,0.7049,2.15,0.0,0.3335,1.56
WRK-06930,0.4161,73.89,0,0.8283,0,0.5172,0.5656,0.5807,3.1,3.0,0.017,6.45
WRK-06931,0.6216,98.31,0,1.0,0,0.7981,0.437,0.9055,1.76,0.0,0.2878,9.31
WRK-06932,0.4724,37.98,0,0.7621,0,0.3089,0.8998,0.5662,2.78,2.0,0.3614,3.69
WRK-06933,0.8345,105.72,1,1.0,0,0.4195,0.8292,0.8247,3.5,4.0,0.3798,25.22
WRK-06934,0.5982,123.71,0,1.0,0,0.6154,0.1228,0.6057,3.76,0.0,0.1854,10.88
WRK-06935,0.6218,76.93,0,0.906,1,0.348,0.942,0.5122,2.94,2.0,0.2286,7.0
WRK-06936,0.5777,87.11,0,1.0,0,0.3448,0.8047,0.51,0.62,1.0,0.3407,8.93
WRK-06937,0.6434,104.93,1,0.9751,1,0.2995,1.0,0.5951,5.17,3.0,0.3753,27.1
WRK-06938,0.4472,85.44,0,1.0,0,0.2418,1.0,0.8931,4.21,2.0,0.1499,10.82
WRK-06939,0.4201,59.15,0,0.7874,0,0.8073,0.763,0.5903,1.53,0.0,0.3756,2.84
WRK-06940,0.3748,38.43,0,0.6902,0,0.6674,0.1413,0.8724,0.19,1.0,0.025,0.42
WRK-06941,0.3241,81.48,0,0.8358,0,0.7861,0.5139,0.5781,2.85,5.0,0.3656,12.58
WRK-06942,0.6369,74.54,1,0.7266,1,0.2536,1.0,0.8805,6.2,2.0,0.3212,11.14
WRK-06943,0.6684,97.18,0,1.0,0,0.4852,0.4784,0.5981,2.23,2.0,0.0405,9.11
WRK-06944,0.6979,93.32,1,0.9617,0,0.299,0.9066,0.2076,53.94,8.5,0.9142,24.75
WRK-06945,0.5426,48.52,0,0.7575,0,0.8909,0.7598,0.6005,0.62,2.0,0.177,1.62
WRK-06946,0.7972,105.02,0,0.9211,0,0.3684,0.7268,0.8179,0.12,1.0,0.0132,12.08
WRK-06947,0.801,53.27,1,0.7432,0,0.2551,1.0,0.7602,0.45,1.0,0.0184,15.44
WRK-06948,0.7532,56.05,0,0.7609,0,1.0,1.0,0.6286,1.67,0.0,0.053,4.38
WRK-06949,0.6681,86.18,0,0.8618,0,0.1902,1.0,0.613,1.4,3.0,0.0759,11.15
WRK-06950,0.6002,101.56,1,0.9655,0,0.4308,0.6735,0.8035,2.96,6.0,0.435,18.26
WRK-06951,0.4014,49.88,0,0.6051,0,0.915,0.9885,0.7165,1.77,1.0,0.0497,1.91
WRK-06952,0.7268,112.21,1,1.0,0,0.1347,1.0,0.7972,3.79,2.0,0.3361,19.79
WRK-06953,0.5158,49.34,1,0.8682,0,0.2505,1.0,0.7805,0.17,6.0,0.1653,17.11
WRK-06954,0.4998,61.8,0,0.8076,0,0.6512,0.0377,0.7944,0.31,0.0,0.2815,4.15
WRK-06955,0.6703,72.35,0,0.8644,0,0.6561,0.1213,0.7474,0.24,0.0,0.1651,4.74
WRK-06956,0.4429,23.62,0,0.717,1,0.9209,0.7632,0.678,2.2,0.0,0.0392,4.99
WRK-06957,0.6509,36.93,0,0.9907,0,0.4492,0.8,0.7232,0.73,0.0,0.0305,4.8
WRK-06958,0.4504,25.34,0,0.5168,0,0.5327,0.467,0.5138,5.58,1.0,0.2349,0.52
WRK-06959,0.4774,87.86,0,1.0,0,0.4242,0.611,0.6944,2.05,3.0,0.0852,12.26
WRK-06960,0.5833,85.37,0,0.9415,0,0.3075,1.0,0.7077,0.57,1.0,0.0314,7.46
WRK-06961,0.4114,48.88,0,0.9751,0,0.2083,1.0,0.6256,8.42,0.0,0.3442,4.74
WRK-06962,0.6255,88.33,0,0.9017,0,0.7581,0.5592,0.8492,3.05,1.0,0.0201,9.57
WRK-06963,0.5006,145.36,0,1.0,0,0.3498,0.9552,0.6696,0.92,1.0,0.035,9.6
WRK-06964,0.4416,53.66,1,0.7278,0,0.1263,1.0,0.8471,0.06,4.0,0.2194,8.18
WRK-06965,0.6068,89.68,1,1.0,0,0.05,1.0,0.5789,5.94,2.0,0.3874,18.59
WRK-06966,0.4097,51.12,0,0.8684,0,0.9547,0.7793,0.5457,3.65,0.0,0.2515,5.53
WRK-06967,0.3995,11.31,0,0.4694,0,0.217,1.0,0.6892,0.03,1.0,0.2952,2.91
WRK-06968,0.578,107.16,1,1.0,0,0.4064,0.7187,0.4962,3.44,2.0,0.4344,15.73
WRK-06969,0.6847,101.05,0,0.9172,0,0.7223,0.2101,0.6381,4.43,2.0,0.3658,12.04
WRK-06970,0.3754,29.78,0,0.6583,0,0.8602,0.559,0.6712,1.15,0.0,0.096,2.3
WRK-06971,0.4921,37.57,0,0.9462,0,0.3412,0.8609,0.6627,3.7,2.0,0.0996,4.84
WRK-06972,0.4043,36.83,0,0.706,0,0.7152,0.3349,0.7001,0.1,0.0,0.0808,0.95
WRK-06973,0.5814,42.36,0,0.8518,0,0.3497,0.8124,0.5955,0.29,1.0,0.1317,6.37
WRK-06974,0.3321,51.39,0,0.727,0,0.5237,0.3267,0.8859,0.27,1.0,0.0304,1.77
WRK-06975,0.4606,66.49,0,1.0,0,0.6716,0.319,0.1719,150.0,8.9,0.8399,18.66
WRK-06976,0.4374,49.34,0,0.6507,1,0.7685,0.33,0.9301,2.42,0.0,0.3601,0.0
WRK-06977,0.389,61.84,0,0.8309,0,0.6688,0.1172,0.7467,0.21,1.0,0.2271,4.29
WRK-06978,0.4174,25.98,0,0.9051,1,0.6315,0.1292,0.7653,8.19,0.0,0.2928,3.22
WRK-06979,0.5271,86.3,0,0.9279,0,0.7067,0.2505,0.7714,0.41,1.0,0.2437,7.23
WRK-06980,0.6466,88.74,0,1.0,0,0.8057,0.4499,0.6478,8.82,0.0,0.0978,10.18
WRK-06981,0.3745,58.87,0,1.0,0,0.6492,0.01,0.7091,2.17,1.0,0.3802,3.41
WRK-06982,0.6222,85.26,0,1.0,0,0.4272,0.6156,0.8337,0.57,0.0,0.2073,8.57
WRK-06983,0.5132,26.24,0,0.6664,0,0.4839,0.4168,0.8304,1.42,0.0,0.2906,3.09
WRK-06984,0.6097,133.4,0,1.0,0,0.4456,0.5122,0.8181,1.13,0.0,0.2784,9.87
WRK-06985,0.3574,2.37,0,0.4014,0,0.6484,0.0408,0.7031,6.57,1.0,0.1492,0.79
WRK-06986,0.6206,62.02,0,0.7793,0,0.7041,0.3276,0.7314,0.29,3.0,0.3205,1.13
WRK-06987,0.6827,126.71,1,1.0,0,0.4528,0.6129,0.6714,0.06,1.0,0.4199,15.01
WRK-06988,0.6206,92.01,0,1.0,0,0.254,1.0,0.6817,0.89,2.0,0.2379,7.2
WRK-06989,0.4674,68.08,0,0.8264,0,0.8073,0.7161,0.6815,0.18,2.0,0.0224,5.18
WRK-06990,0.5843,44.51,1,0.9331,0,0.2496,1.0,0.9154,1.93,3.0,0.3464,15.65
WRK-06991,0.7857,135.92,1,1.0,0,0.4837,0.5943,0.2383,41.61,8.0,1.0,38.7
WRK-06992,0.4075,73.98,0,0.7786,0,0.3183,0.9585,0.6951,1.22,2.0,0.1608,3.12
WRK-06993,0.4894,27.27,0,0.9843,1,0.6852,0.1203,0.9022,1.96,1.0,0.0359,4.72
WRK-06994,0.2897,47.94,0,0.6692,0,0.6587,0.0751,0.8302,1.64,2.0,0.2877,0.0
WRK-06995,0.4082,50.03,0,0.5708,0,0.5828,0.5129,0.7323,0.45,0.0,0.0393,4.11
WRK-06996,0.3375,68.34,0,0.8416,0,0.2904,0.9877,0.6761,0.09,1.0,0.3051,6.24
WRK-06997,0.4429,75.43,0,1.0,0,0.8452,0.5723,0.4652,8.84,1.0,0.2798,3.74
WRK-06998,0.6073,139.1,1,1.0,0,0.05,1.0,0.6817,2.64,4.0,0.2456,22.91
WRK-06999,0.7659,120.88,1,1.0,0,0.0514,1.0,0.4984,3.51,8.0,0.1407,15.98
WRK-07000,0.4093,60.24,0,0.7975,0,0.7882,0.4457,0.8026,0.01,0.0,0.265,5.22
WRK-07001,0.4118,20.06,0,0.6413,0,0.7377,0.6243,0.3426,25.77,5.2,0.7247,17.96
WRK-07002,0.5517,76.16,1,0.9043,0,0.5533,0.2921,0.2772,30.83,10.4,0.7582,23.76
WRK-07003,0.3905,11.97,0,0.6376,0,1.0,1.0,0.8639,1.68,0.0,0.3152,4.46
WRK-07004,0.5537,106.48,1,0.993,0,0.2102,1.0,0.8545,6.04,2.0,0.4868,21.28
WRK-07005,0.6459,69.73,0,0.7741,0,0.8938,0.6173,0.86,0.0,2.0,0.0768,2.64
WRK-07006,0.8969,92.76,0,1.0,0,0.1519,1.0,0.6936,4.72,3.0,0.0399,11.05
WRK-07007,0.7246,76.9,1,0.9546,1,0.5871,0.2184,0.6747,3.05,2.0,0.0941,14.26
WRK-07008,0.3897,60.64,1,0.7955,0,0.5355,0.4562,0.4753,1.91,3.0,0.3676,8.35
WRK-07009,0.6359,21.39,0,0.5148,0,0.9472,0.7778,0.7959,0.74,1.0,0.3694,4.16
WRK-07010,0.3268,22.92,0,0.6572,0,0.7563,0.2888,0.8096,4.18,2.0,0.3595,2.55
WRK-07011,0.8132,116.0,1,1.0,1,0.3737,0.6955,0.6917,0.18,4.0,0.5521,13.92
WRK-07012,0.5274,116.1,0,1.0,0,0.8017,0.3851,0.7869,4.04,2.0,0.178,11.61
WRK-07013,0.3805,48.02,0,0.6377,0,0.4914,0.5308,0.5913,4.57,0.0,0.0527,1.57
WRK-07014,0.5722,82.24,0,0.9364,1,0.3776,0.7446,0.6722,1.11,1.0,0.0091,8.29
WRK-07015,0.7006,77.7,1,0.8444,0,0.7524,0.3709,0.6986,1.76,2.0,0.1047,15.36
WRK-07016,0.4545,68.24,0,0.6949,0,0.9974,1.0,0.7765,0.11,1.0,0.2488,0.0
WRK-07017,0.6254,80.88,0,0.8972,0,0.6328,0.0999,0.6853,0.77,2.0,0.2402,10.27
WRK-07018,0.4874,66.28,0,0.7967,0,0.5942,0.2174,0.8033,3.86,2.0,0.2871,1.04
WRK-07019,0.6346,70.45,0,0.8718,0,0.1841,1.0,0.663,1.43,3.0,0.0407,4.81
WRK-07020,0.5061,53.85,0,0.9519,0,0.6095,0.4973,0.4584,0.12,0.0,0.2674,5.32
WRK-07021,0.7156,120.66,0,1.0,0,0.7684,0.3879,0.8015,0.08,1.0,0.212,9.65
WRK-07022,0.2613,12.02,0,0.6613,0,0.4205,0.6835,0.7147,0.48,0.0,0.3333,2.19
WRK-07023,0.5901,79.19,0,1.0,0,0.3522,0.9788,0.8298,0.48,1.0,0.314,6.97
WRK-07024,0.4043,42.32,1,0.4924,0,0.1319,1.0,0.6876,1.17,3.0,0.379,9.57
WRK-07025,0.7704,119.73,0,1.0,0,0.4188,0.8161,0.4521,0.27,3.0,0.259,11.64
WRK-07026,0.4937,0.0,0,0.4887,0,0.7576,0.3429,0.5781,0.31,1.0,0.0751,2.06
WRK-07027,0.5327,37.86,0,0.7007,0,0.4326,0.6554,0.7575,1.06,0.0,0.1188,2.8
WRK-07028,0.3547,41.78,0,0.5221,0,0.5921,0.5114,0.7919,0.46,1.0,0.3673,1.93
WRK-07029,0.6102,149.36,1,1.0,0,0.05,1.0,0.7262,2.4,3.0,0.3384,15.34
WRK-07030,0.4064,31.16,1,0.6083,0,0.5792,0.2514,0.818,1.23,7.0,0.2435,5.15
WRK-07031,0.3562,22.03,0,0.5725,0,0.8396,0.8455,0.7002,3.71,2.0,0.383,0.33
WRK-07032,0.4281,47.73,0,0.6912,1,0.7625,0.4749,0.7418,0.51,0.0,0.0111,0.0
WRK-07033,0.3725,16.5,1,0.6361,1,0.703,0.1787,0.9482,0.62,1.0,0.0668,9.79
WRK-07034,0.6941,100.01,1,0.9016,0,0.1243,1.0,0.7195,1.75,3.0,0.3488,16.78
WRK-07035,0.4049,63.36,0,0.719,0,0.9477,0.8312,0.7995,2.64,1.0,0.3834,3.39
WRK-07036,0.4882,36.63,0,0.8345,0,0.3386,1.0,0.6843,1.78,1.0,0.0702,10.53
WRK-07037,0.7545,126.41,0,1.0,0,0.4188,0.8599,0.7655,0.47,1.0,0.109,8.94
WRK-07038,0.4079,96.9,0,0.9202,0,0.0765,1.0,0.8943,0.95,4.0,0.1181,11.01
WRK-07039,0.4017,39.19,0,0.8025,0,0.9585,0.8453,0.5936,2.62,0.0,0.2761,6.22
WRK-07040,0.3579,47.8,0,0.6758,0,0.6458,0.1527,0.9112,0.53,1.0,0.0785,0.0
WRK-07041,0.7463,135.84,0,1.0,0,0.2352,1.0,0.9064,0.59,4.0,0.147,14.15
WRK-07042,0.6147,81.88,0,0.9964,0,0.4972,0.4205,0.7463,2.26,3.0,0.3551,8.26
WRK-07043,0.6051,247.65,1,1.0,0,0.6137,0.4072,0.6905,1.68,3.0,0.1991,23.16
WRK-07044,0.4461,66.59,0,0.6862,0,0.4988,0.4418,0.4521,5.02,0.0,0.0643,1.52
WRK-07045,0.4024,49.29,0,0.753,0,0.5534,0.2648,0.8728,1.08,0.0,0.0908,1.78
WRK-07046,0.6878,70.33,1,0.8421,0,0.1596,1.0,0.1146,31.46,10.3,0.7093,25.15
WRK-07047,0.6578,105.24,1,0.9734,1,0.1616,1.0,0.0909,79.97,7.5,1.0,43.65
WRK-07048,0.6462,141.96,1,1.0,0,0.579,0.2993,0.8183,0.25,3.0,0.483,18.44
WRK-07049,0.4157,45.2,0,0.8052,0,0.6817,0.1393,0.5781,0.78,3.0,0.0697,7.46
WRK-07050,0.5692,106.6,1,1.0,0,0.0633,1.0,0.6194,1.66,5.0,0.4259,16.43
WRK-07051,0.2877,22.69,0,0.5194,1,0.823,0.4717,0.6779,1.29,1.0,0.387,3.61
WRK-07052,0.6849,72.12,0,0.8113,0,0.8484,0.5632,0.7994,0.58,2.0,0.0175,3.3
WRK-07053,0.4245,35.93,0,0.6203,0,0.9342,0.8647,0.6381,1.15,0.0,0.2973,5.84
WRK-07054,0.6057,80.63,0,1.0,0,0.226,1.0,0.6404,2.84,2.0,0.264,10.93
WRK-07055,0.4408,36.89,0,0.6387,0,0.5726,0.2218,0.7873,0.89,1.0,0.0957,0.89
WRK-07056,0.6111,39.63,0,0.8671,0,0.668,0.1477,0.7678,4.22,0.0,0.018,5.42
WRK-07057,0.758,74.02,0,0.9225,0,0.1828,1.0,0.8055,0.34,0.0,0.2713,8.74
WRK-07058,0.474,57.5,0,0.7725,0,0.5346,0.5034,0.7704,1.92,0.0,0.2578,3.39
WRK-07059,0.431,7.87,0,0.4168,0,0.9568,0.9562,0.9166,0.42,0.0,0.0255,1.3
WRK-07060,0.8548,70.85,0,0.7737,0,0.4291,0.7309,0.8646,0.71,2.0,0.1884,5.51
WRK-07061,0.6559,92.91,1,0.9769,0,0.5055,0.6249,0.7262,2.29,4.0,0.3722,22.33
WRK-07062,0.6363,96.25,1,0.9788,0,0.6236,0.4998,0.8063,0.74,4.0,0.0293,21.13
WRK-07063,0.2573,18.34,0,0.5245,0,0.6801,0.168,0.8783,0.51,1.0,0.1142,1.68
WRK-07064,0.8605,114.69,0,1.0,0,0.6652,0.1118,0.8027,2.56,0.0,0.1086,10.45
WRK-07065,0.8615,87.92,1,0.9811,0,0.4853,0.4889,0.8453,3.31,3.0,0.0131,20.79
WRK-07066,0.606,131.76,0,0.9119,0,0.7002,0.4645,0.7658,3.55,1.0,0.1014,11.29
WRK-07067,0.6618,119.83,1,1.0,0,0.3957,0.7649,0.0746,50.08,14.5,0.8441,32.82
WRK-07068,0.5241,23.52,0,0.6758,0,0.3939,0.8138,0.7809,0.85,1.0,0.3147,2.52
WRK-07069,0.4979,43.09,0,0.7282,0,0.6133,0.348,0.8912,1.43,0.0,0.2147,3.21
WRK-07070,0.297,45.43,0,0.7181,0,0.8881,0.5967,0.7338,0.98,3.0,0.3789,4.52
WRK-07071,0.3227,47.98,0,0.9332,0,0.2725,1.0,0.9022,0.44,0.0,0.26,3.55
WRK-07072,0.6234,70.48,0,0.7021,0,0.4342,0.5626,0.5355,0.13,1.0,0.3263,4.05
WRK-07073,0.675,89.1,1,1.0,0,0.269,1.0,0.6839,5.22,3.0,0.3355,17.5
WRK-07074,0.5864,34.13,0,0.8876,0,0.3975,0.6435,0.587,0.2,0.0,0.0498,7.61
WRK-07075,0.3836,55.12,0,0.6657,0,1.0,1.0,0.5968,2.4,5.0,0.2261,3.33
WRK-07076,0.6873,84.49,1,1.0,0,0.7311,0.2465,0.6416,1.77,3.0,0.0964,16.87
WRK-07077,0.3289,45.32,0,0.747,0,0.3118,0.859,0.8337,0.15,3.0,0.3846,3.36
WRK-07078,0.4827,48.93,1,0.9222,0,0.05,1.0,0.854,3.78,1.0,0.2818,11.28
WRK-07079,0.5584,20.87,0,0.7292,1,0.7745,0.3785,0.292,65.74,8.4,0.8443,14.53
WRK-07080,0.2983,46.03,0,0.8668,0,0.2134,1.0,0.7619,2.64,1.0,0.2163,5.6
WRK-07081,0.4558,59.6,0,0.9032,0,0.2934,0.9925,0.3973,2.9,3.0,0.2431,7.07
WRK-07082,0.3509,18.01,0,0.7207,1,0.5375,0.4481,0.8201,2.71,2.0,0.2107,0.51
WRK-07083,0.3758,59.15,0,0.6612,0,0.5616,0.4471,0.62,2.04,2.0,0.3726,0.59
WRK-07084,0.6059,106.34,1,1.0,0,0.4227,0.6131,0.5978,2.57,7.0,0.6376,15.96
WRK-07085,0.5703,78.9,0,0.9735,0,0.3874,0.8291,0.6497,3.11,0.0,0.2491,8.41
WRK-07086,0.2342,8.86,0,0.5249,0,0.7502,0.5082,0.5034,0.9,2.0,0.2252,4.33
WRK-07087,0.6916,71.96,1,0.8535,0,0.4005,0.6602,0.3038,51.96,12.3,0.7183,22.43
WRK-07088,0.526,33.95,0,0.8377,0,0.2497,1.0,0.715,1.51,0.0,0.2703,5.3
WRK-07089,0.44,55.5,0,0.9549,0,0.3922,0.6601,0.8513,2.04,3.0,0.228,4.44
WRK-07090,0.485,84.64,0,1.0,0,0.1708,1.0,0.4606,1.08,2.0,0.187,9.62
WRK-07091,0.3764,61.31,0,0.6987,0,0.8098,0.4096,0.8465,0.42,2.0,0.011,1.74
WRK-07092,0.6431,101.4,1,0.7699,0,0.1057,1.0,0.6887,0.61,3.0,0.1835,16.21
WRK-07093,0.5074,80.55,0,0.7426,0,0.9063,0.8579,0.1044,56.11,4.2,0.9565,19.9
WRK-07094,0.7346,82.47,0,0.7936,0,0.9593,0.7937,0.7053,2.66,2.0,0.3954,8.18
WRK-07095,0.2814,0.0,0,0.5683,0,0.5567,0.5156,0.5042,0.2,0.0,0.0791,1.41
WRK-07096,0.3851,8.87,0,0.5048,1,0.8978,0.6395,0.8207,1.51,0.0,0.1446,2.94
WRK-07097,0.4853,43.18,1,0.9353,0,0.2196,1.0,0.5711,0.4,0.0,0.0541,15.24
WRK-07098,0.6889,120.68,1,1.0,0,0.0689,1.0,0.6609,0.53,4.0,0.291,19.0
WRK-07099,0.6422,26.43,0,0.8501,1,0.1577,1.0,0.8888,10.1,0.0,0.0643,5.44
WRK-07100,0.4925,33.53,0,0.6251,1,0.9151,0.7114,0.7152,0.17,0.0,0.0928,2.95
WRK-07101,0.7704,77.31,0,0.8879,0,0.4758,0.5665,0.8031,0.48,0.0,0.2335,6.3
WRK-07102,0.4764,57.89,1,0.794,0,0.9185,0.8272,0.8852,0.58,2.0,0.0304,12.48
WRK-07103,0.4317,68.77,1,0.9324,1,0.4738,0.4632,0.8318,0.31,1.0,0.0334,12.68
WRK-07104,0.5075,95.58,0,0.9591,0,0.6131,0.2669,0.677,0.27,1.0,0.2483,7.75
WRK-07105,0.4546,39.66,0,1.0,0,0.4005,0.6607,0.2239,56.49,7.4,0.8417,24.71
WRK-07106,0.462,54.49,0,1.0,0,0.3596,0.8563,0.1016,72.89,7.7,0.9681,16.3
WRK-07107,0.6479,28.69,0,0.7799,1,0.298,0.9023,0.6321,0.61,1.0,0.3673,3.98
WRK-07108,0.6095,81.65,0,1.0,0,0.3338,0.7995,0.9077,0.68,2.0,0.3981,12.32
WRK-07109,0.5012,37.85,0,1.0,0,0.5535,0.4145,0.7015,0.16,1.0,0.1293,6.27
WRK-07110,0.4981,78.84,0,1.0,0,0.2269,1.0,0.7769,1.73,2.0,0.1689,7.65
WRK-07111,0.8126,141.98,0,1.0,0,0.6993,0.1705,0.8395,2.61,0.0,0.1461,9.64
WRK-07112,0.4393,41.07,0,0.7606,0,0.9634,0.8172,0.8437,0.41,2.0,0.3756,5.48
WRK-07113,0.4462,16.68,0,0.5724,1,0.4985,0.5246,0.6838,2.36,2.0,0.1482,2.33
WRK-07114,0.5436,65.97,1,1.0,0,0.3436,1.0,0.8143,0.36,1.0,0.1851,16.53
WRK-07115,0.5209,76.73,1,0.9896,0,0.2268,1.0,0.9117,1.08,3.0,0.3826,15.23
WRK-07116,0.1973,44.69,0,0.5594,0,0.6632,0.2821,0.8497,0.97,1.0,0.2995,1.6
WRK-07117,0.7129,111.18,0,1.0,0,0.7119,0.4842,0.4874,1.16,0.0,0.064,9.88
WRK-07118,0.7039,88.42,0,1.0,0,0.4968,0.6039,0.7675,3.92,5.0,0.3546,10.99
WRK-07119,0.7517,112.77,0,1.0,0,0.586,0.1679,0.628,0.37,1.0,0.2273,7.2
WRK-07120,0.5958,98.17,0,1.0,0,0.2604,1.0,0.6887,1.54,0.0,0.1867,12.19
WRK-07121,0.6049,119.32,1,1.0,0,0.0977,1.0,0.6208,0.38,4.0,0.4906,20.73
WRK-07122,0.3903,63.21,0,0.7749,0,0.8504,0.5751,0.7695,0.22,2.0,0.3387,1.51
WRK-07123,0.7655,79.86,1,0.9192,0,0.6754,0.1249,0.8314,0.53,1.0,0.1491,10.07
WRK-07124,0.7855,78.35,1,0.9458,0,0.387,0.8108,0.6265,4.74,0.0,0.1541,14.65
WRK-07125,0.7835,109.58,1,1.0,0,0.1329,1.0,0.6436,0.46,3.0,0.3375,19.73
WRK-07126,0.4065,19.71,0,0.5864,0,0.6396,0.0589,0.8856,1.02,0.0,0.2214,2.68
WRK-07127,0.4868,33.12,0,0.6057,1,0.6222,0.2414,0.8422,0.62,0.0,0.0594,2.54
WRK-07128,0.5295,53.05,0,0.884,0,0.6767,0.0725,0.529,0.47,2.0,0.1722,7.22
WRK-07129,0.4487,54.43,0,0.9988,0,0.4195,0.6806,0.8332,0.94,1.0,0.0009,9.93
WRK-07130,0.3697,18.61,0,0.5555,1,0.9796,0.8285,0.8029,1.17,0.0,0.3724,2.56
WRK-07131,0.4017,69.75,0,0.9168,0,0.839,0.4974,0.7694,3.35,0.0,0.0395,4.94
WRK-07132,0.436,83.54,0,0.9326,0,0.8183,0.4324,0.721,4.44,2.0,0.2293,7.01
WRK-07133,0.3606,39.72,1,0.747,0,0.8253,0.4746,0.6817,2.23,5.0,0.1203,13.69
WRK-07134,0.532,88.24,0,0.8158,1,0.4686,0.4792,0.6767,0.94,3.0,0.0729,10.51
WRK-07135,0.7635,81.95,1,1.0,0,0.05,1.0,0.6935,0.43,5.0,0.002,18.41
WRK-07136,0.7944,66.68,0,0.8094,1,0.8417,0.6442,0.7456,0.94,0.0,0.1637,5.64
WRK-07137,0.5197,134.61,1,1.0,0,0.3241,0.928,0.8195,5.14,4.0,0.3329,20.97
WRK-07138,0.6021,46.23,0,0.7687,0,1.0,0.9153,0.4516,0.02,1.0,0.0722,4.58
WRK-07139,0.4242,33.41,0,0.9647,0,0.2316,1.0,0.5672,1.46,2.0,0.081,10.32
WRK-07140,0.3841,73.73,0,1.0,1,0.3848,1.0,0.6621,0.59,1.0,0.0086,4.8
WRK-07141,0.5003,28.4,0,0.7731,1,0.7889,0.454,0.7383,0.6,0.0,0.0117,2.44
WRK-07142,0.5546,52.62,0,0.7297,0,0.6496,0.0492,0.8258,0.12,0.0,0.2409,2.74
WRK-07143,0.398,34.28,0,0.6708,0,0.5712,0.4721,0.5554,1.5,1.0,0.275,3.46
WRK-07144,0.5305,41.41,1,0.9066,0,0.3489,0.7803,0.6969,5.97,0.0,0.1559,15.48
WRK-07145,0.4866,45.17,1,0.9623,0,0.4998,0.4056,0.3049,41.54,6.3,0.6082,23.29
WRK-07146,0.3699,53.97,0,1.0,0,0.5092,0.4312,0.5933,2.1,2.0,0.0351,9.42
WRK-07147,0.4706,22.83,0,0.6302,0,0.3862,0.6635,0.6918,0.34,1.0,0.3023,3.11
WRK-07148,0.7439,67.24,1,1.0,0,0.5495,0.3776,0.4834,6.17,2.0,0.1468,13.92
WRK-07149,0.5882,62.88,0,0.9305,0,0.6923,0.1668,0.6843,2.17,2.0,0.0032,4.25
WRK-07150,0.5117,60.27,0,1.0,0,0.5162,0.4635,0.8654,0.68,0.0,0.3444,2.96
WRK-07151,0.4386,126.37,1,1.0,0,0.3428,0.9096,0.6621,3.11,1.0,0.4175,24.03
WRK-07152,0.5804,109.8,0,1.0,0,0.3708,0.7697,0.8662,3.37,1.0,0.3868,10.2
WRK-07153,0.5872,39.03,0,0.7884,0,0.4256,0.6187,0.7999,4.34,0.0,0.0393,2.99
WRK-07154,0.4204,54.15,1,0.793,0,0.7147,0.2859,0.6039,1.09,3.0,0.1656,14.34
WRK-07155,0.6353,70.35,0,0.8738,0,0.4375,0.5724,0.6494,0.09,0.0,0.0641,5.18
WRK-07156,0.3917,74.88,1,1.0,1,0.652,0.193,0.559,3.97,3.0,0.0841,12.13
WRK-07157,0.4758,41.03,0,0.7107,0,0.9947,1.0,0.7534,3.88,1.0,0.178,0.0
WRK-07158,0.4365,54.36,0,0.7417,0,0.5835,0.5026,0.8861,2.89,0.0,0.3232,1.54
WRK-07159,0.5901,22.24,1,0.879,1,0.1243,1.0,0.6861,0.23,3.0,0.0791,20.11
WRK-07160,0.6693,133.15,0,1.0,0,0.66,0.2059,0.6606,0.1,2.0,0.3687,7.88
WRK-07161,0.7341,104.3,0,1.0,1,0.7106,0.1905,0.8924,0.08,3.0,0.2965,11.18
WRK-07162,0.343,45.25,0,0.772,0,0.243,1.0,0.6825,3.45,0.0,0.1863,3.42
WRK-07163,0.3896,74.77,0,0.7329,0,0.6452,0.0586,0.9066,1.59,1.0,0.1936,0.0
WRK-07164,0.2478,48.18,0,0.7345,1,0.4112,0.6652,0.7836,1.13,1.0,0.194,2.85
WRK-07165,0.2746,77.26,0,0.6665,0,0.2922,0.9224,0.7736,5.62,1.0,0.183,2.95
WRK-07166,0.6542,66.57,1,0.8542,0,0.213,1.0,0.7432,0.58,2.0,0.2754,16.54
WRK-07167,0.84,132.18,1,1.0,0,0.05,1.0,0.7538,1.09,4.0,0.2869,23.52
WRK-07168,0.2559,60.49,1,0.7288,0,0.3569,0.7437,0.7495,2.73,3.0,0.1637,7.19
WRK-07169,0.5805,79.99,0,0.8031,0,0.671,0.0927,0.6811,0.97,2.0,0.2018,4.47
WRK-07170,0.3973,20.75,1,0.5607,0,0.2574,1.0,0.7328,0.83,2.0,0.1769,16.23
WRK-07171,0.5216,34.99,0,0.677,0,0.5111,0.4792,0.6238,0.3,1.0,0.1944,1.5
WRK-07172,0.4662,42.49,0,0.6798,0,0.8246,0.8171,0.5306,6.36,0.0,0.1678,3.56
WRK-07173,0.4362,19.12,0,0.4827,0,0.9339,0.8462,0.6514,0.46,1.0,0.3938,1.26
WRK-07174,0.653,100.8,1,1.0,0,0.2979,0.911,0.7306,3.95,2.0,0.3592,19.84
WRK-07175,0.6792,87.19,1,1.0,0,0.3802,0.9943,0.7262,0.01,6.0,0.3058,16.78
WRK-07176,0.6866,92.42,1,0.9612,0,0.0825,1.0,0.733,3.27,1.0,0.2704,24.11
WRK-07177,0.3473,58.55,0,0.6884,0,0.9145,1.0,0.5821,0.91,0.0,0.3773,2.28
WRK-07178,0.5079,64.3,1,0.7425,0,0.1893,1.0,0.6021,0.11,1.0,0.3284,13.53
WRK-07179,0.5515,92.69,0,0.9016,1,0.2782,1.0,0.7184,1.88,1.0,0.2664,9.25
WRK-07180,0.5512,74.18,1,1.0,0,0.05,1.0,0.6559,0.56,4.0,0.2887,15.4
WRK-07181,0.6831,70.71,1,0.7241,0,0.2758,1.0,0.653,2.43,1.0,0.0702,12.75
WRK-07182,0.4328,49.39,0,0.6695,0,0.7037,0.2071,0.4417,0.2,0.0,0.2743,2.59
WRK-07183,0.5886,101.91,0,1.0,0,0.8124,0.5186,0.8473,11.28,3.0,0.2902,6.66
WRK-07184,0.4016,85.5,0,1.0,1,0.5903,0.3792,0.676,1.46,5.0,0.2698,8.82
WRK-07185,0.6459,26.39,0,0.9273,1,0.3923,0.744,0.6786,0.45,0.0,0.1038,7.2
WRK-07186,0.4333,71.77,0,0.8966,0,0.7946,0.6229,0.6008,1.7,0.0,0.1916,4.64
WRK-07187,0.7023,86.22,0,0.8837,0,0.2964,1.0,0.1846,40.68,8.7,0.627,28.0
WRK-07188,0.6496,116.16,1,1.0,0,0.3713,0.7303,0.6502,0.98,2.0,0.5929,15.6
WRK-07189,0.4777,62.43,1,1.0,0,0.3058,0.8651,0.6357,2.29,2.0,0.3754,12.26
WRK-07190,0.6102,122.58,1,1.0,0,0.3539,0.7562,0.8157,3.42,5.0,0.3348,20.37
WRK-07191,0.688,91.54,0,1.0,0,0.2522,1.0,0.288,40.06,7.4,0.6909,31.33
WRK-07192,0.4097,19.34,0,0.5569,0,0.947,1.0,0.8152,2.1,0.0,0.0103,0.97
WRK-07193,0.6756,96.07,0,0.9996,0,0.212,1.0,0.8729,1.26,3.0,0.0165,12.02
WRK-07194,0.3777,42.13,1,0.7059,0,0.6235,0.2928,0.6771,2.6,1.0,0.3532,11.25
WRK-07195,0.3726,56.35,0,0.7148,1,0.3358,0.8221,0.5987,1.67,1.0,0.1137,2.28
WRK-07196,0.423,24.18,0,0.5177,0,0.5779,0.3327,0.7169,1.39,3.0,0.1382,1.54
WRK-07197,0.4631,72.19,0,1.0,0,0.6706,0.0562,0.827,2.44,1.0,0.1956,6.8
WRK-07198,0.357,0.66,0,0.4892,0,0.7417,0.2641,0.8458,2.03,0.0,0.3763,0.27
WRK-07199,0.7023,29.53,0,0.8019,0,0.5467,0.3781,0.8304,0.09,0.0,0.3192,9.04
WRK-07200,0.6039,59.49,0,0.8918,0,0.5359,0.3154,0.5514,2.51,1.0,0.3189,5.68
WRK-07201,0.4864,56.71,0,0.6073,0,0.8073,0.5468,0.527,2.94,1.0,0.0032,3.38
WRK-07202,0.3876,90.05,1,1.0,0,0.0857,1.0,0.7227,0.57,3.0,0.1648,20.71
WRK-07203,0.5324,72.4,0,0.9935,0,0.1672,1.0,0.4929,0.88,0.0,0.041,8.37
WRK-07204,0.6067,19.03,0,0.7393,0,0.5342,0.4385,0.8644,0.62,0.0,0.1377,0.31
WRK-07205,0.6792,119.09,0,1.0,0,0.4166,0.5939,0.8164,1.79,0.0,0.0043,11.98
WRK-07206,0.5526,100.32,1,1.0,0,0.05,1.0,0.8006,5.16,7.0,0.2737,17.65
WRK-07207,0.2224,48.47,0,0.4648,0,0.694,0.1291,0.6082,0.98,0.0,0.3845,1.62
WRK-07208,0.5008,44.06,1,0.8957,1,0.4388,0.6557,0.7814,5.49,1.0,0.1907,16.42
WRK-07209,0.7221,93.7,0,0.9347,0,0.4283,1.0,0.7375,4.48,3.0,0.3066,11.22
WRK-07210,0.2938,35.4,0,0.5286,0,0.5398,0.3752,0.6215,1.48,3.0,0.0055,1.19
WRK-07211,0.4578,57.59,0,0.7874,0,0.5067,0.6681,0.7487,0.42,0.0,0.3065,2.57
WRK-07212,0.6019,98.25,0,0.9977,0,0.1677,1.0,0.6548,1.73,5.0,0.2033,11.58
WRK-07213,0.6313,83.98,0,0.9484,0,0.7579,0.3643,0.7917,1.69,3.0,0.2456,11.17
WRK-07214,0.4582,35.87,0,0.7575,0,0.4083,0.7875,0.7829,0.74,3.0,0.0524,1.52
WRK-07215,0.5438,0.0,0,0.914,0,0.1407,1.0,0.6113,3.62,2.0,0.2156,8.28
WRK-07216,0.5099,26.31,0,0.8978,1,0.6961,0.477,0.6042,2.29,3.0,0.2881,5.55
WRK-07217,0.5548,90.82,0,0.9922,0,0.4571,0.5653,0.9023,4.52,2.0,0.238,8.41
WRK-07218,0.4973,26.18,0,0.7521,1,0.86,0.53,0.7109,2.7,2.0,0.1435,4.22
WRK-07219,0.4053,52.51,1,0.9855,0,0.3005,0.9135,0.8412,3.79,3.0,0.2652,14.14
WRK-07220,0.4449,29.04,0,0.8184,1,0.9172,0.7238,0.5752,3.34,1.0,0.388,5.87
WRK-07221,0.5666,52.58,0,1.0,0,0.3718,0.8432,0.595,0.37,1.0,0.0089,6.91
WRK-07222,0.3712,64.98,1,0.7768,1,0.4938,0.5853,0.3397,102.79,4.2,0.7246,30.26
WRK-07223,0.5038,70.96,0,0.8809,0,0.2935,0.9847,0.8167,0.81,0.0,0.2697,8.33
WRK-07224,0.4301,58.74,0,1.0,1,0.4166,0.7773,0.7995,0.77,0.0,0.0195,10.78
WRK-07225,0.7232,74.15,1,0.9089,0,0.05,1.0,0.7179,1.75,2.0,0.0939,13.75
WRK-07226,0.5891,126.6,0,1.0,0,0.4803,0.4931,0.4277,1.16,3.0,0.3468,11.85
WRK-07227,0.8398,128.26,1,1.0,0,0.2281,1.0,0.8569,3.92,2.0,0.4266,20.45
WRK-07228,0.3115,12.51,0,0.4524,1,0.3152,0.8405,0.9152,0.84,2.0,0.0213,3.29
WRK-07229,0.4203,13.98,0,0.6898,0,0.3101,1.0,0.7091,3.24,0.0,0.0925,2.93
WRK-07230,0.7329,118.91,1,1.0,0,0.2498,1.0,0.3636,10.67,4.0,0.5047,16.09
WRK-07231,0.686,122.53,1,1.0,0,0.5244,0.462,0.5306,0.27,4.0,0.3441,21.84
WRK-07232,0.29,33.52,0,0.6286,0,0.7314,0.2211,0.7707,3.36,1.0,0.0247,0.0
WRK-07233,0.6046,145.14,0,1.0,0,0.5429,0.3895,0.5431,3.51,5.0,0.3124,10.23
WRK-07234,0.5736,51.25,0,1.0,0,0.5221,0.3432,0.8442,5.59,0.0,0.2447,3.45
WRK-07235,0.4156,67.71,1,1.0,0,0.1637,1.0,0.8545,0.17,2.0,0.292,15.57
WRK-07236,0.6281,54.6,0,0.9164,0,0.6276,0.0923,0.5488,5.8,0.0,0.025,6.46
WRK-07237,0.4156,37.97,0,0.7271,0,0.4953,0.4346,0.8001,0.18,0.0,0.1964,1.31
WRK-07238,0.4913,49.47,0,0.9892,0,0.6364,0.0359,0.7619,3.78,1.0,0.1,0.91
WRK-07239,0.3691,95.59,0,1.0,0,0.2246,1.0,0.8435,0.94,2.0,0.1493,11.79
WRK-07240,0.3313,14.92,0,0.6232,1,0.6018,0.1344,0.7133,0.56,0.0,0.2333,2.21
WRK-07241,0.58,112.03,0,1.0,0,0.589,0.4837,0.6706,4.86,3.0,0.232,11.63
WRK-07242,0.668,184.94,0,1.0,0,0.2951,0.9891,0.5768,2.5,3.0,0.2124,13.5
WRK-07243,0.5575,38.16,0,0.9368,0,0.7635,1.0,0.8409,0.81,0.0,0.3732,4.56
WRK-07244,0.517,91.39,1,1.0,0,0.05,1.0,0.4355,4.84,2.0,0.1258,16.43
WRK-07245,0.3608,51.51,0,0.7382,0,0.4408,0.5592,0.7632,0.98,1.0,0.2442,2.35
WRK-07246,0.6056,67.37,0,0.7312,0,0.735,0.4762,0.6014,1.56,1.0,0.1954,4.27
WRK-07247,0.5646,10.99,0,0.7573,1,0.8377,0.4986,0.8193,0.84,1.0,0.2769,2.72
WRK-07248,0.3676,119.46,0,0.9564,0,0.1956,1.0,0.8584,0.51,1.0,0.0581,12.24
WRK-07249,0.7663,117.63,1,1.0,0,0.05,1.0,0.733,0.93,3.0,0.511,18.9
WRK-07250,0.3908,52.35,1,0.8125,0,0.407,0.717,0.7148,0.79,2.0,0.1763,10.18
WRK-07251,0.4539,61.23,0,1.0,0,0.443,0.5968,0.1526,71.34,5.2,0.7456,18.06
WRK-07252,0.687,77.59,0,0.9212,0,0.5042,0.4203,0.7612,4.62,0.0,0.2415,5.86
WRK-07253,0.4439,53.74,1,0.9556,0,0.5374,0.3391,0.8984,0.57,1.0,0.2018,8.44
WRK-07254,0.2474,12.32,0,0.5091,0,0.4886,0.4093,0.8275,0.1,0.0,0.1902,3.26
WRK-07255,0.4651,64.92,1,0.9234,0,0.05,1.0,0.635,1.4,4.0,0.2999,15.81
WRK-07256,0.4846,51.09,0,0.6159,0,0.7926,0.3905,0.744,1.8,0.0,0.1885,4.74
WRK-07257,0.3867,6.5,0,0.3948,1,0.6917,0.2433,0.7261,1.84,0.0,0.3914,0.85
WRK-07258,0.2655,52.35,0,0.6127,0,0.7922,0.3987,0.6051,2.43,0.0,0.1507,1.41
WRK-07259,0.5782,30.22,0,0.9217,0,0.7719,0.5403,0.7557,1.3,0.0,0.1465,6.46
WRK-07260,0.5053,41.56,0,0.934,0,0.7148,0.1867,0.8592,0.25,4.0,0.0596,4.23
WRK-07261,0.48,22.36,0,0.7464,0,0.4655,0.4746,0.732,1.24,0.0,0.1366,1.05
WRK-07262,0.6284,116.9,0,1.0,0,0.7914,0.4901,0.532,1.66,3.0,0.0572,12.07
WRK-07263,0.53,62.39,0,0.8517,0,0.4614,0.5041,0.5683,3.32,1.0,0.1216,5.35
WRK-07264,0.2228,9.34,1,0.3654,0,0.6025,0.1871,0.7599,0.97,3.0,0.3424,9.1
WRK-07265,0.583,131.33,0,1.0,0,0.5568,0.3646,0.6753,0.9,1.0,0.1123,10.4
WRK-07266,0.6596,173.21,1,1.0,0,0.568,0.2768,0.8947,0.98,6.0,0.4463,20.98
WRK-07267,0.5763,35.0,0,0.7698,0,0.7574,0.2872,0.8666,3.4,0.0,0.038,3.92
WRK-07268,0.7243,80.99,0,0.9891,1,0.3832,0.6913,0.6368,1.29,3.0,0.3593,9.13
WRK-07269,0.6123,66.7,0,0.6868,0,0.7513,0.2845,0.7676,2.29,0.0,0.3213,1.99
WRK-07270,0.7723,114.93,1,1.0,0,0.3159,0.8598,0.6959,0.25,7.0,0.512,21.08
WRK-07271,0.3716,57.51,0,1.0,0,0.6022,0.1424,0.6984,3.36,0.0,0.2548,5.21
WRK-07272,0.7412,98.28,1,1.0,0,0.05,1.0,0.7275,0.8,3.0,0.1289,21.29
WRK-07273,0.689,126.51,0,1.0,0,0.1455,1.0,0.8009,0.84,0.0,0.0953,14.95
WRK-07274,0.3795,46.21,0,0.8545,0,0.3884,0.7252,0.8533,0.17,1.0,0.1325,4.25
WRK-07275,0.7758,130.13,0,1.0,1,0.429,0.6974,0.6909,0.75,1.0,0.3004,14.53
WRK-07276,0.5089,18.82,1,0.7859,1,0.4396,0.6992,0.5837,1.0,3.0,0.1388,10.11
WRK-07277,0.5356,82.74,1,1.0,0,0.1703,1.0,0.5931,0.1,3.0,0.1049,13.42
WRK-07278,0.3028,48.08,0,0.6106,0,0.42,0.5958,0.8252,2.89,0.0,0.2622,3.08
WRK-07279,0.6768,94.06,1,1.0,0,0.5667,0.268,0.5722,1.69,6.0,0.3402,16.04
WRK-07280,0.617,70.71,1,0.9721,1,0.4668,0.5103,0.2238,30.45,12.7,0.62,24.24
WRK-07281,0.492,42.06,0,0.6883,0,0.9133,0.6639,0.7102,1.12,0.0,0.3525,2.62
WRK-07282,0.4765,80.75,0,1.0,0,0.7624,0.5437,0.8057,0.18,4.0,0.2595,12.49
WRK-07283,0.4999,58.9,0,0.749,1,0.9563,0.7883,0.8338,0.69,0.0,0.078,2.77
WRK-07284,0.7606,110.32,0,1.0,0,0.6057,0.3304,0.715,0.41,2.0,0.2573,9.2
WRK-07285,0.7098,90.04,1,1.0,0,0.3009,0.9012,0.8792,9.36,3.0,0.2167,18.12
WRK-07286,0.513,37.6,0,0.6362,0,0.7823,0.3778,0.8199,0.34,1.0,0.0258,2.4
WRK-07287,0.4635,24.3,0,0.7343,0,0.4024,0.9195,0.7712,0.18,2.0,0.2415,3.23
WRK-07288,0.5878,60.3,0,1.0,0,0.8261,0.6823,0.8274,4.06,0.0,0.0674,3.99
WRK-07289,0.4966,111.37,0,1.0,0,0.535,0.3336,0.9047,4.21,3.0,0.0975,5.97
WRK-07290,0.6414,116.27,0,1.0,0,0.5389,0.2956,0.7964,5.61,3.0,0.3288,9.97
WRK-07291,0.5107,47.43,1,0.7197,0,0.4952,0.4588,0.6744,0.35,2.0,0.0238,6.68
WRK-07292,0.3495,68.54,0,0.7413,0,0.839,0.5868,0.6364,2.51,2.0,0.0003,1.48
WRK-07293,0.5506,51.07,0,0.9583,0,0.5919,0.3641,0.6912,1.26,2.0,0.2607,2.96
WRK-07294,0.5365,76.67,0,1.0,0,0.1955,1.0,0.7021,4.74,0.0,0.3808,6.02
WRK-07295,0.4919,45.91,0,0.8171,0,0.5168,0.3658,0.654,5.42,0.0,0.003,6.01
WRK-07296,0.5204,107.96,0,0.9552,1,0.8213,0.4694,0.4079,0.67,4.0,0.086,6.98
WRK-07297,0.4345,50.44,0,0.9132,0,0.6548,0.0151,0.8032,3.93,2.0,0.2086,2.11
WRK-07298,0.7162,34.02,0,0.9043,0,0.345,0.871,0.6999,7.08,1.0,0.3957,8.87
WRK-07299,0.6109,110.36,1,1.0,0,0.2099,1.0,0.5778,0.48,3.0,0.4499,18.69
WRK-07300,0.3865,61.64,0,0.9607,1,0.393,0.9697,0.7709,3.68,0.0,0.225,7.52
WRK-07301,0.3702,47.94,0,0.6611,1,0.9612,1.0,0.859,5.33,0.0,0.2418,5.64
WRK-07302,0.5772,71.32,0,0.9953,0,0.7834,0.4925,0.7534,0.46,0.0,0.0404,6.59
WRK-07303,0.3606,21.51,0,0.5605,0,0.3641,0.7587,0.7263,5.54,0.0,0.3706,1.35
WRK-07304,0.4999,42.02,0,0.9419,0,0.3997,0.9289,0.7142,0.49,0.0,0.26,3.2
WRK-07305,0.4931,29.57,0,0.5814,0,0.3324,0.8084,0.7004,0.99,0.0,0.0787,5.25
WRK-07306,0.5264,70.7,0,1.0,0,0.3025,1.0,0.6959,0.28,1.0,0.0428,4.62
WRK-07307,0.5765,80.8,0,0.9941,0,0.4577,0.6069,0.8253,0.87,1.0,0.2713,8.99
WRK-07308,0.4521,32.22,0,0.7143,0,0.7436,0.4128,0.7092,1.05,0.0,0.365,4.29
WRK-07309,0.5427,57.02,0,0.7846,0,0.8179,0.557,0.6187,0.3,2.0,0.1691,1.87
WRK-07310,0.4813,63.87,0,0.9516,0,0.208,1.0,0.7797,5.09,2.0,0.0095,5.55
WRK-07311,0.3261,47.6,0,0.7067,0,0.5423,0.3952,0.7939,1.91,0.0,0.3175,1.38
WRK-07312,0.5774,130.96,0,1.0,0,0.5371,0.3521,0.3352,78.12,7.3,0.6525,34.59
WRK-07313,0.5607,98.68,0,1.0,1,0.4613,0.5524,0.8121,4.56,1.0,0.1217,7.66
WRK-07314,0.4508,42.66,0,0.8847,0,0.3606,0.7328,0.6393,3.67,1.0,0.0996,7.25
WRK-07315,0.2163,2.04,0,0.4779,0,0.3485,0.8536,0.7778,0.09,1.0,0.2289,2.13
WRK-07316,0.592,86.62,0,1.0,0,0.6803,0.091,0.6092,4.22,2.0,0.3109,9.78
WRK-07317,0.3265,61.94,0,0.6734,0,0.4341,0.6068,0.6877,0.03,0.0,0.3775,2.54
WRK-07318,0.343,9.13,0,0.5594,0,0.7751,0.52,0.4356,1.14,0.0,0.1229,3.48
WRK-07319,0.7854,147.43,1,1.0,0,0.6206,0.3445,0.8395,0.86,6.0,0.4005,18.68
WRK-07320,0.6987,74.19,0,1.0,0,0.3351,0.8074,0.8489,1.61,1.0,0.3443,6.98
WRK-07321,0.5366,56.34,0,0.8561,0,0.5941,0.2104,0.8077,1.34,0.0,0.2481,6.84
WRK-07322,0.5907,12.25,0,0.7197,1,0.8796,1.0,0.5897,2.06,1.0,0.3841,5.53
WRK-07323,0.361,12.23,0,0.5952,1,0.7906,0.6472,0.5308,1.15,1.0,0.1897,3.57
WRK-07324,0.412,5.56,0,0.6092,0,0.4933,0.4606,0.8155,2.76,0.0,0.0119,0.0
WRK-07325,0.7024,79.99,0,0.8947,0,0.3559,0.8452,0.7409,2.47,0.0,0.1776,5.39
WRK-07326,0.3898,35.8,1,0.5109,0,0.6699,0.128,0.6257,2.35,2.0,0.0377,14.69
WRK-07327,0.7713,40.26,0,0.8805,0,0.4011,0.7149,0.8346,1.43,1.0,0.0301,6.71
WRK-07328,0.4729,66.72,0,0.8802,0,0.7558,0.2858,0.4575,4.95,0.0,0.2949,4.23
WRK-07329,0.5935,86.62,1,0.8382,0,0.6427,0.3893,0.3172,57.4,9.6,0.9482,30.84
WRK-07330,0.5796,36.43,0,0.8427,0,0.8603,0.8469,0.7373,3.01,2.0,0.2863,4.88
WRK-07331,0.4167,56.15,0,1.0,0,0.7784,0.3439,0.7062,3.27,1.0,0.0676,7.76
WRK-07332,0.7157,129.93,0,1.0,0,0.7635,0.3636,0.7625,0.08,0.0,0.2711,11.94
WRK-07333,0.37,104.18,1,1.0,0,0.5272,0.3496,0.7422,0.37,4.0,0.2821,19.92
WRK-07334,0.4614,21.68,0,0.8626,1,0.4865,0.5184,0.6886,2.07,1.0,0.0383,5.0
WRK-07335,0.5075,85.06,0,1.0,0,0.3477,0.9836,0.6794,3.66,1.0,0.2475,8.53
WRK-07336,0.6298,32.12,0,0.7367,0,0.4439,1.0,0.5429,1.02,1.0,0.1089,3.69
WRK-07337,0.4202,0.0,0,0.404,0,0.5538,0.2681,0.3442,110.67,8.4,0.7852,21.37
WRK-07338,0.7483,71.99,1,0.8673,0,0.2134,1.0,0.8637,2.28,4.0,0.3963,13.36
WRK-07339,0.7499,93.79,0,1.0,0,0.694,0.2579,0.3322,2.8,2.0,0.289,8.29
WRK-07340,0.6638,90.12,1,1.0,0,0.4412,0.7871,0.2645,2.44,0.0,0.3297,21.64
WRK-07341,0.3397,0.0,0,0.5944,0,0.5359,0.5048,0.6955,0.13,2.0,0.0434,2.58
WRK-07342,0.545,63.89,0,0.9144,0,0.6785,0.0813,0.861,1.85,0.0,0.2261,5.18
WRK-07343,0.532,42.59,0,0.7643,1,0.7717,0.3393,0.8684,1.64,0.0,0.0031,0.2
WRK-07344,0.645,86.98,0,0.742,0,0.6911,0.2869,0.7551,1.38,2.0,0.1697,5.65
WRK-07345,0.3906,41.95,0,0.7909,0,0.8842,0.7515,0.8269,0.09,3.0,0.2378,5.3
WRK-07346,0.6073,83.34,1,1.0,0,0.4793,0.5876,0.7634,0.61,5.0,0.3917,14.62
WRK-07347,0.7184,135.46,0,1.0,1,0.7295,0.295,0.846,2.34,5.0,0.2989,11.85
WRK-07348,0.4861,59.54,1,0.8527,0,0.2518,1.0,0.6483,2.54,6.0,0.2952,9.0
WRK-07349,0.4187,21.46,0,0.5565,0,0.5315,0.6693,0.7747,0.75,1.0,0.3307,4.04
WRK-07350,0.4422,31.34,0,0.7922,1,0.6111,0.1329,0.8188,0.07,0.0,0.3496,2.3
WRK-07351,0.3844,41.45,0,0.7663,0,0.7296,0.39,0.5906,0.36,0.0,0.1672,3.01
WRK-07352,0.4102,33.69,0,0.7578,0,1.0,0.9313,0.6249,2.62,0.0,0.3963,2.69
WRK-07353,0.4769,94.87,0,1.0,1,0.5611,0.3894,0.8642,0.8,1.0,0.0362,7.2
WRK-07354,0.6274,56.76,1,1.0,1,0.5378,0.3153,0.7783,0.09,4.0,0.2176,12.48
WRK-07355,0.4431,10.73,0,0.3792,0,0.5451,0.3038,0.737,0.94,0.0,0.1928,1.43
WRK-07356,0.6024,100.42,1,0.9493,0,0.2124,1.0,0.6423,1.4,6.0,0.4271,13.76
WRK-07357,0.5383,56.07,0,0.9233,0,0.6876,0.6788,0.8696,1.02,0.0,0.357,8.13
WRK-07358,0.5046,83.46,0,1.0,0,0.7155,0.4717,0.8488,11.18,1.0,0.3813,9.66
WRK-07359,0.4848,51.38,0,0.566,0,0.6721,0.2993,0.814,0.83,1.0,0.0538,2.95
WRK-07360,0.678,131.37,0,1.0,0,0.1505,1.0,0.211,27.99,6.5,0.9631,23.44
WRK-07361,0.7351,127.52,0,1.0,0,0.7689,0.4268,0.2179,60.64,5.9,0.7461,27.51
WRK-07362,0.3921,36.11,0,0.6815,0,0.3377,1.0,0.4409,0.78,1.0,0.1578,4.06
WRK-07363,0.7247,88.55,0,1.0,1,0.4907,0.5005,0.7897,1.92,1.0,0.0469,8.09
WRK-07364,0.4792,21.91,0,0.7402,1,0.5957,0.1719,0.8248,0.38,0.0,0.2618,2.1
WRK-07365,0.4261,10.4,0,0.5879,0,1.0,1.0,0.499,1.14,1.0,0.0763,1.66
WRK-07366,0.7134,87.7,1,0.8809,0,0.1196,1.0,0.9148,0.66,4.0,0.0408,13.92
WRK-07367,0.5028,23.63,0,0.6905,0,0.8776,0.7403,0.8102,1.69,0.0,0.1342,3.21
WRK-07368,0.6792,100.84,1,1.0,0,0.2133,1.0,0.785,3.73,4.0,0.2688,17.73
WRK-07369,0.6871,128.56,1,1.0,0,0.2524,1.0,0.8377,1.1,5.0,0.5479,16.49
WRK-07370,0.6131,32.71,0,0.9619,0,0.4903,0.6052,0.9296,3.94,1.0,0.2847,3.96
WRK-07371,0.3865,46.84,0,0.7639,0,0.5605,0.3491,0.3954,2.3,0.0,0.0636,2.52
WRK-07372,0.8068,99.1,1,1.0,0,0.5479,0.3711,0.6871,1.08,1.0,0.3859,13.33
WRK-07373,0.7366,99.83,0,0.9019,0,0.7526,0.2734,0.7999,2.84,3.0,0.1609,9.05
WRK-07374,0.5806,126.09,1,1.0,0,0.6272,0.0786,0.5299,2.51,3.0,0.2865,20.52
WRK-07375,0.5101,70.41,0,1.0,1,0.6783,0.2715,0.6001,2.38,1.0,0.2553,4.59
WRK-07376,0.3411,8.3,0,0.6407,0,0.639,0.1459,0.6816,0.62,0.0,0.0295,0.0
WRK-07377,0.6587,89.7,0,0.9492,0,0.2212,1.0,0.9018,3.71,2.0,0.2803,9.54
WRK-07378,0.6804,95.8,0,1.0,0,0.3116,0.8722,0.6911,9.54,1.0,0.2498,11.33
WRK-07379,0.4352,78.32,0,1.0,1,0.395,0.7644,0.9218,1.94,0.0,0.1522,5.23
WRK-07380,0.7866,88.6,0,0.8954,1,0.2178,1.0,0.5997,0.82,5.0,0.0128,8.05
WRK-07381,0.4464,28.69,0,0.5264,0,0.2774,1.0,0.6144,0.99,0.0,0.1863,5.01
WRK-07382,0.6486,127.06,1,1.0,0,0.05,1.0,0.8171,12.45,3.0,0.4993,21.74
WRK-07383,0.7006,44.1,0,0.8633,0,0.511,0.372,0.7713,6.12,1.0,0.1817,6.52
WRK-07384,0.6578,125.6,1,1.0,1,0.05,1.0,0.6312,0.74,4.0,0.5447,20.72
WRK-07385,0.5625,137.36,0,1.0,0,0.3691,0.8015,0.665,0.32,2.0,0.1167,11.13
WRK-07386,0.6536,206.56,1,1.0,0,0.3496,0.7655,0.7254,1.99,3.0,0.1991,21.35
WRK-07387,0.569,44.71,0,0.8994,0,0.1612,1.0,0.6957,2.54,0.0,0.1044,7.45
WRK-07388,0.796,83.07,0,1.0,1,0.2763,1.0,0.152,22.23,12.7,0.7612,20.54
WRK-07389,0.6308,20.34,0,0.8178,0,0.8274,0.9884,0.7677,0.23,0.0,0.2644,7.56
WRK-07390,0.5555,111.84,0,0.9451,0,0.7891,0.4584,0.8844,3.66,3.0,0.0614,8.68
WRK-07391,0.4773,14.87,0,0.6008,0,0.6332,0.3727,0.7293,4.17,0.0,0.1588,0.95
WRK-07392,0.7246,66.74,1,0.8748,0,0.322,1.0,0.7031,2.43,3.0,0.2336,10.41
WRK-07393,0.5063,61.0,0,1.0,0,0.3428,1.0,0.5805,5.29,0.0,0.2319,8.11
WRK-07394,0.5232,61.66,1,1.0,1,0.2467,1.0,0.6656,1.25,2.0,0.3561,17.12
WRK-07395,0.7089,209.87,1,1.0,0,0.05,1.0,0.8778,8.5,3.0,0.3016,18.13
WRK-07396,0.6607,99.78,0,1.0,0,0.4433,0.535,0.847,1.63,3.0,0.1113,8.88
WRK-07397,0.7386,83.83,0,0.9342,0,0.5361,0.7476,0.764,2.77,3.0,0.135,11.33
WRK-07398,0.8367,96.56,1,0.9125,0,0.1919,1.0,0.88,5.3,4.0,0.2684,19.28
WRK-07399,0.7035,94.84,1,1.0,0,0.5681,0.6951,0.5991,1.25,4.0,0.3368,19.6
WRK-07400,0.6549,73.58,0,0.7091,0,0.5831,0.3035,0.8054,0.59,1.0,0.2536,1.34
WRK-07401,0.4381,75.8,0,0.8024,1,0.4402,0.555,0.7597,2.32,0.0,0.2217,6.0
WRK-07402,0.328,13.53,0,0.466,0,0.7312,0.3252,0.5831,0.54,0.0,0.3802,2.45
WRK-07403,0.6147,106.82,0,1.0,0,0.3456,1.0,0.8104,0.02,1.0,0.0934,11.04
WRK-07404,0.6418,45.02,0,0.896,0,0.1964,1.0,0.7034,0.3,0.0,0.2673,9.69
WRK-07405,0.6439,61.73,0,0.8391,0,0.5106,0.5346,0.6771,0.45,1.0,0.1594,8.39
WRK-07406,0.6515,118.15,1,1.0,0,0.5654,0.2221,0.721,0.0,0.0,0.4822,20.41
WRK-07407,0.3312,33.73,0,0.5359,0,1.0,0.8956,0.6748,1.4,2.0,0.3468,4.32
WRK-07408,0.5021,61.9,1,0.8292,0,0.5569,0.2427,0.8853,0.34,3.0,0.158,9.6
WRK-07409,0.7183,67.14,1,0.9607,1,0.6429,0.1364,0.7273,2.27,3.0,0.2233,10.19
WRK-07410,0.7007,107.81,1,1.0,0,0.3982,0.6878,0.5768,3.08,4.0,0.2764,19.12
WRK-07411,0.6256,87.56,0,0.9818,0,0.3022,0.873,0.941,11.2,4.0,0.1638,15.13
WRK-07412,0.5222,48.85,0,0.8667,0,0.4635,0.7647,0.5345,2.49,1.0,0.1497,2.84
WRK-07413,0.4456,60.31,0,0.7223,0,0.8218,0.5383,0.7894,3.69,1.0,0.2381,4.25
WRK-07414,0.4951,82.63,0,1.0,1,0.2029,1.0,0.7086,1.03,1.0,0.2037,7.99
WRK-07415,0.5587,22.74,0,0.7817,0,0.5814,0.3212,0.8747,1.91,1.0,0.3258,0.0
WRK-07416,0.4169,44.12,0,0.635,0,0.3404,0.9493,0.5892,0.29,1.0,0.3553,5.1
WRK-07417,0.5107,51.21,0,0.7375,1,0.6153,0.1309,0.8232,4.57,2.0,0.2737,5.09
WRK-07418,0.6767,88.35,0,0.8995,0,0.4816,0.4244,0.5802,2.35,1.0,0.2405,8.53
WRK-07419,0.416,9.85,0,0.5686,0,0.8621,0.6557,0.3778,2.78,1.0,0.1077,1.79
WRK-07420,0.321,41.41,0,0.6767,0,0.5463,0.2657,0.104,62.23,7.6,0.9142,21.66
WRK-07421,0.6043,35.48,0,0.6886,0,0.3435,0.8081,0.657,1.17,0.0,0.158,4.8
WRK-07422,0.4273,62.9,1,0.8086,0,0.432,0.8251,0.6923,1.12,1.0,0.25,16.98
WRK-07423,0.5663,36.16,0,0.8429,0,0.4004,0.808,0.6151,5.17,2.0,0.2016,7.72
WRK-07424,0.4953,61.92,0,0.8405,0,0.4398,1.0,0.4726,0.42,1.0,0.3819,6.49
WRK-07425,0.3471,3.92,0,0.2922,1,0.8482,0.6685,0.8325,0.06,0.0,0.3569,1.61
WRK-07426,0.3806,18.37,0,0.5264,1,0.7851,0.8907,0.7084,1.03,1.0,0.2669,0.86
WRK-07427,0.6497,121.98,1,1.0,1,0.3183,0.8458,0.7881,0.03,5.0,0.4864,19.89
WRK-07428,0.3769,45.69,1,0.7466,0,0.2068,1.0,0.5916,0.63,3.0,0.0152,7.6
WRK-07429,0.4151,14.28,0,0.4921,0,1.0,1.0,0.5779,0.62,0.0,0.3876,3.51
WRK-07430,0.3181,56.48,0,0.8134,0,0.8954,0.6402,0.7957,1.77,1.0,0.3464,6.97
WRK-07431,0.5202,20.36,0,0.6191,0,0.8626,0.6625,0.6001,2.25,0.0,0.1161,7.63
WRK-07432,0.5134,55.32,0,0.6552,0,0.3132,0.9202,0.7338,0.99,1.0,0.1616,3.52
WRK-07433,0.7311,75.89,1,0.8955,0,0.05,1.0,0.8144,0.48,0.0,0.0655,13.95
WRK-07434,0.2611,39.49,1,0.566,0,0.3757,0.7861,0.601,0.57,1.0,0.1087,7.17
WRK-07435,0.6166,133.77,0,1.0,0,0.361,0.8654,0.6214,0.04,3.0,0.2653,12.89
WRK-07436,0.5611,43.32,0,0.6926,0,0.5435,0.4113,0.1098,40.47,7.3,0.6955,24.71
WRK-07437,0.7821,44.62,0,0.6695,0,0.8263,0.5574,0.7646,3.47,1.0,0.3896,3.42
WRK-07438,0.4756,38.59,0,0.4789,0,0.8673,0.5718,0.8426,0.18,1.0,0.1758,1.23
WRK-07439,0.733,118.31,0,1.0,0,0.4723,0.4628,0.9111,0.54,0.0,0.1613,9.34
WRK-07440,0.722,79.76,1,0.7966,0,0.0982,1.0,0.8647,2.22,3.0,0.0245,12.75
WRK-07441,0.4822,22.2,0,0.6979,1,0.3211,0.8347,0.4397,0.97,2.0,0.2868,3.81
WRK-07442,0.4796,46.7,0,0.705,0,0.4062,0.6995,0.7496,1.05,1.0,0.0616,2.75
WRK-07443,0.5619,119.65,0,1.0,0,0.0879,1.0,0.4691,1.83,0.0,0.044,10.87
WRK-07444,0.5532,71.73,1,0.9467,0,0.0686,1.0,0.5238,0.23,1.0,0.3763,12.66
WRK-07445,0.2981,68.48,0,0.641,0,0.3216,0.9456,0.6498,0.32,0.0,0.0048,1.68
WRK-07446,0.5281,60.15,0,0.7695,0,0.5347,0.5379,0.8528,2.28,0.0,0.2257,2.17
WRK-07447,0.5454,29.61,0,0.8933,1,0.1132,1.0,0.6573,0.56,1.0,0.1393,6.5
WRK-07448,0.6881,65.41,1,0.8353,0,0.7325,0.3458,0.668,2.48,4.0,0.2655,16.54
WRK-07449,0.3988,54.92,0,0.7408,1,0.7498,0.3261,0.6795,1.79,0.0,0.242,3.05
WRK-07450,0.3599,46.33,0,0.704,0,0.8884,1.0,0.3493,12.26,6.9,0.8095,17.37
WRK-07451,0.3963,35.78,0,0.6766,0,0.7458,0.3007,0.8371,1.57,2.0,0.0501,1.07
WRK-07452,0.4004,81.37,1,0.7914,1,0.4679,0.5187,0.6897,0.31,1.0,0.1244,16.42
WRK-07453,0.3376,43.77,0,0.7803,0,0.6868,0.3251,0.9107,0.42,2.0,0.1764,4.46
WRK-07454,0.3397,30.6,0,0.6458,0,0.7727,0.3398,0.5948,2.18,3.0,0.3253,4.45
WRK-07455,0.5635,117.68,1,1.0,0,0.1465,1.0,0.645,1.53,3.0,0.382,15.56
WRK-07456,0.5962,24.07,0,0.8826,1,0.565,0.2214,0.6803,2.15,0.0,0.1022,6.63
WRK-07457,0.7029,101.45,1,0.8902,0,0.05,1.0,0.6549,3.18,3.0,0.3594,17.57
WRK-07458,0.2965,71.67,0,0.7513,0,0.8655,0.8763,0.7963,0.66,1.0,0.1895,2.07
WRK-07459,0.6963,143.07,0,1.0,0,0.3916,0.6477,0.8739,0.84,3.0,0.0302,11.53
WRK-07460,0.5985,43.36,1,0.6395,0,0.2225,1.0,0.4733,4.14,1.0,0.3125,13.83
WRK-07461,0.5715,95.51,0,0.8773,1,0.7187,0.3871,0.7159,0.87,2.0,0.3738,9.04
WRK-07462,0.4141,24.29,0,0.5204,1,0.4347,0.6915,0.6675,2.08,0.0,0.2135,3.3
WRK-07463,0.5584,36.26,0,0.9084,0,0.7649,0.3439,0.5022,1.66,0.0,0.2129,8.25
WRK-07464,0.4674,35.81,0,0.6011,0,0.827,0.4651,0.5767,1.67,0.0,0.3141,2.84
WRK-07465,0.7036,166.23,1,1.0,0,0.4661,0.5605,0.8929,1.79,8.0,0.2047,25.29
WRK-07466,0.6155,94.31,0,0.9691,0,0.1431,1.0,0.1736,17.97,8.6,0.9711,29.39
WRK-07467,0.4053,51.08,0,0.5387,0,0.6484,0.7001,0.3051,52.57,6.0,0.64,15.34
WRK-07468,0.6565,106.08,0,1.0,0,0.1505,1.0,0.71,2.19,1.0,0.1212,12.56
WRK-07469,0.3727,15.21,0,0.3658,1,0.5819,0.4739,0.5999,1.31,1.0,0.1165,0.61
WRK-07470,0.4445,18.43,0,0.7487,1,0.7552,0.38,0.7091,2.32,1.0,0.104,0.43
WRK-07471,0.4994,40.0,0,0.6637,0,0.3609,0.9351,0.5586,0.25,0.0,0.2037,0.61
WRK-07472,0.4653,6.77,0,0.556,1,0.7748,0.5627,0.8308,0.53,2.0,0.0846,0.0
WRK-07473,0.4665,26.53,1,0.8487,1,0.4614,0.5237,0.7767,3.15,3.0,0.1869,15.06
WRK-07474,0.4559,80.49,1,1.0,1,0.6409,0.0774,0.6591,0.82,3.0,0.2436,21.25
WRK-07475,0.662,142.39,0,1.0,0,0.5106,0.4946,0.9206,1.86,2.0,0.0648,12.71
WRK-07476,0.3075,39.69,0,0.8303,0,0.5465,0.2978,0.8483,0.29,0.0,0.2878,6.12
WRK-07477,0.2307,9.06,1,0.5278,0,0.6928,0.2474,0.4541,0.68,2.0,0.2431,13.6
WRK-07478,0.3964,72.06,0,0.8082,1,0.5737,0.3647,0.8399,2.93,2.0,0.2079,6.18
WRK-07479,0.4215,32.97,0,0.6861,0,0.5673,0.403,0.7602,1.47,1.0,0.0227,3.82
WRK-07480,0.5647,106.36,0,0.9202,0,0.4115,0.8099,0.8936,0.15,0.0,0.2486,9.11
WRK-07481,0.4142,27.47,0,0.6625,0,0.6424,0.5334,0.5153,2.02,0.0,0.1744,1.65
WRK-07482,0.643,26.91,1,0.9324,0,0.0872,1.0,0.878,4.58,1.0,0.0018,8.84
WRK-07483,0.7474,91.17,0,0.7243,1,0.8911,0.7372,0.6163,0.7,3.0,0.0089,5.48
WRK-07484,0.5399,39.68,0,0.8555,0,0.7394,0.5224,0.8533,0.01,0.0,0.044,8.05
WRK-07485,0.5728,156.74,1,1.0,0,0.268,1.0,0.7264,2.47,4.0,0.514,20.26
WRK-07486,0.5073,97.36,0,0.9235,0,0.1825,1.0,0.7867,3.16,1.0,0.0815,9.28
WRK-07487,0.4617,37.76,0,0.7464,0,0.36,0.8028,0.8534,2.01,0.0,0.1285,2.78
WRK-07488,0.6839,103.25,1,0.8817,0,0.2211,1.0,0.2843,3.83,5.0,0.4112,24.51
WRK-07489,0.8749,98.46,1,1.0,0,0.147,1.0,0.8259,1.67,2.0,0.0407,23.58
WRK-07490,0.654,105.94,1,1.0,1,0.2388,1.0,0.6199,1.27,2.0,0.1889,18.23
WRK-07491,0.49,77.61,1,1.0,1,0.3192,1.0,0.5906,4.12,0.0,0.0115,15.84
WRK-07492,0.3157,37.88,0,0.6112,1,0.7483,0.2852,0.9061,0.44,3.0,0.2499,1.37
WRK-07493,0.5889,22.2,0,0.852,0,0.2941,1.0,0.7597,3.38,0.0,0.1057,5.37
WRK-07494,0.4822,73.22,0,0.9866,1,0.6799,0.3193,0.8167,2.95,3.0,0.1293,7.12
WRK-07495,0.3527,49.99,0,0.6564,0,0.3623,1.0,0.5857,0.5,0.0,0.1193,4.64
WRK-07496,0.2664,6.61,0,0.584,0,0.6206,0.1032,0.6551,0.08,1.0,0.321,0.0
WRK-07497,0.4216,52.16,1,0.8441,0,0.5769,0.276,0.7136,0.02,2.0,0.0966,10.21
WRK-07498,0.3803,62.05,1,0.9768,0,0.1727,1.0,0.7723,1.74,2.0,0.309,11.95
WRK-07499,0.6917,133.7,1,1.0,0,0.5442,0.3606,0.9005,3.48,4.0,0.2545,15.72
WRK-07500,0.5171,32.59,0,0.7775,0,0.827,0.6498,0.7105,1.18,1.0,0.1205,2.17
WRK-07501,0.3998,55.35,0,0.7819,0,0.934,1.0,0.6532,0.33,0.0,0.2076,1.2
WRK-07502,0.6593,103.84,1,1.0,1,0.1777,1.0,0.5709,2.57,3.0,0.3468,20.08
WRK-07503,0.421,43.07,0,0.7819,0,0.9314,0.9972,0.9207,0.19,0.0,0.0914,2.86
WRK-07504,0.6534,117.04,1,1.0,1,0.2746,1.0,0.677,0.17,3.0,0.278,20.16
WRK-07505,0.4662,46.28,0,0.7681,0,0.5264,0.3575,0.2512,41.1,4.7,0.6212,13.86
WRK-07506,0.6944,65.46,0,0.7869,0,0.7502,0.4702,0.7433,0.79,3.0,0.1202,4.32
WRK-07507,0.5442,27.09,1,0.878,0,0.5429,0.2756,0.6532,1.74,2.0,0.0506,10.63
WRK-07508,0.3673,56.35,0,0.8223,0,0.9323,0.8172,0.7656,0.17,0.0,0.0867,6.91
WRK-07509,0.3416,39.72,0,0.5349,1,0.489,0.5418,0.5069,6.58,0.0,0.3924,2.97
WRK-07510,0.6484,121.43,1,0.9599,0,0.0846,1.0,0.198,78.63,13.3,0.8715,28.62
WRK-07511,0.6452,58.33,1,1.0,0,0.2875,0.9351,0.713,0.33,1.0,0.1491,17.36
WRK-07512,0.3721,58.18,0,0.9825,0,0.8721,0.5752,0.8094,1.75,0.0,0.0428,6.99
WRK-07513,0.6465,67.47,1,0.9221,0,0.6599,0.1192,0.8066,5.73,2.0,0.0403,16.94
WRK-07514,0.4879,91.31,0,1.0,0,0.4433,0.7619,0.5722,0.5,4.0,0.2177,9.48
WRK-07515,0.4557,74.21,0,1.0,0,0.2488,1.0,0.6143,2.44,2.0,0.3965,5.76
WRK-07516,0.5659,65.64,0,1.0,1,0.6965,0.1656,0.8132,1.88,1.0,0.1961,3.76
WRK-07517,0.6953,89.84,0,1.0,0,0.2509,1.0,0.5115,0.59,0.0,0.1142,9.51
WRK-07518,0.3612,11.71,0,0.5956,0,0.4856,0.5083,0.7955,0.81,1.0,0.184,1.31
WRK-07519,0.6152,31.82,0,0.7224,0,0.8575,0.8405,0.8417,3.77,0.0,0.0116,3.2
WRK-07520,0.6949,40.28,0,0.8659,1,0.2885,0.9406,0.7443,0.42,1.0,0.2791,8.06
WRK-07521,0.6626,12.19,0,0.7246,1,0.7461,0.676,0.6388,0.52,0.0,0.1023,1.05
WRK-07522,0.3691,18.48,0,0.5469,0,0.8318,0.5368,0.7101,3.4,1.0,0.238,1.41
WRK-07523,0.676,54.12,0,0.7748,0,0.3935,0.7953,0.7861,1.06,0.0,0.0378,7.39
WRK-07524,0.4837,88.52,0,1.0,0,0.5061,0.6694,0.8281,1.22,3.0,0.1178,11.85
WRK-07525,0.6918,93.5,1,0.9313,1,0.3655,0.8826,0.7287,3.63,5.0,0.3416,20.02
WRK-07526,0.6522,205.33,1,1.0,0,0.3439,0.7899,0.879,2.11,4.0,0.1924,22.27
WRK-07527,0.5549,86.32,0,1.0,0,0.7301,0.3096,0.8813,0.49,2.0,0.2623,6.04
WRK-07528,0.5665,36.33,0,0.9049,0,0.1141,1.0,0.8867,1.92,0.0,0.0268,6.13
WRK-07529,0.4464,58.47,0,0.6747,1,1.0,0.9618,0.2537,40.11,7.6,0.9494,26.58
WRK-07530,0.6183,167.41,1,1.0,0,0.3677,0.7185,0.8283,0.71,1.0,0.4179,18.49
WRK-07531,0.685,76.93,0,0.7598,0,0.4281,1.0,0.7553,6.15,0.0,0.2824,3.18
WRK-07532,0.2985,70.12,1,0.5868,0,0.4724,0.5403,0.6964,4.02,2.0,0.1128,7.59
WRK-07533,0.4035,46.93,1,0.8986,1,0.3709,0.7205,0.7601,2.97,2.0,0.0048,14.39
WRK-07534,0.605,103.91,1,0.9366,0,0.05,1.0,0.7547,2.96,1.0,0.4988,12.6
WRK-07535,0.573,12.8,0,0.7526,1,0.8587,0.667,0.752,1.34,1.0,0.3427,3.29
WRK-07536,0.6304,75.32,0,0.9269,0,0.1837,1.0,0.6692,1.3,2.0,0.3288,6.31
WRK-07537,0.5958,36.19,0,0.8222,0,0.3913,1.0,0.1591,39.28,4.5,0.6977,28.1
WRK-07538,0.5159,59.77,1,0.7458,0,0.4735,0.8709,0.4802,0.14,2.0,0.0568,14.13
WRK-07539,0.5316,70.64,0,1.0,0,0.6066,0.5134,0.7918,0.33,1.0,0.0548,0.0
WRK-07540,0.49,52.16,0,0.6099,0,0.6483,0.0211,0.1935,47.18,8.0,0.794,24.32
WRK-07541,0.5486,47.1,0,0.6558,1,0.6577,0.084,0.8578,0.01,0.0,0.2384,3.5
WRK-07542,0.3215,42.01,0,0.6555,0,0.6146,0.0995,0.8172,2.77,1.0,0.0336,1.12
WRK-07543,0.4162,53.17,0,1.0,1,0.4941,0.5841,0.907,1.82,1.0,0.2305,7.17
WRK-07544,0.4335,4.52,0,0.5238,0,0.6244,0.2487,0.4598,1.89,0.0,0.3486,2.79
WRK-07545,0.6797,90.48,0,0.9823,0,0.3652,0.9264,0.7973,0.16,1.0,0.0659,8.04
WRK-07546,0.4176,47.32,0,0.6832,0,0.5851,0.3626,0.7228,2.96,1.0,0.1099,3.75
WRK-07547,0.3801,44.35,0,0.7944,0,0.8995,0.6348,0.7903,1.0,2.0,0.1519,2.99
WRK-07548,0.4023,66.16,0,0.775,0,0.6008,0.222,0.7935,6.96,1.0,0.0289,2.38
WRK-07549,0.8097,78.6,1,0.9414,0,0.3755,1.0,0.8133,4.22,1.0,0.0857,12.43
WRK-07550,0.362,58.16,0,0.8329,0,0.759,0.3,0.7897,1.09,0.0,0.2456,1.71
WRK-07551,0.5349,76.02,0,0.9469,0,0.3048,1.0,0.549,0.04,0.0,0.2793,5.92
WRK-07552,0.7219,76.78,0,0.9156,0,0.3058,1.0,0.7604,6.56,1.0,0.1782,5.87
WRK-07553,0.5537,93.55,0,0.8794,1,0.1021,1.0,0.7784,0.01,2.0,0.3872,9.93
WRK-07554,0.3335,25.43,0,0.5456,0,0.6924,0.122,0.7895,4.83,0.0,0.3214,1.63
WRK-07555,0.597,93.7,0,0.9471,0,0.2112,1.0,0.8218,0.39,2.0,0.2769,11.97
WRK-07556,0.7652,107.51,1,1.0,0,0.1877,1.0,0.8933,5.7,4.0,0.3517,23.23
WRK-07557,0.4206,63.4,0,0.665,0,0.8443,0.5302,0.7891,0.04,0.0,0.1465,3.25
WRK-07558,0.4432,62.62,0,0.79,0,0.6628,0.1451,0.6419,0.03,1.0,0.1283,2.22
WRK-07559,0.6034,66.39,0,0.9818,0,0.3786,0.6954,0.7077,2.35,1.0,0.0182,5.41
WRK-07560,0.5661,26.67,0,0.6631,1,0.4805,0.4328,0.6474,0.41,0.0,0.2081,1.35
WRK-07561,0.4057,58.94,1,0.6762,0,0.4135,0.8572,0.268,33.29,8.5,0.7785,33.69
WRK-07562,0.7599,98.06,0,1.0,1,0.413,0.6003,0.6948,5.24,4.0,0.3884,8.25
WRK-07563,0.6367,81.55,0,0.9256,1,0.1413,1.0,0.7335,1.56,3.0,0.2948,11.25
WRK-07564,0.3978,97.41,0,0.8896,1,0.7054,0.1847,0.9134,3.65,6.0,0.2247,10.47
WRK-07565,0.633,85.34,0,1.0,0,0.5154,0.6354,0.5533,0.87,0.0,0.3051,11.02
WRK-07566,0.2267,22.59,0,0.7216,0,0.9132,0.7474,0.6346,1.83,1.0,0.2581,0.48
WRK-07567,0.7023,102.56,1,0.9408,0,0.5023,0.4343,0.3988,1.61,6.0,0.507,18.77
WRK-07568,0.4531,50.63,0,0.8427,0,0.2459,1.0,0.5561,1.7,1.0,0.3596,4.31
WRK-07569,0.4476,51.63,0,1.0,0,0.565,0.2356,0.6449,1.19,1.0,0.3386,5.05
WRK-07570,0.599,89.94,0,0.856,0,0.2626,1.0,0.5513,0.58,0.0,0.0358,8.33
WRK-07571,0.3211,43.41,0,0.5762,0,0.4133,0.7227,0.538,7.46,1.0,0.2817,1.01
WRK-07572,0.3828,26.04,0,0.6827,1,0.2853,1.0,0.6582,0.53,1.0,0.1013,2.91
WRK-07573,0.3446,11.7,1,0.8309,1,0.6199,0.1941,0.8795,0.91,4.0,0.022,15.68
WRK-07574,0.3548,34.91,0,0.5361,0,0.7496,0.3993,0.7137,0.26,2.0,0.3022,2.15
WRK-07575,0.6428,129.58,0,1.0,0,0.6035,0.1914,0.6661,1.9,0.0,0.005,10.33
WRK-07576,0.4413,34.29,0,0.7423,0,0.7739,0.7975,0.6728,0.74,0.0,0.0356,3.56
WRK-07577,0.5011,0.0,0,0.5496,0,0.2886,1.0,0.1176,46.23,3.5,0.7259,17.64
WRK-07578,0.4324,50.72,0,0.9384,0,0.5696,0.5038,0.8986,0.28,1.0,0.3658,1.58
WRK-07579,0.631,98.02,0,1.0,0,0.2107,1.0,0.5937,2.18,2.0,0.1138,11.21
WRK-07580,0.3526,43.69,0,0.6386,0,0.2977,0.9093,0.5656,0.74,0.0,0.341,3.01
WRK-07581,0.7135,72.06,1,0.9934,0,0.2602,1.0,0.9015,1.75,1.0,0.0034,16.42
WRK-07582,0.6547,29.45,0,0.6937,0,0.3657,0.7432,0.569,0.51,0.0,0.2085,5.84
WRK-07583,0.5978,48.63,0,0.8625,0,0.6355,0.8361,0.6336,1.48,1.0,0.1213,4.7
WRK-07584,0.5397,80.16,0,1.0,0,0.561,0.3052,0.8054,0.82,1.0,0.2972,5.8
WRK-07585,0.807,141.54,1,1.0,0,0.3895,0.7093,0.6977,4.07,5.0,0.4794,20.56
WRK-07586,0.8573,118.48,1,1.0,0,0.6766,0.1255,0.7408,0.15,3.0,0.4648,15.15
WRK-07587,0.4699,70.26,0,0.7667,0,0.5354,0.5021,0.4422,0.45,2.0,0.2737,2.82
WRK-07588,0.6756,36.05,1,0.6799,0,0.5838,0.2933,0.7577,8.77,3.0,0.3955,6.71
WRK-07589,0.7834,87.7,0,1.0,1,0.3706,0.7647,0.8284,3.73,2.0,0.06,9.7
WRK-07590,0.6615,82.04,1,0.9244,0,0.05,1.0,0.5676,4.51,5.0,0.2761,17.54
WRK-07591,0.748,94.79,0,1.0,0,0.7151,0.1912,0.613,0.62,0.0,0.1321,12.57
WRK-07592,0.2543,43.59,0,0.8524,0,0.5105,0.6556,0.9174,8.7,0.0,0.3898,6.04
WRK-07593,0.6734,105.15,0,1.0,1,0.5769,0.659,0.5466,0.42,1.0,0.1249,13.53
WRK-07594,0.2765,45.01,0,0.7538,0,0.5639,0.2482,0.8541,2.92,0.0,0.0485,0.0
WRK-07595,0.55,101.75,0,0.9309,1,0.794,0.4709,0.1378,82.07,11.2,0.8974,30.04
WRK-07596,0.4654,46.64,0,0.6349,0,0.6578,0.0356,0.7966,6.95,2.0,0.049,1.97
WRK-07597,0.3109,60.99,0,0.7106,0,0.2803,0.9667,0.8131,0.33,1.0,0.2908,0.73
WRK-07598,0.6794,115.6,1,0.938,0,0.1905,1.0,0.2231,45.34,11.4,0.9617,40.44
WRK-07599,0.7311,170.92,0,1.0,0,0.4416,0.7706,0.893,2.17,1.0,0.2972,16.18
WRK-07600,0.4946,76.17,0,1.0,0,0.3356,0.8422,0.9017,1.47,0.0,0.0525,8.28
WRK-07601,0.4777,39.67,0,0.7348,1,0.4122,0.7761,0.8135,0.94,0.0,0.0147,5.29
WRK-07602,0.7919,111.49,1,1.0,0,0.1131,1.0,0.8469,1.75,1.0,0.5337,19.9
WRK-07603,0.4729,70.04,0,1.0,0,0.1572,1.0,0.7593,0.07,1.0,0.0142,7.78
WRK-07604,0.5853,19.94,0,0.7834,1,0.4705,0.4609,0.7732,1.22,4.0,0.0559,4.6
WRK-07605,0.6243,91.3,0,0.9855,0,0.6301,0.1326,0.8989,2.05,3.0,0.011,9.36
WRK-07606,0.4657,55.84,1,0.9795,0,0.2638,1.0,0.607,6.76,5.0,0.1853,18.1
WRK-07607,0.7378,90.67,1,0.903,0,0.2963,0.9192,0.5823,2.75,3.0,0.3695,18.3
WRK-07608,0.6276,25.19,0,0.7301,1,0.9852,1.0,0.4717,0.22,2.0,0.2973,5.59
WRK-07609,0.4162,76.03,0,1.0,0,0.1808,1.0,0.6611,3.11,5.0,0.2332,6.97
WRK-07610,0.6764,69.65,0,0.9715,0,0.5305,0.4922,0.8868,0.41,1.0,0.1488,4.03
WRK-07611,0.6409,97.89,0,1.0,0,0.5424,0.3558,0.9033,5.61,1.0,0.3455,12.23
WRK-07612,0.4975,33.21,0,0.8208,0,0.6453,0.0961,0.6581,3.7,1.0,0.0026,5.36
WRK-07613,0.5681,106.09,1,0.9774,0,0.1317,1.0,0.841,0.26,3.0,0.4049,16.55
WRK-07614,0.3889,51.24,0,0.7106,0,0.6686,0.0902,0.4746,0.36,0.0,0.1289,0.0
WRK-07615,0.5007,53.17,0,0.7903,0,0.61,0.2041,0.826,0.39,1.0,0.2918,1.13
WRK-07616,0.3372,56.44,0,0.652,0,0.473,0.6144,0.7849,1.55,0.0,0.3376,2.36
WRK-07617,0.6428,112.15,0,1.0,0,0.2952,0.9874,0.7383,2.36,3.0,0.2942,13.97
WRK-07618,0.3624,23.95,0,0.4774,0,0.6143,0.3157,0.6468,5.62,2.0,0.3541,3.57
WRK-07619,0.5644,48.19,0,0.998,0,0.4658,0.4672,0.7294,0.16,0.0,0.2645,5.19
WRK-07620,0.4011,40.08,0,0.6239,0,0.362,0.7732,0.5906,0.42,1.0,0.2495,0.0
WRK-07621,0.334,9.09,0,0.5176,0,0.397,1.0,0.417,0.85,2.0,0.2302,2.69
WRK-07622,0.5823,102.99,1,1.0,0,0.342,0.8719,0.805,2.37,0.0,0.3931,17.78
WRK-07623,0.359,79.02,0,0.8815,0,0.6868,0.134,0.2108,71.34,7.3,0.9003,21.14
WRK-07624,0.5923,30.75,0,0.9269,0,0.678,0.0783,0.5528,2.07,1.0,0.3876,6.57
WRK-07625,0.3692,23.83,0,0.5472,0,0.71,0.3633,0.8002,2.46,2.0,0.159,1.22
WRK-07626,0.6544,65.45,0,0.9691,0,0.1214,1.0,0.5021,1.95,3.0,0.3173,5.37
WRK-07627,0.652,32.83,0,0.7931,0,0.3796,0.7319,0.5359,0.76,1.0,0.2731,2.56
WRK-07628,0.8266,89.8,0,1.0,0,0.6872,0.1513,0.9252,3.92,3.0,0.1624,4.63
WRK-07629,0.2683,66.81,0,0.7608,0,0.518,0.5326,0.8047,1.83,1.0,0.3828,0.0
WRK-07630,0.7318,73.01,0,0.937,0,0.5719,0.3832,0.811,1.53,0.0,0.2828,6.2
WRK-07631,0.4981,49.86,0,0.9558,0,0.5445,0.3123,0.7668,0.43,0.0,0.013,3.92
WRK-07632,0.6431,96.71,0,0.9958,0,0.5014,0.7075,0.6847,0.96,1.0,0.2892,11.08
WRK-07633,0.4062,16.65,0,0.5684,1,0.5122,0.38,0.4321,1.32,0.0,0.0446,1.13
WRK-07634,0.5419,87.18,0,0.9385,0,0.1435,1.0,0.798,0.22,0.0,0.212,14.04
WRK-07635,0.837,96.82,0,1.0,0,0.6557,0.199,0.6857,0.61,2.0,0.3651,10.79
WRK-07636,0.5212,88.53,0,1.0,1,0.2491,1.0,0.8462,3.96,2.0,0.2703,8.81
WRK-07637,0.4808,16.56,0,0.7922,0,0.4649,0.5222,0.822,0.12,0.0,0.2123,5.17
WRK-07638,0.3532,50.75,0,0.7292,0,0.3186,0.9701,0.8172,1.07,0.0,0.1417,2.29
WRK-07639,0.3137,49.71,0,0.6845,0,0.8026,0.4669,0.6628,0.28,1.0,0.2702,4.09
WRK-07640,0.4249,102.07,1,0.8029,1,0.7384,0.2427,0.6703,5.78,4.0,0.4825,15.53
WRK-07641,0.3614,50.9,0,0.5321,0,0.7035,0.1469,0.6096,1.71,3.0,0.2141,3.55
WRK-07642,0.344,50.39,0,0.8108,0,0.5672,0.3378,0.9183,0.12,0.0,0.2249,1.78
WRK-07643,0.7421,101.86,0,1.0,0,0.4445,0.5632,0.8103,1.02,2.0,0.193,10.92
WRK-07644,0.5021,54.85,0,0.5538,0,0.6181,0.0876,0.684,0.6,1.0,0.0513,1.07
WRK-07645,0.7178,106.34,1,1.0,0,0.1548,1.0,0.7447,0.82,3.0,0.4425,20.16
WRK-07646,0.6255,88.64,0,0.9358,0,0.8665,0.6469,0.746,5.26,2.0,0.1135,10.03
WRK-07647,0.6848,80.52,0,1.0,0,0.7385,0.4259,0.8104,0.3,4.0,0.2231,11.11
WRK-07648,0.7184,145.4,0,1.0,0,0.6166,0.1909,0.7267,0.68,1.0,0.3129,14.12
WRK-07649,0.5634,57.53,0,0.9162,0,0.2648,1.0,0.9304,8.06,0.0,0.1744,4.76
WRK-07650,0.3478,40.5,0,0.6375,0,0.5878,0.2494,0.3437,70.83,5.3,0.8928,25.1
WRK-07651,0.4563,59.98,0,0.975,0,0.2582,1.0,0.6994,0.78,0.0,0.1597,6.39
WRK-07652,0.6699,91.23,0,1.0,0,0.6144,0.1147,0.1692,41.91,6.1,0.7984,25.99
WRK-07653,0.4807,81.5,0,1.0,1,0.3941,0.6606,0.6228,1.12,2.0,0.3993,8.83
WRK-07654,0.4968,74.58,0,0.9722,0,0.4644,0.4838,0.5213,0.76,1.0,0.1615,5.67
WRK-07655,0.428,38.81,1,0.9578,0,0.7071,0.3806,0.8248,0.76,3.0,0.3835,8.69
WRK-07656,0.5332,50.34,0,0.923,0,0.7525,0.507,0.7061,2.48,0.0,0.2051,5.65
WRK-07657,0.4503,29.95,0,0.5033,0,0.5142,0.4074,0.842,3.72,1.0,0.3282,2.22
WRK-07658,0.5842,17.67,0,0.5539,0,0.8354,0.4679,0.8292,5.1,0.0,0.0354,3.56
WRK-07659,0.369,24.77,0,0.6649,1,0.9541,0.9651,0.4946,0.8,1.0,0.0702,1.74
WRK-07660,0.6759,116.39,1,0.9279,1,0.6564,0.1344,0.7157,1.67,8.0,0.3346,15.15
WRK-07661,0.8763,89.89,0,0.811,0,0.7213,0.3476,0.8663,2.08,2.0,0.1068,9.08
WRK-07662,0.6955,99.53,0,0.909,0,0.1701,1.0,0.862,3.06,0.0,0.3177,11.39
WRK-07663,0.6746,112.08,1,0.936,0,0.4681,0.5906,0.6623,0.05,1.0,0.5799,13.94
WRK-07664,0.571,71.35,0,1.0,0,0.4772,0.4656,0.599,0.27,0.0,0.0694,7.73
WRK-07665,0.5723,57.77,0,0.7743,0,0.4762,0.5542,0.7158,6.83,0.0,0.3578,1.99
WRK-07666,0.5873,69.25,1,0.9165,0,0.6316,0.2436,0.7285,4.14,4.0,0.083,12.61
WRK-07667,0.6842,94.92,0,1.0,1,0.6288,0.2242,0.8472,0.32,2.0,0.0924,9.74
WRK-07668,0.6421,59.36,0,0.9536,0,0.7468,0.6218,0.8697,1.66,1.0,0.2086,4.29
WRK-07669,0.4649,76.83,0,1.0,0,0.2338,1.0,0.6149,9.93,2.0,0.154,2.17
WRK-07670,0.3661,62.08,0,1.0,0,0.6494,0.0332,0.5925,0.03,0.0,0.3152,2.94
WRK-07671,0.8275,98.69,1,0.9705,0,0.2797,1.0,0.0597,22.06,10.1,0.9157,34.69
WRK-07672,0.6578,71.59,0,0.9297,0,0.3754,0.7095,0.6273,0.03,1.0,0.2237,5.22
WRK-07673,0.3028,49.68,0,0.7882,1,0.8502,0.5593,0.8416,4.63,0.0,0.2825,2.8
WRK-07674,0.5002,51.55,0,0.7745,0,0.7937,0.4886,0.6727,8.08,0.0,0.2289,2.43
WRK-07675,0.3397,0.0,0,0.49,0,0.6452,0.0352,0.6651,0.19,0.0,0.1995,1.74
WRK-07676,0.7468,99.87,0,0.9805,0,0.8368,0.5832,0.8084,1.91,2.0,0.2678,9.66
WRK-07677,0.5173,52.05,0,0.7492,0,0.8962,0.8829,0.7266,0.5,1.0,0.2649,2.62
WRK-07678,0.4879,67.98,0,0.7497,0,0.6106,0.2141,0.7988,0.43,0.0,0.1258,1.37
WRK-07679,0.5043,134.07,1,1.0,0,0.05,1.0,0.6551,7.04,2.0,0.3866,17.12
WRK-07680,0.5356,79.57,1,1.0,0,0.3178,0.9454,0.6107,3.63,0.0,0.3444,16.92
WRK-07681,0.472,45.24,0,0.9499,0,0.3737,0.7219,0.815,1.01,1.0,0.3009,7.48
WRK-07682,0.3737,72.7,0,0.942,0,0.5893,0.3334,0.717,0.11,1.0,0.1863,6.26
WRK-07683,0.4413,66.89,0,0.8646,0,0.1358,1.0,0.8777,3.18,0.0,0.1878,5.76
WRK-07684,0.2712,38.67,0,0.7521,0,0.8857,0.7017,0.8551,1.77,1.0,0.3361,3.27
WRK-07685,0.6654,76.45,0,0.8884,0,0.6211,0.0862,0.227,53.79,7.2,0.634,16.84
WRK-07686,0.2908,46.15,0,0.6004,0,0.8898,0.7981,0.6268,5.62,2.0,0.2603,0.18
WRK-07687,0.6971,163.99,0,1.0,0,0.6932,0.3987,0.8699,2.08,2.0,0.2222,9.74
WRK-07688,0.6625,74.99,0,1.0,0,0.1964,1.0,0.7388,0.25,0.0,0.2668,9.66
WRK-07689,0.8059,153.86,1,1.0,0,0.2758,0.9755,0.4656,1.7,3.0,0.3777,23.53
WRK-07690,0.3144,16.82,0,0.5091,0,0.8372,1.0,0.834,2.96,0.0,0.1647,0.0
WRK-07691,0.4961,29.99,0,0.5168,0,0.6897,0.1043,0.758,0.34,0.0,0.2745,3.75
WRK-07692,0.7257,110.96,1,1.0,0,0.3281,0.9336,0.5986,0.21,4.0,0.2852,21.76
WRK-07693,0.4456,67.72,1,1.0,0,0.2601,1.0,0.6411,0.29,6.0,0.3591,14.46
WRK-07694,0.3113,61.71,0,0.7057,0,0.807,0.4831,0.8562,0.18,1.0,0.3463,0.0
WRK-07695,0.2845,57.09,0,0.6916,1,0.3239,0.8425,0.7329,1.39,0.0,0.1258,1.48
WRK-07696,0.4217,50.71,0,0.5456,1,0.3888,0.7261,0.7728,2.59,1.0,0.3233,3.46
WRK-07697,0.591,84.73,0,0.8779,0,0.4626,0.4826,0.7692,1.35,4.0,0.3734,10.44
WRK-07698,0.6459,48.41,0,1.0,0,0.5251,0.4492,0.7173,3.27,0.0,0.2095,5.4
WRK-07699,0.6656,152.69,1,1.0,0,0.1696,1.0,0.81,0.63,6.0,0.3557,19.12
WRK-07700,0.4079,57.59,0,1.0,0,0.6295,0.1458,0.9,0.89,2.0,0.3458,2.54
WRK-07701,0.6687,95.55,0,0.9575,0,0.8197,0.4431,0.6333,0.3,1.0,0.0211,9.39
WRK-07702,0.6251,80.81,0,0.8706,0,0.1923,1.0,0.9318,1.87,3.0,0.1795,11.67
WRK-07703,0.6507,68.47,0,0.9069,0,0.5362,0.285,0.7105,0.94,0.0,0.0364,5.19
WRK-07704,0.5589,79.26,1,1.0,0,0.6722,0.1422,0.8746,1.56,1.0,0.235,11.49
WRK-07705,0.3894,9.64,0,0.639,0,1.0,1.0,0.4739,0.37,1.0,0.3732,3.23
WRK-07706,0.4897,111.29,0,1.0,1,0.4052,0.6571,0.3834,0.29,3.0,0.2009,12.09
WRK-07707,0.4664,59.49,0,0.7674,0,0.8386,0.524,0.5767,1.19,2.0,0.1975,3.33
WRK-07708,0.5446,79.2,0,0.8241,1,0.392,0.7713,0.7217,3.73,1.0,0.0975,6.75
WRK-07709,0.7113,86.06,1,0.7507,0,0.6934,0.3272,0.7379,3.03,9.0,0.1963,12.84
WRK-07710,0.6628,90.93,0,1.0,0,0.8917,0.907,0.5297,1.52,5.0,0.2483,9.95
WRK-07711,0.5514,85.5,0,1.0,0,0.382,0.68,0.4728,1.62,2.0,0.1965,9.81
WRK-07712,0.5985,13.73,0,0.8524,0,0.2969,0.8874,0.8286,7.15,0.0,0.1947,7.46
WRK-07713,0.6638,93.61,1,0.9493,0,0.05,1.0,0.6428,0.46,5.0,0.1627,20.47
WRK-07714,0.5326,72.29,0,0.9651,0,0.4515,0.5091,0.6861,2.05,2.0,0.2778,3.82
WRK-07715,0.5266,37.04,0,0.8978,1,0.3954,0.7653,0.7799,3.78,2.0,0.1374,6.15
WRK-07716,0.6998,80.38,0,0.9553,0,0.5158,0.3922,0.7759,0.89,1.0,0.1185,11.12
WRK-07717,0.3751,61.7,0,0.7464,0,0.7355,0.7352,0.8462,1.44,0.0,0.0576,4.71
WRK-07718,0.4369,39.6,0,0.6923,0,0.8943,0.6288,0.6589,9.56,1.0,0.0772,0.84
WRK-07719,0.6499,83.09,0,0.8886,1,0.8118,0.4264,0.8541,0.1,2.0,0.1841,11.31
WRK-07720,0.8518,82.53,1,1.0,0,0.2107,1.0,0.7807,0.92,8.0,0.2609,20.07
WRK-07721,0.8814,77.06,0,0.9439,0,0.6166,0.1801,0.8048,5.89,0.0,0.3369,8.07
WRK-07722,0.7499,114.76,1,1.0,0,0.39,0.7941,0.8763,3.66,7.0,0.2938,16.73
WRK-07723,0.5733,49.76,0,0.681,0,0.828,0.5055,0.8987,2.43,0.0,0.0442,2.62
WRK-07724,0.5969,109.45,1,1.0,0,0.4133,1.0,0.7373,5.07,1.0,0.3062,13.95
WRK-07725,0.2663,35.67,0,0.7985,0,0.8329,0.6488,0.4835,1.2,2.0,0.1097,3.37
WRK-07726,0.3743,62.84,0,0.7945,0,0.3901,0.6687,0.707,3.24,0.0,0.0131,0.0
WRK-07727,0.7233,87.69,1,1.0,0,0.5175,0.4932,0.679,1.19,2.0,0.2682,16.71
WRK-07728,0.4641,81.14,0,1.0,0,0.3148,0.8972,0.5156,9.91,1.0,0.1311,10.74
WRK-07729,0.4186,55.51,0,0.7305,0,0.7087,0.2003,0.7627,7.15,5.0,0.1748,0.53
WRK-07730,0.4721,8.42,0,0.5147,0,0.9079,0.6606,0.6989,1.4,1.0,0.2926,2.35
WRK-07731,0.8223,100.92,1,1.0,0,0.3658,0.7289,0.8422,3.13,2.0,0.4076,16.22
WRK-07732,0.5825,57.9,0,0.8566,0,0.7989,0.6041,0.5874,2.06,1.0,0.293,9.05
WRK-07733,0.5668,60.34,0,1.0,0,0.6778,0.2499,0.7899,3.99,0.0,0.2374,7.16
WRK-07734,0.6681,137.06,1,1.0,1,0.3696,0.7385,0.6445,1.66,8.0,0.5234,22.39
WRK-07735,0.6526,76.77,0,0.9318,0,0.2038,1.0,0.7044,2.4,2.0,0.0611,8.99
WRK-07736,0.4858,57.22,0,0.9441,0,0.0565,1.0,0.5642,1.36,0.0,0.1935,8.4
WRK-07737,0.7184,24.27,0,0.9298,0,0.765,0.4785,0.6165,0.62,0.0,0.3707,4.03
WRK-07738,0.6218,88.58,0,0.6793,0,0.8178,0.4662,0.8281,1.55,1.0,0.1806,5.8
WRK-07739,0.3636,104.58,0,0.8854,0,0.5209,0.624,0.765,3.12,1.0,0.1841,11.69
WRK-07740,0.7686,81.13,1,0.9865,0,0.05,1.0,0.5528,3.77,4.0,0.3391,23.32
WRK-07741,0.6439,16.29,0,0.7967,1,0.4623,0.5642,0.6087,1.85,0.0,0.1675,4.02
WRK-07742,0.4122,51.33,0,1.0,0,0.6331,0.0724,0.7749,2.41,2.0,0.2066,5.64
WRK-07743,0.4291,63.07,0,0.755,0,0.4747,0.4652,0.7144,18.7,1.0,0.2005,2.19
WRK-07744,0.5098,39.09,1,0.7949,0,0.3935,0.7785,0.688,2.82,3.0,0.0623,8.31
WRK-07745,0.5556,28.21,0,0.8339,0,0.8714,0.6151,0.738,0.55,0.0,0.1357,8.75
WRK-07746,0.8083,95.68,0,1.0,1,0.3634,0.7443,0.3834,5.07,2.0,0.3022,10.45
WRK-07747,0.3857,68.33,0,0.7592,0,0.7237,0.3425,0.9347,2.29,0.0,0.0815,2.72
WRK-07748,0.8072,93.91,1,1.0,0,0.05,1.0,0.8421,0.81,6.0,0.1856,12.0
WRK-07749,0.6581,98.56,1,0.9323,0,0.3428,0.8286,0.7323,0.95,4.0,0.3033,18.62
WRK-07750,0.5661,39.31,0,0.5509,1,0.7451,0.2612,0.3526,0.45,1.0,0.3723,1.9
WRK-07751,0.4255,46.63,0,0.6001,0,0.4238,0.5897,0.5663,4.02,3.0,0.3832,2.34
WRK-07752,0.6722,78.09,1,0.9176,0,0.3703,0.7362,0.8475,5.11,2.0,0.2178,9.55
WRK-07753,0.596,45.87,1,0.8077,0,0.5829,0.201,0.6976,0.24,4.0,0.3181,14.33
WRK-07754,0.693,91.19,0,0.9742,0,0.7283,0.4235,0.8236,0.69,0.0,0.0724,7.76
WRK-07755,0.4064,26.34,0,0.7431,0,0.4828,0.4941,0.6743,1.76,0.0,0.1009,2.88
WRK-07756,0.3608,18.94,1,0.5733,0,0.7617,0.3634,0.6514,1.12,3.0,0.3974,12.35
WRK-07757,0.5295,32.57,1,0.9013,0,0.2395,1.0,0.317,48.77,9.7,0.782,27.24
WRK-07758,0.5926,250.22,0,1.0,0,0.2045,1.0,0.1811,52.88,5.6,0.832,30.71
WRK-07759,0.4442,60.94,0,0.8,0,0.3683,0.7972,0.5131,2.05,0.0,0.3751,1.86
WRK-07760,0.5146,119.58,0,1.0,1,0.7126,0.3081,0.7796,2.72,0.0,0.2652,11.3
WRK-07761,0.4522,68.66,0,1.0,1,0.2223,1.0,0.6741,0.83,4.0,0.302,6.37
WRK-07762,0.4195,52.5,0,0.7439,0,0.7939,0.3746,0.7168,1.03,1.0,0.2068,1.04
WRK-07763,0.6578,94.01,0,1.0,0,0.9081,0.7827,0.5229,1.9,1.0,0.1364,6.68
WRK-07764,0.3471,4.29,0,0.4545,0,0.807,0.5518,0.6296,0.41,0.0,0.1902,0.64
WRK-07765,0.6732,108.63,0,0.8899,0,0.426,0.9372,0.7991,1.82,1.0,0.3515,10.03
WRK-07766,0.3373,51.15,0,0.8116,0,0.4156,0.6834,0.5726,0.01,2.0,0.024,2.96
WRK-07767,0.3809,9.75,1,0.5393,0,0.2832,0.9553,0.7275,0.94,3.0,0.0876,9.98
WRK-07768,0.6846,85.69,0,0.9912,0,0.3298,1.0,0.1532,19.79,7.1,0.801,31.6
WRK-07769,0.408,82.86,0,1.0,0,0.6098,0.3689,0.8562,1.23,2.0,0.0138,8.27
WRK-07770,0.4014,25.16,0,0.543,0,0.6144,0.2017,0.769,0.12,0.0,0.2009,4.41
WRK-07771,0.5709,31.77,0,0.7352,0,0.705,0.2211,0.8096,0.36,3.0,0.0941,1.93
WRK-07772,0.7067,107.34,1,1.0,1,0.5429,0.4903,0.8597,2.65,1.0,0.1719,18.84
WRK-07773,0.8437,80.33,1,0.8918,0,0.0646,1.0,0.7946,0.24,1.0,0.2482,19.57
WRK-07774,0.3687,12.27,0,0.4925,0,0.4894,0.4327,0.8747,0.47,0.0,0.2764,0.14
WRK-07775,0.6977,110.1,1,1.0,1,0.4318,0.7833,0.7877,1.18,6.0,0.5401,20.8
WRK-07776,0.4162,60.31,0,0.8342,1,0.8993,0.6484,0.6221,0.7,2.0,0.0938,4.04
WRK-07777,0.3723,42.76,1,0.7806,0,0.6527,0.1887,0.5685,0.04,4.0,0.2741,7.82
WRK-07778,0.4349,16.39,0,0.453,0,1.0,0.9801,0.4847,6.73,2.0,0.2196,0.72
WRK-07779,0.6251,75.71,1,0.7285,0,0.6628,0.8417,0.6091,1.98,2.0,0.298,14.5
WRK-07780,0.4346,70.87,0,1.0,0,0.8537,0.7868,0.7895,0.19,2.0,0.2491,7.72
WRK-07781,0.6069,114.22,1,0.8634,0,0.584,0.2417,0.6387,0.97,3.0,0.4529,19.37
WRK-07782,0.4712,2.53,0,0.7175,0,0.7907,0.3555,0.7,0.1,1.0,0.2165,1.29
WRK-07783,0.3099,68.09,0,0.7393,0,0.7593,0.2808,0.1746,103.8,5.2,0.647,20.18
WRK-07784,0.363,40.36,0,0.5971,0,0.4699,0.4806,0.7907,3.44,1.0,0.1873,3.3
WRK-07785,0.7499,63.7,0,0.8058,1,0.9036,0.7821,0.6158,1.82,3.0,0.2592,6.87
WRK-07786,0.6658,71.44,0,0.8299,0,0.8608,0.5315,0.4862,8.38,0.0,0.2189,5.92
WRK-07787,0.5248,54.94,0,0.6175,0,0.8986,0.7273,0.8781,1.53,0.0,0.116,3.94
WRK-07788,0.7101,67.71,0,0.9235,0,0.2715,1.0,0.6182,5.02,0.0,0.3695,4.78
WRK-07789,0.4919,52.86,0,0.8439,0,0.5691,0.3214,0.7937,1.6,0.0,0.367,3.39
WRK-07790,0.5306,35.69,0,0.4682,1,0.3527,1.0,0.7249,0.95,2.0,0.3048,4.42
WRK-07791,0.3722,18.91,0,0.5724,0,0.8983,0.6317,0.6598,0.32,1.0,0.3868,5.27
WRK-07792,0.655,102.14,1,1.0,0,0.4585,0.786,0.853,1.7,1.0,0.514,20.31
WRK-07793,0.3991,63.23,0,0.7754,0,0.8713,0.6467,0.8937,1.79,0.0,0.3503,0.61
WRK-07794,0.6035,67.99,0,1.0,0,0.3968,0.8395,0.7942,1.36,0.0,0.0789,8.68
WRK-07795,0.7202,117.29,1,1.0,0,0.05,1.0,0.7199,0.9,3.0,0.24,18.89
WRK-07796,0.6281,72.97,0,0.9296,0,0.8054,0.5015,0.7563,1.69,1.0,0.3467,6.71
WRK-07797,0.497,61.02,0,0.8099,1,0.4527,0.5968,0.6099,0.63,1.0,0.3944,4.43
WRK-07798,0.4847,33.56,0,0.6991,0,0.5058,0.418,0.1642,67.74,6.2,0.6903,24.64
WRK-07799,0.6927,78.78,1,0.9187,0,0.5879,0.3474,0.1307,65.28,10.6,0.6901,40.14
WRK-07800,0.5831,32.3,0,0.8513,0,0.3232,0.8818,0.8305,0.3,0.0,0.184,8.01
WRK-07801,0.6648,91.57,0,0.8372,0,0.3967,0.6761,0.7262,0.19,3.0,0.0596,9.29
WRK-07802,0.5953,22.54,0,0.7981,1,0.6122,0.4359,0.9084,1.74,2.0,0.0878,6.72
WRK-07803,0.281,40.14,0,0.7098,0,0.5982,0.1738,0.8844,1.45,0.0,0.0121,3.21
WRK-07804,0.463,42.83,0,0.6623,0,0.8835,0.7871,0.8624,1.85,1.0,0.3585,6.42
WRK-07805,0.413,59.39,0,0.7968,1,1.0,1.0,0.7008,3.42,1.0,0.0512,3.95
WRK-07806,0.629,43.34,0,0.6009,0,0.4712,0.7962,0.7479,3.39,1.0,0.0686,3.64
WRK-07807,0.5625,28.73,0,0.7373,1,0.4172,0.7041,0.3429,35.23,6.3,0.96,21.07
WRK-07808,0.6023,121.87,1,1.0,0,0.2421,1.0,0.3803,1.17,1.0,0.2347,21.85
WRK-07809,0.6097,125.05,1,1.0,0,0.2666,0.9692,0.7418,0.32,4.0,0.4619,23.4
WRK-07810,0.5844,36.16,1,0.8638,0,0.5894,0.1753,0.785,1.18,2.0,0.1951,16.44
WRK-07811,0.622,81.82,1,1.0,0,0.05,1.0,0.7544,2.47,5.0,0.0412,18.18
WRK-07812,0.3367,31.17,0,0.6425,0,0.3446,1.0,0.6961,0.99,0.0,0.3174,3.96
WRK-07813,0.7469,99.58,1,0.9217,0,0.0918,1.0,0.8123,2.24,2.0,0.39,20.09
WRK-07814,0.502,109.85,1,0.8148,0,0.1819,1.0,0.7673,3.69,3.0,0.5326,15.89
WRK-07815,0.7307,79.27,0,0.9365,0,0.2308,1.0,0.7111,3.44,2.0,0.2957,5.61
WRK-07816,0.3816,19.01,0,0.4271,0,0.6863,0.2434,0.687,0.2,0.0,0.253,0.0
WRK-07817,0.6627,86.95,0,0.9114,0,0.7797,0.7576,0.8899,0.18,4.0,0.0135,6.63
WRK-07818,0.6686,82.89,1,0.9422,0,0.6613,0.0721,0.7965,0.2,3.0,0.0461,20.13
WRK-07819,0.4269,57.91,0,0.7596,0,0.3755,0.6882,0.8157,2.22,1.0,0.0523,0.67
WRK-07820,0.484,53.18,0,0.7743,0,0.4752,0.5799,0.8299,5.16,1.0,0.326,4.21
WRK-07821,0.6376,41.85,1,1.0,0,0.4061,0.7932,0.7573,5.45,7.0,0.1326,14.71
WRK-07822,0.6545,118.91,0,0.9915,1,0.4952,0.4385,0.8435,0.24,2.0,0.0675,10.37
WRK-07823,0.6547,103.7,1,1.0,0,0.2314,1.0,0.8932,0.23,5.0,0.1569,24.36
WRK-07824,0.6685,107.66,1,1.0,0,0.5286,0.3876,0.2076,31.96,8.7,0.9724,34.91
WRK-07825,0.5103,65.58,0,0.8537,0,0.861,0.5661,0.8483,2.79,2.0,0.3139,3.18
WRK-07826,0.3071,46.58,0,0.8238,0,0.4229,0.8183,0.7393,0.33,0.0,0.3864,6.83
WRK-07827,0.3375,58.13,0,0.9897,1,0.1564,1.0,0.7628,1.67,0.0,0.182,8.49
WRK-07828,0.7535,77.82,1,0.9356,0,0.2155,1.0,0.8126,0.41,3.0,0.3529,19.33
WRK-07829,0.7716,93.96,0,0.9078,0,0.4965,0.4149,0.9227,3.28,1.0,0.3915,7.1
WRK-07830,0.5788,76.06,1,0.872,0,0.0653,1.0,0.7594,2.92,1.0,0.2386,21.92
WRK-07831,0.558,40.32,0,0.9111,0,0.4541,0.824,0.1797,28.58,4.5,0.8241,17.07
WRK-07832,0.448,86.28,0,1.0,0,0.3557,0.9642,0.8662,5.58,3.0,0.2237,9.08
WRK-07833,0.6591,70.97,0,0.9085,0,0.2185,1.0,0.5192,1.75,1.0,0.0681,5.88
WRK-07834,0.6744,102.93,0,1.0,0,0.9242,0.7575,0.8288,3.66,0.0,0.2894,8.46
WRK-07835,0.2766,30.65,0,0.5856,0,0.8827,0.6896,0.3015,27.08,5.6,0.6356,13.93
WRK-07836,0.5614,90.95,0,1.0,0,0.5371,0.6776,0.7963,1.99,4.0,0.3065,12.21
WRK-07837,0.6559,127.21,1,1.0,0,0.4341,1.0,0.6141,0.05,4.0,0.5578,21.63
WRK-07838,0.3884,40.48,0,0.7398,1,0.5558,0.2559,0.216,63.74,7.3,0.7915,21.27
WRK-07839,0.3599,51.8,0,0.7859,1,0.8726,0.6632,0.8749,1.38,1.0,0.392,1.83
WRK-07840,0.7432,135.53,0,0.9471,0,0.6642,0.069,0.686,2.17,2.0,0.3322,10.11
WRK-07841,0.6466,87.87,1,0.8461,0,0.2559,1.0,0.7522,2.79,4.0,0.2915,19.78
WRK-07842,0.5163,47.67,1,0.8671,0,0.4887,0.5937,0.8068,0.13,6.0,0.1499,15.41
WRK-07843,0.4726,62.88,0,0.8614,0,0.5768,0.4529,0.5348,3.37,1.0,0.279,7.63
WRK-07844,0.4397,62.15,0,0.7115,0,0.5983,0.155,0.6288,3.16,1.0,0.2443,1.17
WRK-07845,0.617,18.52,0,0.857,1,0.7776,0.5579,0.6452,0.37,2.0,0.2262,9.03
WRK-07846,0.4053,55.51,1,1.0,0,0.2514,1.0,0.1035,79.06,8.6,0.6155,24.24
WRK-07847,0.3682,76.97,0,1.0,0,0.863,0.6,0.7806,0.33,1.0,0.3159,5.0
WRK-07848,0.3552,23.16,1,0.5522,0,0.6856,0.2879,0.6123,0.81,5.0,0.0555,6.63
WRK-07849,0.7248,141.79,0,1.0,0,0.4565,0.5797,0.812,0.4,2.0,0.1125,15.72
WRK-07850,0.4507,48.21,0,0.8167,0,0.8603,0.5517,0.6763,5.82,2.0,0.0939,4.4
WRK-07851,0.369,65.08,0,1.0,0,0.1866,1.0,0.9222,0.46,1.0,0.1714,8.28
WRK-07852,0.6646,91.64,0,0.9688,0,0.4781,0.4641,0.809,0.87,3.0,0.3832,8.83
WRK-07853,0.4894,29.5,0,0.7523,1,0.3345,1.0,0.4601,2.27,2.0,0.2569,5.04
WRK-07854,0.5338,83.81,0,0.9693,0,0.3375,0.8272,0.5465,0.16,1.0,0.046,8.07
WRK-07855,0.4772,67.43,0,1.0,1,0.49,1.0,0.7981,0.18,0.0,0.1384,5.65
WRK-07856,0.3995,58.38,0,0.759,0,0.3189,0.9024,0.7106,0.56,2.0,0.1857,3.35
WRK-07857,0.812,109.27,1,1.0,1,0.6101,0.3825,0.7996,0.43,3.0,0.5839,22.64
WRK-07858,0.5523,36.53,0,0.6528,0,0.9238,0.8678,0.6188,2.08,0.0,0.2773,5.15
WRK-07859,0.7436,132.86,1,1.0,1,0.05,1.0,0.7225,3.96,2.0,0.4004,22.25
WRK-07860,0.3631,30.62,0,0.6682,0,0.3219,0.821,0.7932,1.26,3.0,0.25,3.28
WRK-07861,0.1876,71.02,0,0.7643,0,0.9693,0.8272,0.675,7.32,1.0,0.0754,4.02
WRK-07862,0.5591,117.49,0,1.0,0,0.1228,1.0,0.7917,0.79,2.0,0.2629,10.6
WRK-07863,0.4399,63.5,0,0.7884,0,0.9882,0.9929,0.876,0.57,0.0,0.3823,5.33
WRK-07864,0.6792,80.75,1,1.0,0,0.3009,1.0,0.6645,1.08,3.0,0.3226,24.9
WRK-07865,0.4068,20.62,0,0.9833,0,0.4829,0.5381,0.7866,0.46,0.0,0.2824,4.44
WRK-07866,0.6457,108.94,1,1.0,0,0.05,1.0,0.7368,1.22,6.0,0.4792,16.94
WRK-07867,0.3102,52.51,0,0.6672,0,0.5637,0.2511,0.6929,1.97,0.0,0.1924,0.25
WRK-07868,0.7388,88.23,1,1.0,0,0.5442,0.3429,0.7652,4.0,5.0,0.287,13.12
WRK-07869,0.6484,109.9,0,1.0,0,0.3511,0.9075,0.1276,134.6,8.4,0.8497,32.82
WRK-07870,0.7395,77.14,0,0.812,0,0.9717,1.0,0.8833,0.5,1.0,0.3514,4.55
WRK-07871,0.8053,140.22,1,1.0,1,0.3013,0.9182,0.7871,0.36,3.0,0.4963,15.94
WRK-07872,0.5167,62.63,0,1.0,0,0.7758,0.5071,0.5263,0.47,1.0,0.0421,4.48
WRK-07873,0.7488,145.0,1,0.989,1,0.4754,0.4527,0.8731,4.94,3.0,0.3752,17.81
WRK-07874,0.452,69.52,0,1.0,0,0.4213,0.7915,0.8134,11.45,4.0,0.0603,5.5
WRK-07875,0.7058,57.56,0,1.0,0,0.6981,0.6232,0.4794,2.81,0.0,0.3692,6.79
WRK-07876,0.3025,52.5,0,0.6562,0,0.9252,1.0,0.7796,5.68,2.0,0.153,2.08
WRK-07877,0.6378,97.7,0,0.9549,1,0.7737,0.4445,0.5335,2.09,1.0,0.3631,10.1
WRK-07878,0.7521,93.01,1,0.8519,0,0.0936,1.0,0.7499,1.92,4.0,0.2351,23.83
WRK-07879,0.5102,38.15,0,0.6703,0,0.7981,0.5218,0.7325,0.02,1.0,0.0181,5.94
WRK-07880,0.759,150.08,1,1.0,0,0.4088,0.6481,0.6777,1.1,9.0,0.4118,19.35
WRK-07881,0.534,69.51,1,1.0,1,0.4998,0.6561,0.7117,0.04,3.0,0.0121,11.53
WRK-07882,0.5533,99.37,1,1.0,0,0.6131,0.1136,0.6415,1.13,2.0,0.1418,19.79
WRK-07883,0.5071,0.61,0,0.5268,0,0.3097,1.0,0.9134,1.78,1.0,0.1004,4.58
WRK-07884,0.5337,28.58,0,0.8298,0,0.8862,0.7565,0.6098,3.31,0.0,0.108,3.51
WRK-07885,0.5497,52.42,0,0.6775,0,0.5163,0.4798,0.9086,0.21,0.0,0.3957,2.15
WRK-07886,0.3873,33.26,0,0.8364,0,0.7079,0.2315,0.6733,0.34,0.0,0.0181,5.74
WRK-07887,0.5005,85.26,1,1.0,0,0.05,1.0,0.6012,0.09,3.0,0.12,15.21
WRK-07888,0.6049,72.16,0,0.941,0,0.398,0.7104,0.8223,0.39,2.0,0.2913,5.03
WRK-07889,0.4958,59.83,0,0.6441,0,0.7595,0.3748,0.757,2.79,0.0,0.3301,1.99
WRK-07890,0.5754,48.17,0,0.9078,0,0.4361,0.7218,0.7516,2.01,2.0,0.0609,6.38
WRK-07891,0.5793,27.55,0,0.8347,1,0.515,0.4762,0.1576,53.75,5.9,0.7204,20.04
WRK-07892,0.2953,22.5,1,0.4157,0,0.1292,1.0,0.5441,2.08,3.0,0.3406,13.77
WRK-07893,0.4754,67.39,1,0.9875,0,0.0625,1.0,0.864,0.3,2.0,0.1202,19.39
WRK-07894,0.5356,58.07,0,0.9635,0,0.5913,0.5949,0.8256,2.31,1.0,0.012,3.1
WRK-07895,0.4396,45.97,0,0.7987,0,0.5906,0.4025,0.6596,0.67,1.0,0.0277,4.34
WRK-07896,0.7991,95.02,0,0.9538,0,0.124,1.0,0.7951,2.29,0.0,0.0457,10.31
WRK-07897,0.462,55.43,0,0.8446,0,0.4325,0.5558,0.8033,2.35,2.0,0.3601,6.11
WRK-07898,0.2779,15.39,0,0.3957,0,0.6601,0.0318,0.8214,1.11,1.0,0.0366,2.67
WRK-07899,0.4586,47.95,0,0.8556,0,0.2783,1.0,0.7847,1.95,0.0,0.2251,7.8
WRK-07900,0.6889,45.81,0,0.9683,0,0.2578,1.0,0.767,2.54,1.0,0.3941,4.74
WRK-07901,0.8517,96.12,0,1.0,0,0.2123,1.0,0.81,0.14,3.0,0.2536,11.01
WRK-07902,0.442,90.1,0,0.9486,0,0.6073,0.1117,0.1966,49.87,6.3,0.6359,31.93
WRK-07903,0.4851,107.19,0,1.0,1,0.6159,0.1623,0.8533,1.56,5.0,0.0934,9.7
WRK-07904,0.4546,27.54,0,0.6239,0,0.4044,0.7272,0.8953,4.62,0.0,0.0111,2.6
WRK-07905,0.3854,45.14,0,0.6755,0,0.5716,0.2269,0.7911,0.8,0.0,0.3922,0.0
WRK-07906,0.3432,18.88,0,0.2518,0,0.9596,0.8102,0.589,0.37,0.0,0.2781,3.52
WRK-07907,0.4286,57.36,0,0.7072,0,0.9506,0.8875,0.5628,1.36,1.0,0.2341,3.56
WRK-07908,0.4442,61.45,0,0.7497,0,0.6946,0.1269,0.7886,0.55,0.0,0.1621,2.43
WRK-07909,0.6281,105.26,0,1.0,0,0.4314,0.645,0.7413,8.93,2.0,0.1935,11.66
WRK-07910,0.8151,180.55,1,1.0,0,0.6529,0.1361,0.1967,121.9,8.4,1.0,37.64
WRK-07911,0.7155,78.92,1,1.0,0,0.05,1.0,0.6584,0.93,5.0,0.2118,12.2
WRK-07912,0.5752,106.15,1,0.9469,0,0.1374,1.0,0.826,0.22,1.0,0.2903,15.77
WRK-07913,0.6399,34.87,0,0.9128,0,0.5528,0.6867,0.2691,0.32,2.0,0.1763,7.9
WRK-07914,0.2564,2.04,0,0.5657,0,0.5024,0.389,0.8522,1.88,0.0,0.157,2.87
WRK-07915,0.5056,50.64,0,0.7714,0,0.9898,0.8517,0.881,0.26,0.0,0.1303,3.93
WRK-07916,0.3343,20.01,1,0.648,0,0.5066,0.3599,0.8109,2.14,1.0,0.078,5.94
WRK-07917,0.5715,46.7,0,0.7163,1,0.9604,0.8714,0.6914,2.15,1.0,0.2339,2.73
WRK-07918,0.6652,140.55,0,1.0,0,0.3586,0.9363,0.5044,3.33,3.0,0.1053,11.18
WRK-07919,0.5476,77.56,0,1.0,0,0.2596,0.9843,0.9065,3.24,0.0,0.0229,7.45
WRK-07920,0.6335,108.42,0,0.8922,0,0.7486,0.3267,0.3015,43.72,7.4,0.8318,20.76
WRK-07921,0.5164,54.91,1,1.0,0,0.2949,0.9375,0.7096,6.15,2.0,0.1789,10.56
WRK-07922,0.5427,73.67,0,1.0,0,0.6651,0.1597,0.6623,0.26,2.0,0.1175,5.36
WRK-07923,0.8321,77.11,1,0.978,0,0.1943,1.0,0.7877,1.51,5.0,0.224,12.59
WRK-07924,0.6626,33.22,0,0.856,0,0.2865,1.0,0.793,0.44,1.0,0.0502,6.73
WRK-07925,0.565,26.55,0,0.8461,1,0.7435,0.3978,0.8949,0.22,0.0,0.1105,4.28
WRK-07926,0.3287,72.39,0,0.7435,0,0.4572,0.842,0.6733,2.47,0.0,0.1797,0.92
WRK-07927,0.5099,18.52,0,0.6417,0,0.9664,0.8698,0.6361,1.0,0.0,0.0664,3.72
WRK-07928,0.4505,68.87,0,1.0,0,0.4074,0.651,0.8075,0.98,3.0,0.2893,5.48
WRK-07929,0.3273,17.38,1,0.566,0,0.2631,1.0,0.6338,3.52,4.0,0.332,11.92
WRK-07930,0.4466,157.53,0,1.0,0,0.6835,0.8042,0.3391,65.74,7.3,0.6185,23.67
WRK-07931,0.3798,66.57,0,0.9083,0,0.4298,0.7005,0.7485,0.66,0.0,0.1245,0.47
WRK-07932,0.6828,111.64,0,0.9762,0,0.2362,1.0,0.8464,0.36,0.0,0.0118,16.07
WRK-07933,0.6614,65.16,1,0.816,0,0.2931,1.0,0.7636,1.56,2.0,0.1906,18.07
WRK-07934,0.7385,55.18,1,0.917,0,0.3324,1.0,0.7082,2.15,2.0,0.3422,15.61
WRK-07935,0.369,68.19,1,0.6982,0,0.2038,1.0,0.8742,4.26,5.0,0.1492,12.86
WRK-07936,0.4486,34.47,0,0.8002,0,0.8771,0.6339,0.7992,0.05,3.0,0.1374,6.18
WRK-07937,0.4217,55.39,0,0.8384,1,0.9916,0.9484,0.8617,5.84,1.0,0.1736,4.0
WRK-07938,0.6968,93.1,0,0.8261,0,0.3975,0.6585,0.2734,74.32,8.2,0.6373,30.18
WRK-07939,0.7258,80.67,1,0.9689,0,0.084,1.0,0.9016,3.32,4.0,0.1163,22.12
WRK-07940,0.5057,53.6,0,0.9331,0,0.3713,0.7848,0.7169,3.24,0.0,0.1708,7.01
WRK-07941,0.3626,62.95,0,0.6995,0,0.7263,0.2023,0.8146,0.86,0.0,0.1118,3.33
WRK-07942,0.4111,1.72,0,0.4622,0,0.758,0.3694,0.4431,5.76,1.0,0.0286,1.15
WRK-07943,0.7612,54.45,1,0.8133,0,0.7133,0.2481,0.5864,7.17,2.0,0.0292,11.73
WRK-07944,0.4876,18.28,0,0.8238,0,1.0,0.9267,0.9173,6.74,0.0,0.1833,7.61
WRK-07945,0.3871,11.27,0,0.565,0,0.4811,0.4308,0.6309,0.79,2.0,0.1906,0.52
WRK-07946,0.7267,64.67,0,0.7445,0,0.4161,0.7347,0.8713,1.94,0.0,0.2079,3.52
WRK-07947,0.3379,63.9,0,0.6809,0,0.5194,0.5206,0.9217,8.45,1.0,0.2482,4.19
WRK-07948,0.5487,31.17,0,0.8364,0,0.7153,0.2308,0.7647,0.81,0.0,0.2184,6.91
WRK-07949,0.647,79.77,0,0.9744,1,0.3056,1.0,0.2908,49.69,5.7,0.8601,27.89
WRK-07950,0.6151,121.95,1,1.0,0,0.4716,0.6704,0.8423,0.27,2.0,0.3355,22.21
WRK-07951,0.4135,73.46,0,0.8362,0,0.5882,0.3419,0.5406,5.54,1.0,0.3937,6.99
WRK-07952,0.5525,30.53,0,0.7286,0,0.2807,1.0,0.5396,4.42,1.0,0.304,3.99
WRK-07953,0.4244,14.8,0,0.5776,0,0.8935,0.6126,0.6712,0.34,1.0,0.0769,1.03
WRK-07954,0.625,119.36,1,1.0,0,0.2442,1.0,0.5753,0.33,3.0,0.5104,24.6
WRK-07955,0.4008,46.77,0,0.6941,0,1.0,1.0,0.9111,1.86,2.0,0.3184,1.88
WRK-07956,0.6605,22.49,0,0.8245,0,0.7752,0.6814,0.635,0.91,0.0,0.1045,3.92
WRK-07957,0.5662,39.07,0,0.7088,0,0.7563,0.405,0.6797,0.78,2.0,0.1668,1.93
WRK-07958,0.7824,65.53,1,0.803,0,0.1777,1.0,0.6575,6.22,2.0,0.0554,15.92
WRK-07959,0.2858,15.17,0,0.4698,0,0.6536,0.1637,0.2191,61.67,5.2,0.9309,14.09
WRK-07960,0.4361,68.9,0,0.7613,0,0.7177,0.2445,0.8192,0.24,1.0,0.2265,2.11
WRK-07961,0.4413,62.84,0,0.9062,0,0.8615,0.5668,0.7299,0.87,0.0,0.2785,7.14
WRK-07962,0.7427,101.31,1,1.0,1,0.4941,0.6075,0.115,62.63,10.5,1.0,32.19
WRK-07963,0.5882,99.51,0,1.0,0,0.9088,0.715,0.6134,4.66,1.0,0.0032,9.05
WRK-07964,0.5429,80.61,1,0.7635,0,0.6398,0.0932,0.7479,1.75,3.0,0.2264,13.96
WRK-07965,0.6924,110.71,1,1.0,0,0.2305,1.0,0.7144,3.35,5.0,0.3991,16.45
WRK-07966,0.7078,106.44,1,1.0,0,0.19,1.0,0.5968,2.05,8.0,0.3611,20.38
WRK-07967,0.573,26.7,0,0.9483,1,0.4932,0.5042,0.5458,2.57,0.0,0.017,7.65
WRK-07968,0.5822,3.18,0,0.8643,0,0.3668,1.0,0.8204,1.92,3.0,0.1513,5.82
WRK-07969,0.7373,69.99,0,1.0,0,0.2285,1.0,0.2889,49.18,4.7,0.6995,15.83
WRK-07970,0.5124,87.87,0,1.0,0,0.3026,0.9724,0.7411,2.27,3.0,0.1745,7.88
WRK-07971,0.5924,12.18,0,0.7573,0,0.8625,0.7974,0.9201,0.01,1.0,0.0098,3.95
WRK-07972,0.698,140.82,1,1.0,0,0.05,1.0,0.6772,0.41,1.0,0.5104,18.44
WRK-07973,0.6866,71.11,0,0.8431,0,0.5974,0.2226,0.8498,0.08,3.0,0.0401,7.97
WRK-07974,0.6895,52.95,0,0.8291,0,0.4293,0.7185,0.7897,2.41,0.0,0.3011,9.69
WRK-07975,0.5614,26.79,0,0.837,1,0.7842,0.39,0.5934,1.41,0.0,0.2129,3.77
WRK-07976,0.6834,85.19,0,0.8989,0,0.4921,0.7176,0.9259,1.81,2.0,0.2884,12.65
WRK-07977,0.7282,114.55,1,1.0,0,0.3455,0.8434,0.4812,1.42,3.0,0.5326,17.77
WRK-07978,0.3626,17.31,0,0.5472,0,1.0,1.0,0.6359,0.03,0.0,0.1405,3.65
WRK-07979,0.6452,235.27,1,1.0,0,0.3586,0.9329,0.2904,50.69,6.9,1.0,39.06
WRK-07980,0.3967,21.67,0,0.636,1,0.4764,0.515,0.8405,2.64,2.0,0.0104,1.42
WRK-07981,0.3395,2.96,1,0.4621,0,0.58,0.2328,0.7573,2.63,3.0,0.3785,12.95
WRK-07982,0.3684,26.2,0,0.4762,1,0.9785,0.8924,0.5959,1.3,1.0,0.1281,4.62
WRK-07983,0.5868,106.05,0,1.0,0,0.6244,0.316,0.6347,3.23,1.0,0.374,8.85
WRK-07984,0.6886,100.5,1,1.0,0,0.1575,1.0,0.696,1.49,4.0,0.4905,15.2
WRK-07985,0.4467,30.94,0,0.6714,0,0.7599,0.5566,0.9196,0.3,1.0,0.0515,3.93
WRK-07986,0.703,91.99,1,0.9849,0,0.3888,1.0,0.772,3.22,6.0,0.1585,19.99
WRK-07987,0.2893,44.74,0,0.7237,0,1.0,0.915,0.8855,4.02,0.0,0.3236,0.22
WRK-07988,0.5272,63.49,0,1.0,1,0.2287,1.0,0.2342,30.0,5.0,0.8235,22.37
WRK-07989,0.7296,141.61,1,1.0,0,0.6706,0.0931,0.7675,0.06,6.0,0.3713,21.9
WRK-07990,0.4705,53.62,1,0.8497,0,0.5552,0.2431,0.7926,1.58,4.0,0.3464,10.18
WRK-07991,0.6119,23.98,0,0.8102,0,0.7769,0.3701,0.4822,1.08,1.0,0.1758,5.51
WRK-07992,0.6081,78.35,0,1.0,0,0.6643,0.0482,0.6784,1.29,0.0,0.0649,6.18
WRK-07993,0.4836,43.27,0,0.6978,0,0.4191,0.7072,0.7953,2.77,0.0,0.0799,0.0
WRK-07994,0.7154,78.43,1,0.9895,1,0.1127,1.0,0.6541,0.97,1.0,0.2157,14.92
WRK-07995,0.2685,35.37,1,0.69,0,0.1457,1.0,0.8346,3.82,2.0,0.0649,8.75
WRK-07996,0.6943,101.21,0,0.9003,0,0.3985,0.7181,0.1096,48.62,8.8,0.6673,31.73
WRK-07997,0.3675,48.45,0,0.6624,0,0.5941,0.2006,0.7439,0.38,1.0,0.1051,1.09
WRK-07998,0.4355,128.4,1,1.0,0,0.5677,0.2563,0.8238,2.77,3.0,0.2541,14.04
WRK-07999,0.491,45.17,0,0.7319,1,0.6321,0.0455,0.7877,1.19,1.0,0.2917,0.76
WRK-08000,0.5398,38.08,0,0.9694,0,0.7461,0.6123,0.5025,4.02,0.0,0.3262,5.49
WRK-08001,0.3612,33.57,1,0.8259,0,0.3568,0.9755,0.7868,0.18,1.0,0.3823,19.53
WRK-08002,0.2515,49.87,0,0.7126,0,0.8267,0.534,0.7408,2.7,1.0,0.1427,0.0
WRK-08003,0.5818,59.28,0,0.9614,0,0.1653,1.0,0.5428,3.66,2.0,0.0515,6.13
WRK-08004,0.4605,82.69,0,1.0,0,0.2654,0.9645,0.7698,1.19,1.0,0.1658,11.07
WRK-08005,0.3214,20.83,1,0.5847,0,0.3542,0.8392,0.3068,49.57,9.7,0.8414,26.79
WRK-08006,0.3597,50.5,0,0.7094,0,1.0,1.0,0.7036,0.04,1.0,0.379,3.28
WRK-08007,0.7417,64.26,0,0.765,1,0.6911,0.1496,0.0653,17.56,4.9,0.8417,16.23
WRK-08008,0.4461,16.04,1,0.7657,0,0.5374,0.2939,0.8468,0.15,2.0,0.1451,9.39
WRK-08009,0.4907,76.95,0,1.0,1,0.2866,1.0,0.4515,0.43,1.0,0.1674,5.63
WRK-08010,0.6033,84.92,0,1.0,0,0.384,0.7434,0.5472,0.74,4.0,0.2853,12.99
WRK-08011,0.608,129.6,1,1.0,0,0.578,0.3097,0.2212,86.48,14.2,0.9054,29.39
WRK-08012,0.4617,40.02,0,0.9064,0,0.498,0.5889,0.7977,1.52,2.0,0.2199,8.48
WRK-08013,0.6704,100.56,1,1.0,0,0.05,1.0,0.8736,0.93,2.0,0.3206,18.29
WRK-08014,0.6807,133.36,0,1.0,0,0.7063,0.5171,0.1219,75.61,9.7,0.6955,20.65
WRK-08015,0.4688,61.23,0,0.7671,0,0.343,1.0,0.5729,1.83,1.0,0.0416,3.79
WRK-08016,0.4872,28.52,0,0.9826,1,0.523,0.3249,0.6862,2.71,1.0,0.089,6.04
WRK-08017,0.6727,69.07,1,0.805,0,0.1583,1.0,0.1225,54.78,4.5,0.8429,32.71
WRK-08018,0.6211,45.29,0,0.9175,0,0.6802,0.2089,0.7887,5.54,0.0,0.3217,10.17
WRK-08019,0.417,23.83,1,0.9966,0,0.6492,0.0984,0.7433,4.44,2.0,0.1376,16.43
WRK-08020,0.6495,115.36,1,1.0,0,0.0881,1.0,0.6984,0.63,6.0,0.2661,22.96
WRK-08021,0.4039,69.28,0,1.0,0,0.824,0.6179,0.9288,2.77,2.0,0.3516,3.9
WRK-08022,0.3958,76.55,0,1.0,0,0.8316,0.5712,0.5233,1.73,0.0,0.1188,4.57
WRK-08023,0.4009,26.24,0,0.583,0,0.835,0.4879,0.7955,0.62,0.0,0.3799,0.91
WRK-08024,0.5064,26.22,1,0.8147,1,0.6719,0.1844,0.8375,0.5,3.0,0.1389,11.27
WRK-08025,0.4527,26.24,0,0.7838,1,0.8339,0.6208,0.5824,0.59,0.0,0.3546,2.3
WRK-08026,0.4859,5.55,0,0.3938,0,0.3241,0.9451,0.6241,4.13,0.0,0.059,5.9
WRK-08027,0.7236,123.11,0,1.0,0,0.3888,0.7894,0.6509,2.06,3.0,0.1844,11.45
WRK-08028,0.5654,143.16,0,1.0,0,0.4189,0.857,0.7066,3.19,1.0,0.241,12.85
WRK-08029,0.562,80.77,1,0.9444,0,0.1532,1.0,0.6257,5.0,6.0,0.163,17.35
WRK-08030,0.6975,120.29,1,1.0,0,0.2334,1.0,0.7646,0.35,4.0,0.5371,22.38
WRK-08031,0.4572,60.96,1,0.9564,0,0.2472,1.0,0.8482,1.18,1.0,0.3749,8.26
WRK-08032,0.77,78.95,0,1.0,0,0.4505,0.5154,0.6323,0.42,0.0,0.1885,6.5
WRK-08033,0.4493,58.56,0,0.6098,1,0.5222,0.3367,0.7427,0.41,1.0,0.2327,3.62
WRK-08034,0.504,73.56,0,1.0,0,0.2417,1.0,0.8398,3.59,0.0,0.0767,5.59
WRK-08035,0.3683,52.0,0,0.7102,0,0.4283,0.9366,0.8484,1.49,1.0,0.1633,3.82
WRK-08036,0.7193,99.54,0,0.9606,1,0.5701,0.6548,0.8431,0.43,0.0,0.1372,10.48
WRK-08037,0.2779,17.94,0,0.5048,1,1.0,0.8801,0.6748,0.86,1.0,0.3472,1.42
WRK-08038,0.8244,130.56,1,1.0,0,0.3193,0.8489,0.7695,1.13,7.0,0.1995,25.9
WRK-08039,0.5138,60.2,0,0.9209,0,0.7141,0.9184,0.7236,3.34,2.0,0.0749,8.58
WRK-08040,0.334,75.43,0,1.0,0,0.8219,0.5028,0.6051,7.19,2.0,0.3566,8.43
WRK-08041,0.4444,17.79,0,0.4687,0,0.7442,0.3939,0.6186,1.59,1.0,0.2716,0.74
WRK-08042,0.7293,39.0,0,1.0,0,0.5133,0.4875,0.49,3.45,1.0,0.2014,5.38
WRK-08043,0.3626,49.3,0,0.7354,0,0.6756,0.4443,0.5555,4.89,0.0,0.3835,2.72
WRK-08044,0.594,33.77,0,0.8425,0,0.4116,0.6294,0.8814,4.93,1.0,0.2952,3.29
WRK-08045,0.6455,59.58,0,0.8469,0,0.3928,1.0,0.8389,0.19,1.0,0.3026,7.51
WRK-08046,0.4868,86.12,0,1.0,0,0.378,0.9429,0.8925,0.49,4.0,0.1039,6.93
WRK-08047,0.5594,120.15,1,1.0,0,0.2094,1.0,0.7779,1.43,5.0,0.2502,20.23
WRK-08048,0.38,25.55,0,0.5177,0,0.5093,0.3756,0.8774,0.46,1.0,0.2568,4.33
WRK-08049,0.4035,43.72,1,0.7379,0,0.1076,1.0,0.8691,0.26,1.0,0.2476,7.89
WRK-08050,0.5939,42.93,1,0.7434,0,0.5768,0.1848,0.6997,3.28,2.0,0.2314,15.32
WRK-08051,0.3364,61.41,0,0.9551,0,0.3609,0.8771,0.2958,59.63,7.9,0.9682,15.55
WRK-08052,0.3575,13.21,1,0.5738,0,0.5671,0.3925,0.5613,0.75,3.0,0.0296,4.54
WRK-08053,0.783,77.1,0,0.9105,0,0.386,0.7363,0.5547,2.93,0.0,0.115,4.63
WRK-08054,0.3807,48.1,0,0.6369,0,0.5127,0.396,0.4337,1.06,1.0,0.0577,2.26
WRK-08055,0.3863,62.48,0,0.7032,0,0.6326,0.1643,0.6221,8.9,1.0,0.0552,2.48
WRK-08056,0.3333,30.71,0,0.6831,0,0.7075,0.5147,0.07,50.9,12.3,0.775,16.34
WRK-08057,0.5754,86.49,0,1.0,1,0.4379,0.5414,0.6858,0.42,3.0,0.1988,8.64
WRK-08058,0.5339,75.39,0,0.8648,0,0.7692,0.6231,0.4515,1.4,1.0,0.1349,3.61
WRK-08059,0.3497,58.05,1,0.7986,0,0.5098,0.5243,0.604,0.35,4.0,0.246,10.93
WRK-08060,0.3009,16.66,0,0.6433,0,0.7346,0.3821,0.7999,1.13,2.0,0.17,1.25
WRK-08061,0.6894,82.67,0,1.0,0,0.3403,1.0,0.7024,0.61,0.0,0.0477,14.87
WRK-08062,0.587,130.22,0,1.0,0,0.7111,0.2771,0.7267,1.52,2.0,0.017,10.7
WRK-08063,0.5116,24.74,0,0.7521,0,0.502,0.3869,0.299,150.0,7.2,0.8083,23.46
WRK-08064,0.4438,85.42,0,1.0,0,0.7428,0.258,0.4575,2.95,0.0,0.0768,8.88
WRK-08065,0.4461,75.13,0,0.8101,0,0.462,0.6593,0.887,2.63,1.0,0.2883,6.19
WRK-08066,0.3577,64.07,0,0.7827,0,0.8838,0.8092,0.7421,0.56,2.0,0.3087,2.97
WRK-08067,0.4651,38.78,0,0.816,1,1.0,0.875,0.6562,2.02,1.0,0.0888,3.0
WRK-08068,0.6569,92.17,0,0.9285,0,0.3199,0.8437,0.8039,0.67,0.0,0.1672,13.36
WRK-08069,0.5354,62.42,1,0.7312,0,0.1651,1.0,0.6901,1.98,3.0,0.293,8.13
WRK-08070,0.7303,91.86,0,0.9696,0,0.7346,0.4021,0.7987,0.24,3.0,0.3677,10.03
WRK-08071,0.6712,130.77,0,1.0,1,0.574,0.3402,0.4824,2.67,1.0,0.1243,9.78
WRK-08072,0.6701,97.95,1,0.8612,0,0.1676,1.0,0.8834,1.62,0.0,0.1049,22.74
WRK-08073,0.2359,40.04,1,0.7154,0,0.4177,0.6986,0.1622,19.52,8.1,0.9872,27.11
WRK-08074,0.4688,57.45,0,0.9372,0,0.8061,0.8562,0.1041,48.67,7.4,0.6014,30.12
WRK-08075,0.418,40.54,0,0.6681,1,0.963,0.952,0.7886,0.97,2.0,0.3616,2.62
WRK-08076,0.3753,46.36,0,0.7393,0,0.5173,0.4034,0.7074,1.3,2.0,0.051,1.94
WRK-08077,0.5898,79.31,0,1.0,0,0.5611,0.3508,0.8014,2.37,1.0,0.2359,3.22
WRK-08078,0.6472,80.76,1,0.8369,0,0.4955,0.5977,0.8952,2.01,6.0,0.0668,22.74
WRK-08079,0.7994,157.14,1,1.0,0,0.2225,1.0,0.7795,2.53,2.0,0.2441,17.77
WRK-08080,0.5374,41.81,0,0.6205,0,0.4683,0.7693,0.8335,3.77,1.0,0.3865,1.73
WRK-08081,0.3057,8.66,0,0.4571,1,0.3543,0.8981,0.7259,1.48,0.0,0.0407,2.55
WRK-08082,0.6386,83.21,1,0.8471,0,0.1594,1.0,0.7921,0.27,1.0,0.2108,19.41
WRK-08083,0.6106,139.43,0,1.0,0,0.5769,0.2776,0.7617,5.17,2.0,0.2821,9.1
WRK-08084,0.5148,72.08,0,0.8936,0,0.3431,0.7994,0.7139,8.21,1.0,0.0037,6.33
WRK-08085,0.4116,36.36,0,0.6339,0,0.7649,0.3873,0.8079,0.61,1.0,0.1269,1.28
WRK-08086,0.5574,37.23,0,1.0,0,0.7463,0.5434,0.1489,47.57,8.3,0.6322,19.76
WRK-08087,0.4429,59.96,0,0.6809,0,0.2813,1.0,0.1615,26.09,5.9,0.978,19.43
WRK-08088,0.3323,6.67,0,0.4871,0,0.5844,0.3525,0.8397,8.56,0.0,0.2146,4.29
WRK-08089,0.5591,59.86,0,0.7419,0,0.5651,0.3227,0.1827,27.87,7.2,0.6659,24.71
WRK-08090,0.6799,75.52,0,0.9587,0,0.5745,0.676,0.8695,1.52,0.0,0.1867,3.91
WRK-08091,0.5815,74.29,1,0.9173,0,0.05,1.0,0.7526,1.26,5.0,0.1059,21.6
WRK-08092,0.4616,67.29,0,1.0,0,0.5713,0.2891,0.7957,3.4,1.0,0.3373,5.19
WRK-08093,0.4986,47.88,0,0.7284,0,0.6702,0.1326,0.6937,0.84,0.0,0.2872,1.19
WRK-08094,0.516,44.09,0,0.955,1,0.5834,0.2356,0.6984,1.32,1.0,0.3785,3.94
WRK-08095,0.556,92.67,0,0.9827,0,0.2504,1.0,0.7873,0.89,2.0,0.3939,13.65
WRK-08096,0.43,79.89,1,0.9537,0,0.543,0.8494,0.7129,1.75,2.0,0.3252,18.94
WRK-08097,0.4187,58.42,0,0.892,0,0.4937,0.4026,0.7226,2.02,0.0,0.0494,5.91
WRK-08098,0.5328,61.1,1,0.9991,0,0.1954,1.0,0.492,0.43,0.0,0.2856,15.81
WRK-08099,0.6501,120.85,0,1.0,0,0.6155,0.2505,0.5926,2.05,2.0,0.1805,8.29
WRK-08100,0.4658,21.38,0,0.7134,0,0.9629,1.0,0.846,0.38,0.0,0.2711,1.46
WRK-08101,0.7081,120.23,1,0.9947,0,0.3675,0.9274,0.585,3.9,6.0,0.4375,18.64
WRK-08102,0.3101,6.89,0,0.5699,0,0.7053,0.1699,0.4534,1.48,4.0,0.3292,4.06
WRK-08103,0.5443,12.95,0,0.7495,0,0.803,0.517,0.4972,0.68,0.0,0.2963,2.62
WRK-08104,0.3561,72.1,0,0.8323,0,0.8017,0.7991,0.6048,2.75,2.0,0.2508,4.24
WRK-08105,0.5779,21.76,0,0.6581,0,0.6694,0.086,0.6379,1.77,0.0,0.3942,1.21
WRK-08106,0.801,79.74,0,0.9353,0,0.5416,0.2945,0.6432,2.24,1.0,0.0219,5.2
WRK-08107,0.6503,88.47,0,0.9555,0,0.6848,0.1731,0.6996,3.88,4.0,0.3914,4.37
WRK-08108,0.7227,111.4,0,1.0,0,0.6093,0.1791,0.8952,0.01,2.0,0.3941,10.29
WRK-08109,0.402,24.03,0,0.5967,0,0.5152,0.6892,0.791,1.3,0.0,0.3477,1.96
WRK-08110,0.4519,57.7,0,0.6362,0,0.4524,0.6068,0.655,0.16,1.0,0.0707,4.18
WRK-08111,0.4668,83.27,0,1.0,0,0.433,0.7785,0.5387,5.25,0.0,0.0695,5.7
WRK-08112,0.3814,62.39,0,0.7558,1,0.7642,0.4865,0.6114,1.09,0.0,0.091,2.29
WRK-08113,0.5768,59.87,0,0.9052,1,0.5758,0.1929,0.6955,2.17,0.0,0.273,7.76
WRK-08114,0.4569,49.21,0,1.0,0,0.5806,0.2802,0.3298,96.7,5.8,0.6892,15.8
WRK-08115,0.4076,72.59,0,1.0,0,0.4312,0.6745,0.7963,0.03,0.0,0.0527,6.21
WRK-08116,0.4611,29.38,0,0.5466,1,0.5078,0.5407,0.8193,0.69,0.0,0.2967,2.58
WRK-08117,0.7279,89.15,0,1.0,0,0.6239,0.1297,0.6313,1.76,1.0,0.347,10.19
WRK-08118,0.6618,88.47,0,0.967,0,0.2402,1.0,0.8678,2.09,5.0,0.291,12.31
WRK-08119,0.7872,105.75,0,0.9016,0,0.2628,1.0,0.7233,1.02,3.0,0.2981,11.77
WRK-08120,0.3031,45.72,0,0.7781,0,0.9702,0.8661,0.6437,3.56,0.0,0.1763,2.82
WRK-08121,0.7818,80.01,0,0.9781,0,0.4321,0.5647,0.9195,2.49,0.0,0.0512,10.63
WRK-08122,0.3096,23.52,0,0.5635,0,0.53,0.347,0.8564,1.32,0.0,0.2806,0.0
WRK-08123,0.4169,52.43,0,0.7863,0,0.4358,0.5805,0.0987,83.09,6.4,0.6754,26.0
WRK-08124,0.353,45.63,0,0.6814,0,0.4777,0.4582,0.8649,2.34,0.0,0.1273,1.82
WRK-08125,0.3762,62.7,0,0.7331,0,0.5543,0.5601,0.5005,1.08,1.0,0.3443,1.92
WRK-08126,0.6551,35.29,0,0.7227,0,0.4604,0.6267,0.7302,0.48,1.0,0.2648,0.79
WRK-08127,0.8285,71.92,1,0.8878,0,0.0744,1.0,0.6588,2.97,3.0,0.1088,16.66
WRK-08128,0.6323,78.54,0,0.9593,0,0.7499,0.5541,0.6315,1.54,0.0,0.0427,8.91
WRK-08129,0.5768,50.73,0,0.9807,0,0.5117,0.4193,0.621,1.16,0.0,0.1889,2.76
WRK-08130,0.7246,138.37,1,1.0,0,0.05,1.0,0.8594,2.78,2.0,0.2842,23.17
WRK-08131,0.6884,21.35,0,0.9794,1,0.8952,0.7001,0.8521,2.19,0.0,0.0403,5.89
WRK-08132,0.2809,66.5,0,0.753,0,0.8509,0.5432,0.944,0.83,1.0,0.102,0.16
WRK-08133,0.4302,53.09,0,0.7377,0,0.3698,0.9453,0.8893,1.26,1.0,0.276,5.07
WRK-08134,0.4218,62.82,0,0.9835,0,0.2573,0.9847,0.6501,1.88,1.0,0.0585,6.12
WRK-08135,0.2115,56.55,0,0.7941,1,0.5369,0.3128,0.779,0.57,2.0,0.3797,4.08
WRK-08136,0.3712,40.05,0,0.596,1,0.7706,0.3226,0.8628,0.05,0.0,0.1995,1.02
WRK-08137,0.5978,61.06,0,0.8563,0,0.5415,0.4531,0.9202,1.48,0.0,0.1474,3.63
WRK-08138,0.3275,24.2,0,0.5137,0,0.8114,0.4679,0.6257,1.09,2.0,0.0482,0.7
WRK-08139,0.4433,16.89,0,0.612,1,0.6448,0.2372,0.8337,3.17,2.0,0.1698,3.19
WRK-08140,0.6459,37.79,0,0.9599,1,0.3464,1.0,0.6667,2.4,2.0,0.1102,6.1
WRK-08141,0.449,70.77,1,0.688,0,0.2025,1.0,0.5987,2.05,1.0,0.0021,7.71
WRK-08142,0.6896,93.48,1,0.8227,0,0.6076,0.1201,0.8278,4.06,2.0,0.2794,21.22
WRK-08143,0.5427,101.11,0,0.9721,0,0.356,0.9454,0.8864,2.03,0.0,0.0526,13.36
WRK-08144,0.3427,78.77,0,0.7966,0,0.6209,0.1414,0.6054,1.92,1.0,0.3658,1.77
WRK-08145,0.7226,56.04,0,0.8448,0,0.3807,0.9379,0.7009,2.13,1.0,0.2708,8.45
WRK-08146,0.6849,98.6,1,0.9077,0,0.5093,0.3527,0.7168,0.32,4.0,0.019,19.16
WRK-08147,0.4094,11.53,0,0.4662,0,0.675,0.1769,0.7844,0.8,0.0,0.2755,1.11
WRK-08148,0.5607,20.58,0,0.8382,1,0.4185,0.8225,0.8836,1.02,1.0,0.0678,6.69
WRK-08149,0.8954,144.1,0,1.0,0,0.4659,0.4996,0.7511,3.86,3.0,0.234,11.2
WRK-08150,0.6856,111.31,1,1.0,0,0.5029,0.7566,0.2,70.96,9.3,1.0,33.05
WRK-08151,0.5784,62.32,0,0.741,0,0.8749,0.6298,0.9157,0.52,1.0,0.092,2.15
WRK-08152,0.6907,137.29,0,1.0,1,0.4838,0.4461,0.4766,2.44,2.0,0.1414,9.28
WRK-08153,0.8155,97.71,0,1.0,0,0.6081,0.2379,0.2514,59.83,7.7,0.9347,34.11
WRK-08154,0.302,33.97,0,0.7283,1,0.6873,0.2925,0.193,131.7,4.7,0.7877,21.44
WRK-08155,0.6948,107.91,0,0.894,0,0.1204,1.0,0.5801,3.95,2.0,0.1242,13.64
WRK-08156,0.6185,89.69,1,0.8992,0,0.3893,1.0,0.8957,0.24,4.0,0.1067,15.39
WRK-08157,0.7312,102.4,1,1.0,0,0.05,1.0,0.8577,0.58,3.0,0.3576,22.35
WRK-08158,0.6478,28.55,0,0.721,0,0.8597,0.74,0.8503,0.4,1.0,0.3784,2.56
WRK-08159,0.4103,37.97,0,0.7302,0,0.859,0.7472,0.7389,9.93,0.0,0.3116,2.17
WRK-08160,0.7776,114.16,1,1.0,0,0.05,1.0,0.9022,6.01,5.0,0.565,18.46
WRK-08161,0.4964,36.65,0,0.8137,1,0.5655,0.3211,0.8476,0.56,1.0,0.1419,5.51
WRK-08162,0.4142,90.22,0,1.0,0,0.7829,0.4264,0.8547,7.51,1.0,0.3825,6.53
WRK-08163,0.4813,77.18,0,1.0,1,0.5543,0.245,0.8552,1.86,1.0,0.1756,6.45
WRK-08164,0.4769,72.86,0,0.8981,1,0.3264,0.8341,0.5987,1.31,1.0,0.3569,7.1
WRK-08165,0.4651,45.4,0,1.0,0,0.3212,1.0,0.7254,6.81,1.0,0.1182,5.74
WRK-08166,0.3233,41.03,1,0.7686,1,0.2707,1.0,0.7743,0.77,1.0,0.3401,10.69
WRK-08167,0.8159,109.7,1,1.0,0,0.0946,1.0,0.6875,1.0,5.0,0.3486,22.54
WRK-08168,0.451,78.52,0,1.0,0,0.8738,0.6133,0.6749,2.93,1.0,0.1417,3.72
WRK-08169,0.7941,83.54,0,0.9115,0,0.7187,0.294,0.8006,1.06,3.0,0.3574,11.81
WRK-08170,0.651,80.68,0,1.0,1,0.5884,0.3462,0.8591,1.43,0.0,0.1513,9.28
WRK-08171,0.4319,49.99,0,0.5916,0,0.9947,0.8741,0.5855,6.13,1.0,0.3169,1.2
WRK-08172,0.4246,8.65,1,0.5248,0,0.367,1.0,0.6496,1.32,2.0,0.069,11.32
WRK-08173,0.4141,83.35,0,1.0,0,0.779,0.4299,0.7237,1.42,1.0,0.0467,5.51
WRK-08174,0.6794,76.42,0,0.9836,0,0.7283,0.3269,0.7759,1.87,0.0,0.3133,6.82
WRK-08175,0.8743,131.39,0,1.0,0,0.2565,1.0,0.7704,1.02,1.0,0.3955,6.43
WRK-08176,0.6701,97.22,0,0.9329,1,0.9122,0.6614,0.8592,0.12,3.0,0.3763,10.88
WRK-08177,0.6221,43.73,0,0.8875,1,0.643,0.0367,0.9449,4.12,0.0,0.3819,4.06
WRK-08178,0.7755,92.66,1,1.0,0,0.1791,1.0,0.6933,2.25,4.0,0.0573,18.56
WRK-08179,0.4246,55.28,0,0.6767,0,0.6151,0.1032,0.6552,0.14,1.0,0.2972,2.67
WRK-08180,0.5649,17.61,0,0.7168,0,0.4246,0.6643,0.8242,0.21,0.0,0.2318,4.64
WRK-08181,0.7238,88.64,0,0.7935,0,0.8118,0.4993,0.7284,1.79,3.0,0.1405,5.56
WRK-08182,0.7811,104.97,1,1.0,0,0.1756,1.0,0.8639,0.27,1.0,0.3586,16.3
WRK-08183,0.2918,20.09,1,0.6388,0,0.3378,1.0,0.8412,0.7,2.0,0.1517,13.23
WRK-08184,0.4698,81.71,0,0.8526,0,0.498,0.4072,0.8112,0.25,3.0,0.1571,8.65
WRK-08185,0.6353,72.11,0,0.8464,1,0.5611,0.3164,0.2408,55.81,3.7,0.7677,20.48
WRK-08186,0.4187,95.28,0,0.8798,0,0.2574,1.0,0.8864,10.84,3.0,0.2687,9.29
WRK-08187,0.7837,79.64,1,0.7964,0,0.05,1.0,0.6178,0.88,3.0,0.1091,8.54
WRK-08188,0.4913,45.54,0,0.8844,0,0.6429,0.3997,0.7574,0.47,1.0,0.2129,7.75
WRK-08189,0.4384,37.94,0,0.8905,0,0.4336,0.6819,0.5274,4.49,0.0,0.2788,7.2
WRK-08190,0.6137,49.75,0,0.8559,0,0.5935,0.4204,0.8544,1.04,2.0,0.012,7.75
WRK-08191,0.4364,24.22,0,0.7621,1,0.5582,0.2728,0.718,1.24,3.0,0.1756,0.0
WRK-08192,0.3258,55.77,0,0.9779,0,0.5037,0.5294,0.613,0.49,1.0,0.0345,4.86
WRK-08193,0.6227,10.65,0,0.8471,1,0.9014,0.6626,0.8555,0.26,1.0,0.2164,6.05
WRK-08194,0.6627,96.4,0,1.0,0,0.3187,1.0,0.7126,1.21,4.0,0.1876,9.97
WRK-08195,0.5878,34.96,1,0.7263,0,0.3567,0.8082,0.8286,7.49,4.0,0.1428,10.01
WRK-08196,0.6146,106.15,1,1.0,1,0.1612,1.0,0.3982,1.21,5.0,0.2601,24.39
WRK-08197,0.3692,100.6,0,1.0,0,0.2076,1.0,0.7213,0.01,0.0,0.2298,8.37
WRK-08198,0.3051,130.9,1,0.9577,0,0.1823,1.0,0.1755,61.33,8.5,1.0,27.32
WRK-08199,0.6282,90.37,0,1.0,0,0.7208,0.213,0.8455,1.13,0.0,0.1789,7.31
WRK-08200,0.2782,22.31,0,0.5689,1,0.2814,1.0,0.9214,2.62,1.0,0.3611,3.37
WRK-08201,0.7046,59.05,0,0.8616,0,0.685,0.099,0.8655,0.35,0.0,0.1038,4.22
WRK-08202,0.443,97.13,0,1.0,0,0.1272,1.0,0.1097,28.32,6.7,0.8768,22.02
WRK-08203,0.6648,202.05,0,1.0,1,0.2991,0.8775,0.7616,0.4,6.0,0.3253,19.03
WRK-08204,0.4124,57.0,1,0.7032,0,0.6559,0.2381,0.8388,5.42,2.0,0.3195,10.85
WRK-08205,0.7109,84.68,0,0.8525,0,0.5506,0.4713,0.7784,2.53,4.0,0.0728,10.47
WRK-08206,0.69,104.85,1,1.0,1,0.1996,1.0,0.6376,1.54,1.0,0.4675,20.81
WRK-08207,0.6525,113.17,1,1.0,0,0.1189,1.0,0.6247,0.0,7.0,0.5797,23.27
WRK-08208,0.4947,60.09,0,1.0,0,0.4024,0.8733,0.7309,0.11,0.0,0.2535,2.95
WRK-08209,0.4989,78.58,1,1.0,1,0.5302,0.6934,0.775,9.28,3.0,0.0181,8.16
WRK-08210,0.1857,25.36,0,0.4442,0,0.8001,0.419,0.3269,52.33,3.5,0.9309,23.41
WRK-08211,0.4517,33.31,0,0.663,0,0.905,0.7126,0.9168,1.16,2.0,0.0612,3.96
WRK-08212,0.732,99.55,0,1.0,0,0.3802,0.771,0.9075,2.16,0.0,0.2371,8.81
WRK-08213,0.4251,16.07,0,0.6466,0,0.6183,0.0902,0.8113,0.58,2.0,0.2913,0.0
WRK-08214,0.2971,61.1,0,0.818,0,0.7897,0.4532,0.3131,80.61,4.2,0.9583,16.89
WRK-08215,0.6947,146.93,1,1.0,1,0.5402,0.3522,0.7124,1.82,4.0,0.2909,21.34
WRK-08216,0.3127,55.54,0,0.5508,0,0.7584,0.4633,0.4055,0.96,0.0,0.3891,2.38
WRK-08217,0.7096,84.56,1,0.8877,1,0.05,1.0,0.6767,2.06,3.0,0.3618,22.3
WRK-08218,0.2676,44.59,0,0.6046,0,0.5133,0.4247,0.63,1.13,0.0,0.3601,0.0
WRK-08219,0.6057,76.9,0,0.8534,0,0.7712,0.3514,0.4452,0.79,3.0,0.0342,5.8
WRK-08220,0.6927,106.28,1,1.0,0,0.4673,0.7115,0.9227,0.36,5.0,0.4255,16.05
WRK-08221,0.4297,63.54,0,1.0,0,0.7974,0.3796,0.832,1.19,1.0,0.1485,2.07
WRK-08222,0.4057,100.12,1,1.0,0,0.4889,0.7456,0.7166,7.39,8.0,0.2922,22.75
WRK-08223,0.7225,86.14,0,0.8849,0,0.2691,1.0,0.8061,0.01,2.0,0.3762,13.87
WRK-08224,0.5258,76.13,0,0.7621,0,0.4294,0.5813,0.8319,0.47,0.0,0.0246,2.33
WRK-08225,0.4378,20.99,0,0.4894,0,0.575,0.2128,0.7027,3.88,2.0,0.0654,4.54
WRK-08226,0.5179,50.45,0,0.742,0,0.3896,0.8873,0.8268,1.71,1.0,0.1256,2.9
WRK-08227,0.6315,96.16,1,1.0,1,0.3974,0.6666,0.6149,0.14,8.0,0.1139,17.37
WRK-08228,0.6336,84.49,0,1.0,0,0.4558,0.5376,0.5494,0.87,0.0,0.2447,6.4
WRK-08229,0.4282,67.01,0,1.0,0,0.3406,0.8329,0.6362,0.8,2.0,0.3417,5.26
WRK-08230,0.4634,50.21,0,0.7482,0,0.4658,0.5941,0.8403,0.51,1.0,0.1645,5.5
WRK-08231,0.4378,109.85,0,1.0,0,0.7807,0.6696,0.7313,0.89,1.0,0.0783,12.91
WRK-08232,0.4454,68.74,0,0.9374,0,0.6501,0.0456,0.8067,6.55,1.0,0.1428,5.46
WRK-08233,0.498,64.76,0,0.8453,0,0.6085,0.5264,0.7995,3.27,1.0,0.0853,4.74
WRK-08234,0.7448,81.93,0,0.9882,0,0.6885,0.2491,0.4549,0.53,3.0,0.0415,8.46
WRK-08235,0.5119,79.6,1,1.0,0,0.6014,0.2309,0.6524,4.33,1.0,0.3822,13.96
WRK-08236,0.5935,65.87,0,0.7961,0,0.8597,0.6347,0.8084,5.62,3.0,0.2575,1.5
WRK-08237,0.3236,14.64,0,0.5775,0,0.4349,0.7265,0.8936,0.24,0.0,0.0153,3.84
WRK-08238,0.333,59.93,0,1.0,1,0.2285,1.0,0.7142,0.49,2.0,0.0421,5.49
WRK-08239,0.7072,159.52,0,1.0,0,0.8117,0.4473,0.8379,4.27,1.0,0.0315,14.69
WRK-08240,0.6183,69.77,1,0.8023,0,0.05,1.0,0.7178,1.07,3.0,0.1637,11.76
WRK-08241,0.3781,40.1,0,0.8193,0,0.4264,0.6405,0.8583,4.66,0.0,0.3152,3.9
WRK-08242,0.2384,15.79,0,0.5121,0,0.3319,1.0,0.9015,2.99,1.0,0.3759,0.0
WRK-08243,0.5781,95.59,1,1.0,0,0.0729,1.0,0.6349,0.21,5.0,0.1081,16.4
WRK-08244,0.3298,57.91,0,0.8366,0,0.4828,0.476,0.7034,1.7,1.0,0.2399,1.35
WRK-08245,0.6153,81.88,0,0.9287,0,0.3473,0.8311,0.6841,4.01,0.0,0.0367,10.34
WRK-08246,0.3484,20.12,0,0.5632,0,0.3912,0.9147,0.5243,3.11,0.0,0.2233,1.01
WRK-08247,0.6872,93.57,0,0.9709,0,0.5973,0.1587,0.8605,0.29,0.0,0.3283,6.68
WRK-08248,0.7792,80.13,1,0.8225,0,0.7938,0.4432,0.7978,1.08,4.0,0.058,23.61
WRK-08249,0.7342,101.94,0,0.8329,0,0.3396,0.7893,0.8895,2.69,1.0,0.0835,11.43
WRK-08250,0.2502,33.36,0,0.5416,0,0.8463,0.5243,0.8845,4.12,1.0,0.0165,0.0
WRK-08251,0.6986,64.15,1,1.0,0,0.0836,1.0,0.6729,0.76,2.0,0.2791,20.88
WRK-08252,0.5589,46.43,0,0.8433,0,0.8036,0.598,0.8433,2.74,2.0,0.3944,5.02
WRK-08253,0.7122,106.3,1,1.0,0,0.0793,1.0,0.8498,1.64,3.0,0.2959,24.0
WRK-08254,0.6482,85.14,0,0.8494,0,0.9084,1.0,0.276,43.88,8.6,0.6791,29.65
WRK-08255,0.4664,73.95,0,0.9292,0,0.1547,1.0,0.7469,3.16,0.0,0.2239,3.19
WRK-08256,0.6246,81.16,1,0.8694,0,0.12,1.0,0.7169,1.02,3.0,0.3308,15.02
WRK-08257,0.6354,163.91,1,1.0,0,0.4716,0.4561,0.7085,3.33,4.0,0.4903,17.92
WRK-08258,0.5447,89.87,0,0.8589,0,0.6282,0.1223,0.7005,0.12,3.0,0.236,9.85
WRK-08259,0.5937,167.26,0,1.0,0,0.4808,0.6377,0.7967,0.14,3.0,0.0104,6.72
WRK-08260,0.2976,21.81,0,0.6007,0,0.4999,0.4706,0.7615,0.66,0.0,0.0559,1.24
WRK-08261,0.3951,32.71,0,0.6356,0,0.6466,0.0462,0.7946,1.38,0.0,0.2568,0.57
WRK-08262,0.3096,81.47,1,0.5638,0,0.7226,0.1844,0.6886,0.6,2.0,0.2995,15.79
WRK-08263,0.3122,72.69,1,0.9263,0,0.4086,0.7213,0.7007,1.83,4.0,0.3257,12.76
WRK-08264,0.3724,54.23,0,0.6571,0,0.3769,0.9872,0.4842,2.35,2.0,0.3372,0.9
WRK-08265,0.8359,120.6,1,1.0,0,0.5782,0.8201,0.7073,2.5,4.0,0.4216,13.34
WRK-08266,0.6769,92.29,0,0.8658,0,0.6492,0.1899,0.7913,0.9,2.0,0.3105,9.85
WRK-08267,0.5643,22.15,0,0.9337,1,0.6904,0.1815,0.8034,2.19,1.0,0.1788,5.92
WRK-08268,0.4796,164.13,0,1.0,0,0.2651,1.0,0.7305,2.21,2.0,0.0897,16.11
WRK-08269,0.5851,29.49,0,0.7167,0,0.4022,0.7088,0.8384,0.46,0.0,0.2964,3.88
WRK-08270,0.6575,64.71,1,0.8778,0,0.2945,1.0,0.8742,1.69,5.0,0.0435,15.45
WRK-08271,0.4268,56.58,1,0.9532,0,0.4179,0.7161,0.4253,2.63,3.0,0.0419,15.38
WRK-08272,0.7344,111.86,1,1.0,0,0.2228,1.0,0.5756,0.69,7.0,0.3291,20.65
WRK-08273,0.7336,160.95,1,1.0,0,0.4269,0.6587,0.2637,44.06,6.2,1.0,39.72
WRK-08274,0.5652,104.43,0,0.8877,0,0.2285,1.0,0.0979,19.96,3.1,0.6201,23.49
WRK-08275,0.7465,132.56,1,1.0,0,0.5032,0.5013,0.4132,1.62,3.0,0.2527,17.42
WRK-08276,0.5458,58.64,0,0.7714,0,0.3775,0.775,0.8385,0.97,1.0,0.2632,4.61
WRK-08277,0.4318,39.49,0,0.6182,0,0.9325,0.9322,0.6953,2.34,1.0,0.223,7.93
WRK-08278,0.3306,81.63,0,0.6381,0,0.7968,0.4106,0.8796,0.21,1.0,0.0306,8.44
WRK-08279,0.5358,18.14,0,0.827,1,0.8851,0.7367,0.8665,1.14,1.0,0.1313,7.14
WRK-08280,0.5184,92.83,0,0.856,0,0.5239,0.5201,0.8585,0.04,1.0,0.3423,6.7
WRK-08281,0.3019,40.3,0,0.6537,0,0.5254,0.5959,0.4881,1.97,2.0,0.3355,1.6
WRK-08282,0.7263,74.95,1,0.9345,0,0.5471,0.352,0.6833,1.75,5.0,0.3385,12.84
WRK-08283,0.6658,123.93,1,1.0,0,0.4134,0.7793,0.7749,1.87,3.0,0.4839,23.7
WRK-08284,0.6694,179.89,0,1.0,0,0.5379,0.368,0.7839,0.75,0.0,0.2289,11.3
WRK-08285,0.4049,56.09,0,0.8213,0,0.6459,0.0492,0.5431,0.3,1.0,0.1833,6.03
WRK-08286,0.6746,91.97,1,1.0,0,0.3462,0.9696,0.7476,0.55,4.0,0.1791,23.78
WRK-08287,0.8418,99.64,1,0.9856,0,0.4376,0.6822,0.7974,0.78,2.0,0.0317,18.38
WRK-08288,0.5673,72.97,0,0.816,0,0.997,0.8962,0.9145,4.32,3.0,0.1006,6.5
WRK-08289,0.6888,120.94,0,1.0,1,0.5249,1.0,0.9104,2.43,1.0,0.3739,8.25
WRK-08290,0.8185,104.42,0,0.837,0,0.8944,0.7338,0.7056,0.61,0.0,0.1217,9.73
WRK-08291,0.7348,115.7,1,1.0,0,0.3966,0.6439,0.8218,0.12,5.0,0.4723,21.59
WRK-08292,0.3735,89.94,0,1.0,0,0.7542,0.2826,0.6415,0.06,1.0,0.2331,9.11
WRK-08293,0.6175,96.05,1,1.0,0,0.6183,0.0963,0.42,0.39,1.0,0.1482,15.76
WRK-08294,0.6599,123.13,1,1.0,1,0.3501,0.7584,0.918,0.27,0.0,0.139,17.56
WRK-08295,0.7326,87.4,1,1.0,1,0.4614,0.5113,0.6847,0.97,5.0,0.0296,15.66
WRK-08296,0.4181,46.84,1,0.8089,0,0.4422,0.5989,0.6319,0.88,1.0,0.1994,11.89
WRK-08297,0.3483,71.11,0,0.7918,1,0.7668,0.486,0.8066,0.47,0.0,0.1798,3.07
WRK-08298,0.6102,89.67,0,0.8426,0,0.4975,0.5161,0.5079,3.2,3.0,0.2128,10.87
WRK-08299,0.6551,196.88,1,1.0,0,0.5819,0.1819,0.9121,4.05,3.0,0.4943,13.81
WRK-08300,0.6655,91.01,0,0.9303,0,0.2257,1.0,0.8319,1.8,2.0,0.3266,8.71
WRK-08301,0.5388,0.0,0,0.4144,0,0.4189,1.0,0.3328,62.39,7.7,0.9486,20.96
WRK-08302,0.4753,17.99,0,0.8155,0,0.601,0.2314,0.6442,0.03,1.0,0.3027,7.75
WRK-08303,0.6018,107.7,1,0.9411,0,0.4367,0.6588,0.7135,0.84,4.0,0.1479,20.13
WRK-08304,0.5593,69.15,0,0.8736,0,0.4289,1.0,0.7762,1.54,1.0,0.2166,8.25
WRK-08305,0.5308,49.64,1,0.9956,0,0.383,0.7583,0.3131,58.75,10.0,0.937,20.27
WRK-08306,0.6767,111.36,1,1.0,0,0.5887,0.2672,0.5775,0.85,2.0,0.2851,17.29
WRK-08307,0.6083,76.04,0,0.8347,1,0.8626,0.7442,0.377,5.08,0.0,0.205,6.33
WRK-08308,0.651,89.6,1,0.9335,0,0.559,0.4059,0.6797,2.56,2.0,0.0488,22.14
WRK-08309,0.3367,54.14,0,0.748,0,0.3663,0.8408,0.8239,10.39,0.0,0.0857,3.33
WRK-08310,0.6737,80.84,0,0.8457,0,0.3308,1.0,0.5086,0.1,1.0,0.33,9.84
WRK-08311,0.9348,124.61,1,1.0,0,0.2593,1.0,0.6955,0.8,2.0,0.4496,26.62
WRK-08312,0.7641,137.93,1,1.0,0,0.5058,0.4495,0.9004,1.65,4.0,0.4788,16.88
WRK-08313,0.6726,77.41,0,0.9595,0,0.567,0.3585,0.7931,2.2,0.0,0.0727,2.88
WRK-08314,0.3268,18.94,0,0.4681,0,0.5046,0.5688,0.7089,1.12,0.0,0.3115,0.86
WRK-08315,0.6125,93.44,1,0.9972,1,0.6026,0.4264,0.929,0.12,4.0,0.2603,15.26
WRK-08316,0.7787,120.16,0,1.0,1,0.6656,0.4737,0.7827,0.24,0.0,0.2854,8.98
WRK-08317,0.4543,44.43,0,0.6744,0,0.8543,0.687,0.5283,0.96,2.0,0.1283,2.13
WRK-08318,0.6427,71.06,0,0.8647,0,0.1833,1.0,0.7643,4.0,0.0,0.2169,4.9
WRK-08319,0.6471,35.24,0,0.8272,0,0.8455,0.4923,0.6637,0.97,0.0,0.0479,3.35
WRK-08320,0.5517,21.11,1,0.8282,0,0.3561,0.7475,0.7006,3.28,4.0,0.1652,18.01
WRK-08321,0.462,54.65,0,0.5096,0,0.4393,0.5679,0.0523,35.66,4.1,0.7631,12.24
WRK-08322,0.6737,81.92,0,0.9984,0,0.1671,1.0,0.4487,2.62,1.0,0.2956,12.37
WRK-08323,0.3858,24.38,0,0.7409,0,0.7076,0.1656,0.75,0.54,1.0,0.3016,1.39
WRK-08324,0.4036,52.34,0,0.9628,0,0.6035,0.926,0.6832,0.32,1.0,0.2292,7.4
WRK-08325,0.6384,83.22,0,0.9658,0,0.3461,1.0,0.2683,71.68,10.9,0.8141,27.87
WRK-08326,0.5174,60.55,0,0.9161,0,0.3535,0.9731,0.5452,0.38,1.0,0.2121,3.52
WRK-08327,0.4393,75.97,0,1.0,1,0.3805,0.6854,0.5921,0.38,0.0,0.2397,4.29
WRK-08328,0.7152,124.67,1,1.0,0,0.05,1.0,0.9187,5.88,8.0,0.3754,18.65
WRK-08329,0.4634,44.14,0,1.0,0,0.8226,0.6074,0.8058,5.9,2.0,0.1835,5.73
WRK-08330,0.4624,67.17,0,0.9144,0,0.7028,0.218,0.7464,4.65,1.0,0.2073,2.93
WRK-08331,0.745,128.2,1,1.0,0,0.0621,1.0,0.2721,133.65,15.0,0.8969,38.47
WRK-08332,0.4538,36.22,0,0.8257,0,0.9106,0.7485,0.1531,90.65,7.1,0.9469,19.72
WRK-08333,0.3821,25.79,0,0.6989,0,0.7928,0.3623,0.8887,0.35,0.0,0.1671,0.47
WRK-08334,0.7945,96.61,0,1.0,0,0.3628,0.8728,0.9236,0.35,1.0,0.1326,10.43
WRK-08335,0.2793,45.75,0,0.6937,0,0.815,0.46,0.8683,1.68,1.0,0.029,0.39
WRK-08336,0.5943,61.76,0,0.6255,1,0.4553,0.5561,0.7223,5.84,0.0,0.351,3.18
WRK-08337,0.6744,91.95,1,0.7695,0,0.3417,0.9092,0.5465,0.2,1.0,0.2978,12.44
WRK-08338,0.8207,110.01,1,1.0,1,0.4855,0.4516,0.6307,1.49,4.0,0.6047,19.84
WRK-08339,0.3462,38.43,0,0.7272,1,0.9805,1.0,0.8313,1.11,0.0,0.0375,1.1
WRK-08340,0.7196,73.95,0,0.9002,0,0.3786,0.7549,0.5802,0.33,1.0,0.0462,8.47
WRK-08341,0.4008,13.16,0,0.4401,0,0.7929,0.3773,0.665,3.69,1.0,0.298,3.03
WRK-08342,0.3328,12.78,0,0.5051,0,0.8382,0.5306,0.812,0.61,1.0,0.1414,2.48
WRK-08343,0.5629,46.33,0,0.9346,0,0.7468,0.4941,0.7717,1.94,1.0,0.1953,8.01
WRK-08344,0.3642,40.46,0,0.5607,0,0.2922,1.0,0.6252,3.13,0.0,0.1636,4.55
WRK-08345,0.4514,57.12,0,0.9649,0,0.2732,1.0,0.7199,0.93,0.0,0.0199,4.35
WRK-08346,0.2471,13.09,0,0.5693,0,0.4208,0.7814,0.685,1.68,1.0,0.3001,1.45
WRK-08347,0.478,75.63,0,1.0,1,0.1706,1.0,0.7438,1.92,0.0,0.1941,6.6
WRK-08348,0.5519,68.55,0,1.0,0,0.7628,0.4152,0.4985,0.16,0.0,0.2933,6.55
WRK-08349,0.4046,37.75,0,0.7418,1,0.3646,0.8025,0.5533,0.82,1.0,0.3361,7.76
WRK-08350,0.5372,91.59,1,0.9508,0,0.5531,0.3001,0.1957,67.15,7.4,0.6301,28.53
WRK-08351,0.5964,19.84,0,0.6661,0,0.4582,0.5411,0.842,5.19,1.0,0.1605,3.13
WRK-08352,0.6452,60.5,0,1.0,1,0.1772,1.0,0.1371,64.18,7.6,0.8208,21.92
WRK-08353,0.4298,69.12,0,1.0,0,0.3686,0.8567,0.805,3.12,0.0,0.3147,3.78
WRK-08354,0.6111,85.73,0,0.9737,1,0.6496,0.3642,0.8362,2.93,2.0,0.384,7.46
WRK-08355,0.5324,107.91,0,1.0,0,0.2835,0.9754,0.9098,0.85,2.0,0.3298,12.5
WRK-08356,0.3586,17.36,0,0.6152,0,0.901,0.6409,0.8128,1.04,2.0,0.1605,3.77
WRK-08357,0.3917,23.02,0,0.6118,0,0.4031,0.731,0.7312,0.54,0.0,0.3954,0.42
WRK-08358,0.5372,56.14,0,0.6967,0,1.0,0.8873,0.8644,3.1,0.0,0.0864,5.3
WRK-08359,0.4423,35.18,0,0.7841,0,0.2203,1.0,0.6286,6.0,2.0,0.2859,2.6
WRK-08360,0.3108,36.21,0,0.4402,0,0.7595,0.2889,0.74,1.56,2.0,0.3341,0.7
WRK-08361,0.4349,17.77,0,0.7501,1,0.6555,0.0299,0.1508,54.96,7.9,0.6321,25.21
WRK-08362,0.3835,48.14,0,0.7303,0,0.7571,0.3179,0.6495,1.12,0.0,0.38,1.53
WRK-08363,0.5149,69.5,0,0.8043,1,0.7533,0.3097,0.9054,0.14,2.0,0.0826,1.38
WRK-08364,0.5324,35.48,0,0.9124,0,0.3704,0.9599,0.8029,0.5,0.0,0.3785,7.91
WRK-08365,0.4234,19.47,0,0.4468,0,0.3033,0.9554,0.932,3.21,0.0,0.0785,4.94
WRK-08366,0.3855,39.36,0,0.6477,0,0.5383,0.3517,0.7423,3.76,1.0,0.3724,0.0
WRK-08367,0.5374,43.94,0,1.0,0,0.4741,0.4446,0.5154,1.55,1.0,0.2025,6.36
WRK-08368,0.5522,96.42,0,0.8198,1,0.8509,0.6597,0.8402,0.39,3.0,0.145,10.31
WRK-08369,0.8083,123.19,1,1.0,0,0.1033,1.0,0.5949,1.77,1.0,0.3239,19.34
WRK-08370,0.291,0.0,0,0.4575,0,0.6176,0.2414,0.8022,3.67,0.0,0.0307,2.21
WRK-08371,0.4435,16.08,0,0.5773,0,0.5286,0.4961,0.7463,4.6,1.0,0.2786,0.38
WRK-08372,0.4282,96.21,0,0.9201,0,0.65,0.029,0.846,0.7,0.0,0.3147,6.54
WRK-08373,0.3907,75.69,0,0.7849,0,0.3856,0.7712,0.264,64.4,5.8,0.7186,14.16
WRK-08374,0.7007,92.79,0,1.0,0,0.4716,0.563,0.4295,7.78,0.0,0.1633,10.65
WRK-08375,0.4004,1.62,0,0.5099,0,0.5953,0.1656,0.8912,0.19,1.0,0.3639,3.4
WRK-08376,0.5866,25.21,0,0.8125,0,0.7373,0.3063,0.2539,68.78,7.1,0.6896,24.25
WRK-08377,0.6347,27.48,1,0.8298,1,0.5112,0.4755,0.1184,62.59,8.5,0.9789,34.44
WRK-08378,0.8326,96.83,0,1.0,0,0.5093,0.8036,0.8266,2.94,3.0,0.3189,12.6
WRK-08379,0.4065,17.27,0,0.4556,0,1.0,0.9352,0.6622,0.4,0.0,0.3062,4.79
WRK-08380,0.8171,67.92,0,0.8811,1,0.5234,0.4077,0.7816,0.61,0.0,0.3392,4.56
WRK-08381,0.5574,23.36,0,0.7447,0,0.8086,0.5879,0.7341,2.39,3.0,0.0124,5.63
WRK-08382,0.8062,127.05,1,1.0,1,0.3406,0.8438,0.2976,25.44,8.7,0.9123,43.14
WRK-08383,0.7143,85.51,0,0.9137,0,0.6037,0.148,0.7895,1.29,0.0,0.1097,6.1
WRK-08384,0.3561,41.04,0,0.5717,0,0.9348,0.7658,0.7471,4.73,0.0,0.2511,1.2
WRK-08385,0.3945,20.14,0,0.5419,0,1.0,0.9309,0.5449,1.76,0.0,0.0903,4.24
WRK-08386,0.6903,128.01,1,0.9673,1,0.0698,1.0,0.5321,1.6,4.0,0.5701,25.06
WRK-08387,0.6474,90.06,0,0.9195,0,0.5682,0.2858,0.6937,1.43,4.0,0.2638,11.31
WRK-08388,0.483,50.45,0,0.8006,0,0.3537,0.7455,0.6783,0.49,1.0,0.388,2.82
WRK-08389,0.4492,25.08,0,0.6841,0,0.3038,0.976,0.8101,0.52,2.0,0.1677,0.21
WRK-08390,0.4781,75.76,1,1.0,0,0.5536,0.4453,0.1282,67.44,7.3,0.6851,27.9
WRK-08391,0.1445,8.14,0,0.516,1,1.0,0.9249,0.6638,5.86,0.0,0.3559,4.84
WRK-08392,0.7843,114.64,1,1.0,0,0.4589,0.6255,0.6997,0.28,3.0,0.5622,18.91
WRK-08393,0.3562,21.7,0,0.6298,1,0.6593,0.3133,0.7374,0.01,0.0,0.0408,0.93
WRK-08394,0.6541,93.39,0,1.0,0,0.7037,0.2131,0.7191,6.0,1.0,0.155,5.88
WRK-08395,0.6301,102.21,0,1.0,0,0.8304,0.5098,0.2945,16.83,8.8,0.911,30.71
WRK-08396,0.3531,28.98,0,0.7077,0,1.0,0.9226,0.8075,3.4,2.0,0.1086,2.11
WRK-08397,0.355,42.81,0,0.5911,0,0.8417,0.536,0.7522,8.27,0.0,0.0269,0.97
WRK-08398,0.491,33.46,0,0.9448,0,0.4955,0.387,0.8501,0.05,2.0,0.093,5.42
WRK-08399,0.3254,0.11,0,0.4507,0,0.4034,0.655,0.7335,2.36,1.0,0.3474,3.4
WRK-08400,0.7624,110.33,1,1.0,0,0.05,1.0,0.8389,0.65,3.0,0.3286,24.85
WRK-08401,0.5624,39.66,0,0.6462,1,0.2956,1.0,0.5595,8.56,0.0,0.2888,2.36
WRK-08402,0.6156,43.21,0,0.8176,0,0.5057,0.6815,0.1348,40.89,8.0,0.7319,24.21
WRK-08403,0.8098,88.71,0,1.0,0,0.1876,1.0,0.0635,111.92,11.5,0.9577,24.33
WRK-08404,0.4198,78.26,0,0.9329,0,0.6055,0.2676,0.6978,3.81,4.0,0.177,3.14
WRK-08405,0.4584,47.44,0,0.5734,0,0.8906,0.6599,0.7706,1.56,1.0,0.1843,3.45
WRK-08406,0.7541,91.57,0,1.0,0,0.7189,0.2285,0.9272,0.79,3.0,0.3366,8.54
WRK-08407,0.6672,61.57,1,0.8978,0,0.05,1.0,0.7633,1.49,3.0,0.2961,15.41
WRK-08408,0.6159,175.74,1,1.0,0,0.0978,1.0,0.8149,0.03,6.0,0.5557,22.08
WRK-08409,0.7884,140.63,0,1.0,0,0.7904,0.8223,0.7264,4.22,3.0,0.0652,14.0
WRK-08410,0.4872,32.76,0,0.6343,0,0.916,0.955,0.8299,0.4,1.0,0.1893,4.55
WRK-08411,0.3854,20.22,0,0.5044,0,0.9917,0.8772,0.6881,1.48,1.0,0.0662,4.15
WRK-08412,0.3544,79.56,0,0.7095,0,0.9495,0.8191,0.8201,0.83,1.0,0.1779,2.84
WRK-08413,0.5264,36.24,0,1.0,0,0.2591,1.0,0.8623,0.75,0.0,0.3896,6.6
WRK-08414,0.4347,35.52,0,0.9621,0,0.7374,0.2969,0.8665,0.4,0.0,0.1454,5.69
WRK-08415,0.406,80.44,0,0.6331,0,0.4146,0.6329,0.7622,1.51,1.0,0.3533,6.26
WRK-08416,0.7404,78.38,1,1.0,0,0.0805,1.0,0.7469,2.94,4.0,0.026,13.89
WRK-08417,0.6283,89.41,1,0.8793,0,0.2917,1.0,0.618,3.13,6.0,0.3919,22.96
WRK-08418,0.6993,78.76,1,0.8456,1,0.639,0.4284,0.7503,0.89,1.0,0.2018,14.37
WRK-08419,0.4334,68.31,0,0.6551,0,0.7451,0.323,0.6937,0.03,3.0,0.3121,1.33
WRK-08420,0.5705,34.32,0,0.6929,0,0.4497,0.7298,0.6976,1.47,0.0,0.157,2.44
WRK-08421,0.3539,47.84,0,0.7399,0,0.9351,0.7128,0.2477,19.93,6.9,0.7902,21.87
WRK-08422,0.3797,70.02,0,0.9117,0,0.3044,0.9785,0.7729,3.28,1.0,0.0526,3.92
WRK-08423,0.5828,49.84,0,0.8254,0,0.7869,0.5763,0.6962,6.24,0.0,0.319,3.56
WRK-08424,0.6063,62.67,1,1.0,0,0.3997,0.6974,0.5822,0.88,2.0,0.2542,11.42
WRK-08425,0.6982,105.33,0,1.0,1,0.194,1.0,0.7836,1.86,2.0,0.2101,14.97
WRK-08426,0.7241,73.9,0,0.9294,0,0.4482,0.6919,0.797,1.18,2.0,0.1398,7.6
WRK-08427,0.5503,95.59,0,1.0,1,0.2936,0.9163,0.6591,0.22,4.0,0.2771,7.21
WRK-08428,0.7043,109.24,1,1.0,1,0.4403,0.7962,0.6338,1.33,2.0,0.365,17.38
WRK-08429,0.7419,77.43,0,1.0,1,0.6456,0.2312,0.5223,0.53,3.0,0.1496,8.91
WRK-08430,0.7462,95.84,0,0.8957,0,0.3688,0.9153,0.7902,0.16,1.0,0.0645,8.01
WRK-08431,0.8304,162.77,1,1.0,0,0.4174,0.7879,0.6168,0.82,3.0,0.4518,19.76
WRK-08432,0.5867,17.04,1,0.922,0,0.2843,0.9214,0.5458,0.08,5.0,0.132,12.33
WRK-08433,0.9088,102.0,1,1.0,0,0.4097,0.6573,0.8547,1.36,5.0,0.2411,20.53
WRK-08434,0.3508,47.14,1,0.4125,0,0.5731,0.2493,0.8776,0.12,1.0,0.1952,11.06
WRK-08435,0.6499,62.9,0,0.9373,0,0.6839,0.1787,0.0936,47.48,6.2,0.6062,27.17
WRK-08436,0.7815,100.37,1,1.0,0,0.2829,1.0,0.2602,48.42,9.2,0.8548,32.09
WRK-08437,0.6572,41.53,0,0.9195,1,0.647,0.1542,0.0793,71.18,6.8,0.8228,31.39
WRK-08438,0.3544,20.55,0,0.5163,0,0.4217,0.5919,0.6443,1.08,0.0,0.3606,1.79
WRK-08439,0.5476,61.64,0,1.0,1,0.4572,0.5919,0.7121,0.3,1.0,0.1929,4.18
WRK-08440,0.5142,41.01,1,0.6247,0,0.0811,1.0,0.8114,0.99,2.0,0.0344,10.36
WRK-08441,0.593,89.85,0,0.9093,1,0.5035,0.423,0.6289,2.51,2.0,0.0707,10.59
WRK-08442,0.5369,26.74,0,0.8249,1,0.5,0.7798,0.7626,0.37,1.0,0.1863,5.94
WRK-08443,0.3087,66.04,0,0.9975,0,0.7735,0.3823,0.3448,50.62,6.7,0.657,25.24
WRK-08444,0.7057,101.45,1,1.0,0,0.1208,1.0,0.881,14.24,0.0,0.5728,15.61
WRK-08445,0.3347,53.92,0,0.8222,0,0.9269,0.7661,0.5073,1.26,1.0,0.1794,5.34
WRK-08446,0.4626,70.39,0,0.9693,0,0.2946,0.89,0.1707,64.78,9.4,0.6832,20.39
WRK-08447,0.9139,84.24,1,0.9201,0,0.3102,0.9762,0.7261,0.56,0.0,0.2129,21.09
WRK-08448,0.6874,35.83,1,0.7431,0,0.3985,0.8349,0.7087,0.09,3.0,0.095,12.82
WRK-08449,0.3348,91.91,0,0.7355,0,0.992,1.0,0.7756,3.42,1.0,0.2633,6.59
WRK-08450,0.5945,15.93,0,0.8807,0,0.5419,0.3228,0.6317,4.26,0.0,0.1432,7.53
WRK-08451,0.7139,99.8,0,1.0,0,0.3372,0.8359,0.7035,3.91,1.0,0.373,11.43
WRK-08452,0.423,51.22,1,0.7274,0,0.2308,1.0,0.6051,2.81,3.0,0.0497,9.0
WRK-08453,0.4143,93.85,0,0.9782,1,0.6597,0.0525,0.8477,2.07,0.0,0.3453,8.7
WRK-08454,0.6721,102.59,0,0.9559,1,0.7973,0.4108,0.5546,0.38,1.0,0.0518,10.37
WRK-08455,0.2723,31.63,0,0.5761,0,0.9141,0.9447,0.6633,7.71,3.0,0.1504,1.98
WRK-08456,0.4675,24.7,0,0.9575,0,0.4597,0.7401,0.488,2.73,0.0,0.1549,8.2
WRK-08457,0.3938,14.85,0,0.4716,0,0.962,0.8365,0.8079,1.56,0.0,0.3161,1.23
WRK-08458,0.658,100.64,0,1.0,0,0.4181,0.6193,0.6287,0.23,3.0,0.1684,10.29
WRK-08459,0.6233,103.55,1,0.9328,0,0.0798,1.0,0.8388,0.1,4.0,0.3882,16.64
WRK-08460,0.4164,75.32,0,1.0,0,0.3057,0.8806,0.8629,2.6,0.0,0.1011,8.02
WRK-08461,0.3928,51.66,0,0.6643,0,0.7603,0.348,0.6031,1.73,0.0,0.0539,6.37
WRK-08462,0.4509,16.4,0,0.3757,0,0.8994,0.6721,0.7121,0.57,0.0,0.2781,2.67
WRK-08463,0.3939,48.66,1,0.7969,0,0.65,0.153,0.6389,0.44,3.0,0.1876,10.53
WRK-08464,0.8498,104.37,1,1.0,1,0.05,1.0,0.76,2.16,3.0,0.2203,21.9
WRK-08465,0.6243,76.52,0,0.8677,0,0.5125,0.3555,0.8214,0.42,1.0,0.3589,7.86
WRK-08466,0.4154,64.51,0,0.6881,0,0.4308,0.7601,0.7079,2.27,2.0,0.0815,4.56
WRK-08467,0.6517,89.54,1,0.9436,0,0.5711,0.5347,0.6629,0.26,3.0,0.3044,12.65
WRK-08468,0.497,83.71,0,0.9218,0,0.1929,1.0,0.6682,5.31,2.0,0.1259,10.51
WRK-08469,0.3375,89.51,0,0.7966,1,0.9443,0.9889,0.5694,6.57,3.0,0.1395,6.49
WRK-08470,0.8742,131.98,1,1.0,1,0.1929,1.0,0.6608,8.53,1.0,0.416,16.71
WRK-08471,0.5148,80.16,0,0.9625,0,0.5484,0.3101,0.7875,3.32,0.0,0.2078,9.02
WRK-08472,0.6872,36.72,0,0.8527,0,0.7151,0.1912,0.5847,0.33,1.0,0.3877,3.83
WRK-08473,0.6872,84.92,0,0.9778,1,0.8525,0.5321,0.7996,0.68,3.0,0.0955,4.46
WRK-08474,0.7242,92.19,0,0.8859,0,0.6331,0.1209,0.525,1.71,2.0,0.0143,9.29
WRK-08475,0.5568,101.64,1,0.8048,0,0.5685,0.3985,0.8369,0.41,5.0,0.4296,15.37
WRK-08476,0.5186,58.04,1,0.7699,0,0.2654,1.0,0.838,0.92,2.0,0.3866,8.9
WRK-08477,0.6216,61.15,0,0.8363,0,0.4784,0.4778,0.6548,1.14,0.0,0.1461,2.01
WRK-08478,0.698,86.44,0,0.9415,0,0.5742,0.3654,0.6645,7.76,1.0,0.195,8.75
WRK-08479,0.5494,45.38,0,0.7813,1,0.5357,0.3831,0.704,1.65,1.0,0.1388,2.74
WRK-08480,0.329,54.34,0,0.7531,0,0.7895,0.4186,0.9364,0.9,0.0,0.2659,1.04
WRK-08481,0.5695,43.59,0,0.6716,0,0.8878,0.7603,0.8716,7.22,0.0,0.1295,1.6
WRK-08482,0.4809,45.37,0,0.7357,0,0.4857,1.0,0.7761,0.25,1.0,0.2581,5.6
WRK-08483,0.3453,10.36,0,0.5375,0,0.2351,1.0,0.6363,2.9,0.0,0.2686,5.44
WRK-08484,0.3785,26.07,0,0.7203,0,0.5832,0.2966,0.838,1.69,1.0,0.0473,0.6
WRK-08485,0.5321,33.96,0,0.8561,0,0.2906,1.0,0.4992,6.1,3.0,0.2901,7.46
WRK-08486,0.5236,72.48,1,0.8551,0,0.05,1.0,0.6154,2.03,4.0,0.2086,13.88
WRK-08487,0.6468,93.44,0,0.8236,0,0.609,0.1554,0.8025,6.98,5.0,0.3033,11.71
WRK-08488,0.629,77.98,0,0.8771,0,0.4294,0.5967,0.7496,0.36,0.0,0.1421,7.18
WRK-08489,0.564,98.06,0,1.0,0,0.3136,0.9025,0.8074,2.37,1.0,0.1626,11.51
WRK-08490,0.4598,41.18,0,0.6886,0,0.4919,0.4846,0.8843,1.74,1.0,0.2038,2.85
WRK-08491,0.6625,99.67,0,0.8302,0,0.3404,1.0,0.4692,9.01,5.0,0.0396,10.92
WRK-08492,0.4291,56.38,0,0.9742,0,0.8956,0.7735,0.7537,0.92,0.0,0.2495,4.76
WRK-08493,0.654,113.78,1,0.917,0,0.4807,0.4241,0.7125,0.68,4.0,0.3894,16.69
WRK-08494,0.4784,54.45,0,0.8725,0,0.2195,1.0,0.5422,0.61,3.0,0.3244,3.32
WRK-08495,0.4859,58.18,0,1.0,0,0.5289,1.0,0.0977,63.76,4.1,0.7755,19.2
WRK-08496,0.6639,106.47,1,1.0,0,0.379,0.7304,0.6776,1.28,6.0,0.2741,17.74
WRK-08497,0.3901,17.26,0,0.5464,1,0.7153,0.3917,0.7792,0.83,1.0,0.2587,2.35
WRK-08498,0.5459,46.37,0,0.839,1,0.6707,0.0761,0.8498,0.99,0.0,0.0314,6.19
WRK-08499,0.5588,84.46,1,0.9177,1,0.5675,0.2199,0.6548,0.0,4.0,0.118,16.7
WRK-08500,0.4269,55.56,0,0.8061,0,0.9062,0.6513,0.7406,0.59,0.0,0.1433,3.62
